t_ms,a0,a1,a2,a3
0.0000,0.0000000,0.0000000,0.0000000,0.0000000
0.5000,-0.0000000,-0.0000000,0.0000000,-0.0000000
1.0000,0.0002556,0.0001471,-0.0000822,-0.0000489
1.5000,0.0010924,0.0006403,-0.0003610,-0.0002189
2.0000,0.0028766,0.0017193,-0.0009126,-0.0006231
2.5000,0.0055768,0.0034575,-0.0015851,-0.0013876
3.0000,0.0087134,0.0056560,-0.0022137,-0.0025192
3.5000,0.0118833,0.0080074,-0.0028302,-0.0038064
4.0000,0.0148252,0.0102893,-0.0034950,-0.0050149
4.5000,0.0173781,0.0123263,-0.0042064,-0.0059959
5.0000,0.0193966,0.0139167,-0.0048640,-0.0066753
5.5000,0.0207356,0.0149386,-0.0053251,-0.0070613
6.0000,0.0214229,0.0154602,-0.0055488,-0.0072351
6.5000,0.0216409,0.0156420,-0.0056016,-0.0072825
7.0000,0.0215786,0.0156202,-0.0055671,-0.0072572
7.5000,0.0213671,0.0154841,-0.0054968,-0.0071894
8.0000,0.0210831,0.0152889,-0.0054141,-0.0070980
8.5000,0.0207673,0.0150658,-0.0053279,-0.0069947
9.0000,0.0204396,0.0148313,-0.0052413,-0.0068862
9.5000,0.0201095,0.0145934,-0.0051555,-0.0067761
10.0000,0.0197811,0.0143559,-0.0050707,-0.0066661
10.5000,0.0194562,0.0141207,-0.0049871,-0.0065570
11.0000,0.0191359,0.0138884,-0.0049049,-0.0064493
11.5000,0.0188204,0.0136596,-0.0048240,-0.0063431
12.0000,0.0185098,0.0134342,-0.0047443,-0.0062385
12.5000,0.0182042,0.0132125,-0.0046660,-0.0061355
13.0000,0.0179035,0.0129943,-0.0045889,-0.0060342
13.5000,0.0176077,0.0127796,-0.0045131,-0.0059345
14.0000,0.0173169,0.0125685,-0.0044386,-0.0058365
14.5000,0.0170308,0.0123608,-0.0043653,-0.0057401
15.0000,0.0167493,0.0121566,-0.0042931,-0.0056452
15.5000,0.0164726,0.0119558,-0.0042222,-0.0055520
16.0000,0.0162004,0.0117582,-0.0041525,-0.0054602
16.5000,0.0159327,0.0115639,-0.0040838,-0.0053700
17.0000,0.0156694,0.0113728,-0.0040164,-0.0052813
17.5000,0.0154105,0.0111849,-0.0039500,-0.0051940
18.0000,0.0151558,0.0110000,-0.0038848,-0.0051082
18.5000,0.0149054,0.0108183,-0.0038206,-0.0050237
19.0000,0.0146592,0.0106395,-0.0037575,-0.0049407
19.5000,0.0144169,0.0104637,-0.0036954,-0.0048591
20.0000,0.0141787,0.0102908,-0.0036344,-0.0047788
20.5000,0.0139444,0.0101207,-0.0035743,-0.0046998
21.0000,0.0137140,0.0099535,-0.0035153,-0.0046221
21.5000,0.0134874,0.0097890,-0.0034572,-0.0045458
22.0000,0.0132645,0.0096272,-0.0034001,-0.0044706
22.5000,0.0130454,0.0094682,-0.0033439,-0.0043968
23.0000,0.0128298,0.0093117,-0.0032888,-0.0043241
23.5000,0.0126178,0.0091578,-0.0032344,-0.0042526
24.0000,0.0124093,0.0090065,-0.0031810,-0.0041824
24.5000,0.0122044,0.0088577,-0.0031285,-0.0041132
25.0000,0.0120027,0.0087113,-0.0030768,-0.0040453
25.5000,0.0118045,0.0085674,-0.0030260,-0.0039784
26.0000,0.0116094,0.0084259,-0.0029760,-0.0039127
26.5000,0.0114177,0.0082867,-0.0029269,-0.0038480
27.0000,0.0112289,0.0081497,-0.0028785,-0.0037845
27.5000,0.0110436,0.0080151,-0.0028311,-0.0037219
28.0000,0.0108611,0.0078827,-0.0027843,-0.0036605
28.5000,0.0106816,0.0077525,-0.0027383,-0.0035999
29.0000,0.0105052,0.0076244,-0.0026932,-0.0035405
29.5000,0.0103318,0.0074985,-0.0026487,-0.0034820
30.0000,0.0101611,0.0073746,-0.0026050,-0.0034245
30.5000,0.0099933,0.0072528,-0.0025620,-0.0033679
31.0000,0.0098282,0.0071330,-0.0025197,-0.0033123
31.5000,0.0096659,0.0070152,-0.0024781,-0.0032575
32.0000,0.0095063,0.0068993,-0.0024373,-0.0032037
32.5000,0.0093493,0.0067853,-0.0023971,-0.0031508
33.0000,0.0091949,0.0066732,-0.0023575,-0.0030988
33.5000,0.0090431,0.0065631,-0.0023186,-0.0030476
34.0000,0.0088939,0.0064547,-0.0022804,-0.0029972
34.5000,0.0087470,0.0063481,-0.0022428,-0.0029477
35.0000,0.0086026,0.0062433,-0.0022058,-0.0028990
35.5000,0.0084605,0.0061402,-0.0021694,-0.0028511
36.0000,0.0083209,0.0060388,-0.0021336,-0.0028040
36.5000,0.0081835,0.0059391,-0.0020984,-0.0027578
37.0000,0.0080485,0.0058410,-0.0020639,-0.0027122
37.5000,0.0079156,0.0057446,-0.0020298,-0.0026674
38.0000,0.0077849,0.0056497,-0.0019964,-0.0026234
38.5000,0.0076564,0.0055565,-0.0019635,-0.0025800
39.0000,0.0075301,0.0054647,-0.0019312,-0.0025374
39.5000,0.0074058,0.0053746,-0.0018993,-0.0024955
40.0000,0.0072835,0.0052858,-0.0018680,-0.0024543
40.5000,0.0071634,0.0051986,-0.0018373,-0.0024138
41.0000,0.0070453,0.0051128,-0.0018070,-0.0023739
41.5000,0.0069290,0.0050284,-0.0017772,-0.0023348
42.0000,0.0068147,0.0049454,-0.0017480,-0.0022962
42.5000,0.0067023,0.0048638,-0.0017192,-0.0022583
43.0000,0.0065918,0.0047836,-0.0016909,-0.0022210
43.5000,0.0064830,0.0047046,-0.0016631,-0.0021844
44.0000,0.0063762,0.0046270,-0.0016357,-0.0021483
44.5000,0.0062710,0.0045506,-0.0016089,-0.0021128
45.0000,0.0061676,0.0044755,-0.0015824,-0.0020780
45.5000,0.0060659,0.0044017,-0.0015564,-0.0020437
46.0000,0.0059659,0.0043291,-0.0015308,-0.0020099
46.5000,0.0058675,0.0042577,-0.0015056,-0.0019768
47.0000,0.0057707,0.0041875,-0.0014808,-0.0019442
47.5000,0.0056758,0.0041185,-0.0014565,-0.0019121
48.0000,0.0055822,0.0040506,-0.0014326,-0.0018805
48.5000,0.0054902,0.0039838,-0.0014091,-0.0018495
49.0000,0.0053998,0.0039181,-0.0013860,-0.0018190
49.5000,0.0053108,0.0038535,-0.0013632,-0.0017890
50.0000,0.0052233,0.0037900,-0.0013408,-0.0017595
50.5000,0.0051373,0.0037275,-0.0013189,-0.0017305
51.0000,0.0050527,0.0036661,-0.0012972,-0.0017019
51.5000,0.0049695,0.0036057,-0.0012759,-0.0016739
52.0000,0.0048877,0.0035463,-0.0012550,-0.0016463
52.5000,0.0048074,0.0034879,-0.0012345,-0.0016191
53.0000,0.0047282,0.0034304,-0.0012143,-0.0015924
53.5000,0.0046504,0.0033739,-0.0011944,-0.0015662
54.0000,0.0045738,0.0033183,-0.0011748,-0.0015403
54.5000,0.0044986,0.0032637,-0.0011556,-0.0015150
55.0000,0.0044247,0.0032100,-0.0011367,-0.0014900
55.5000,0.0043519,0.0031572,-0.0011181,-0.0014655
56.0000,0.0042803,0.0031052,-0.0010998,-0.0014413
56.5000,0.0042100,0.0030540,-0.0010819,-0.0014176
57.0000,0.0041408,0.0030038,-0.0010642,-0.0013942
57.5000,0.0040727,0.0029544,-0.0010468,-0.0013713
58.0000,0.0040059,0.0029058,-0.0010298,-0.0013487
58.5000,0.0039401,0.0028580,-0.0010130,-0.0013265
59.0000,0.0038754,0.0028110,-0.0009965,-0.0013046
59.5000,0.0038117,0.0027648,-0.0009802,-0.0012831
60.0000,0.0037492,0.0027194,-0.0009644,-0.0012620
60.5000,0.0036877,0.0026747,-0.0009486,-0.0012413
61.0000,0.0036272,0.0026308,-0.0009332,-0.0012208
61.5000,0.0035677,0.0025876,-0.0009180,-0.0012008
62.0000,0.0035092,0.0025450,-0.0009031,-0.0011810
62.5000,0.0034518,0.0025033,-0.0008885,-0.0011616
63.0000,0.0033953,0.0024622,-0.0008741,-0.0011425
63.5000,0.0033397,0.0024218,-0.0008600,-0.0011237
64.0000,0.0032850,0.0023820,-0.0008460,-0.0011052
64.5000,0.0032313,0.0023430,-0.0008324,-0.0010870
65.0000,0.0031784,0.0023046,-0.0008189,-0.0010692
65.5000,0.0031264,0.0022668,-0.0008057,-0.0010516
66.0000,0.0030752,0.0022297,-0.0007926,-0.0010343
66.5000,0.0030251,0.0021932,-0.0007799,-0.0010174
67.0000,0.0029756,0.0021573,-0.0007673,-0.0010006
67.5000,0.0029270,0.0021218,-0.0007550,-0.0009842
68.0000,0.0028793,0.0020872,-0.0007428,-0.0009680
68.5000,0.0028323,0.0020531,-0.0007309,-0.0009522
69.0000,0.0027861,0.0020195,-0.0007192,-0.0009365
69.5000,0.0027406,0.0019864,-0.0007076,-0.0009212
70.0000,0.0026960,0.0019540,-0.0006963,-0.0009061
70.5000,0.0026521,0.0019221,-0.0006852,-0.0008912
71.0000,0.0026090,0.0018907,-0.0006743,-0.0008766
71.5000,0.0025664,0.0018598,-0.0006634,-0.0008623
72.0000,0.0025247,0.0018294,-0.0006529,-0.0008481
72.5000,0.0024837,0.0017996,-0.0006425,-0.0008342
73.0000,0.0024434,0.0017703,-0.0006323,-0.0008206
73.5000,0.0024037,0.0017414,-0.0006222,-0.0008071
74.0000,0.0023647,0.0017131,-0.0006124,-0.0007939
74.5000,0.0023264,0.0016852,-0.0006027,-0.0007810
75.0000,0.0022887,0.0016578,-0.0005932,-0.0007682
75.5000,0.0022516,0.0016308,-0.0005838,-0.0007556
76.0000,0.0022152,0.0016043,-0.0005746,-0.0007433
76.5000,0.0021795,0.0015783,-0.0005656,-0.0007312
77.0000,0.0021443,0.0015526,-0.0005567,-0.0007192
77.5000,0.0021097,0.0015275,-0.0005480,-0.0007075
78.0000,0.0020756,0.0015027,-0.0005394,-0.0006960
78.5000,0.0020422,0.0014783,-0.0005310,-0.0006846
79.0000,0.0020093,0.0014544,-0.0005228,-0.0006734
79.5000,0.0019771,0.0014309,-0.0005147,-0.0006625
80.0000,0.0019452,0.0014077,-0.0005066,-0.0006517
80.5000,0.0019140,0.0013850,-0.0004988,-0.0006411
81.0000,0.0018833,0.0013627,-0.0004911,-0.0006307
81.5000,0.0018531,0.0013407,-0.0004835,-0.0006204
82.0000,0.0018235,0.0013191,-0.0004761,-0.0006103
82.5000,0.0017943,0.0012979,-0.0004688,-0.0006005
83.0000,0.0017656,0.0012769,-0.0004616,-0.0005907
83.5000,0.0017375,0.0012564,-0.0004546,-0.0005811
84.0000,0.0017098,0.0012363,-0.0004477,-0.0005717
84.5000,0.0016826,0.0012164,-0.0004409,-0.0005624
85.0000,0.0016558,0.0011969,-0.0004342,-0.0005533
85.5000,0.0016295,0.0011778,-0.0004277,-0.0005444
86.0000,0.0016036,0.0011589,-0.0004213,-0.0005356
86.5000,0.0015783,0.0011404,-0.0004150,-0.0005269
87.0000,0.0015533,0.0011222,-0.0004088,-0.0005184
87.5000,0.0015289,0.0011043,-0.0004027,-0.0005100
88.0000,0.0015047,0.0010867,-0.0003967,-0.0005018
88.5000,0.0014810,0.0010694,-0.0003909,-0.0004937
89.0000,0.0014578,0.0010525,-0.0003852,-0.0004858
89.5000,0.0014350,0.0010358,-0.0003796,-0.0004780
90.0000,0.0014125,0.0010193,-0.0003740,-0.0004703
90.5000,0.0013904,0.0010032,-0.0003686,-0.0004627
91.0000,0.0013689,0.0009875,-0.0003633,-0.0004553
91.5000,0.0013474,0.0009718,-0.0003580,-0.0004480
92.0000,0.0013266,0.0009566,-0.0003530,-0.0004408
92.5000,0.0013059,0.0009415,-0.0003479,-0.0004338
93.0000,0.0012858,0.0009268,-0.0003430,-0.0004269
93.5000,0.0012659,0.0009122,-0.0003382,-0.0004201
94.0000,0.0012463,0.0008979,-0.0003334,-0.0004134
94.5000,0.0012272,0.0008839,-0.0003288,-0.0004068
95.0000,0.0012084,0.0008701,-0.0003242,-0.0004003
95.5000,0.0011899,0.0008565,-0.0003197,-0.0003939
96.0000,0.0011718,0.0008433,-0.0003154,-0.0003877
96.5000,0.0011539,0.0008302,-0.0003111,-0.0003816
97.0000,0.0011364,0.0008174,-0.0003069,-0.0003755
97.5000,0.0011192,0.0008048,-0.0003028,-0.0003696
98.0000,0.0011023,0.0007924,-0.0002988,-0.0003638
98.5000,0.0010859,0.0007803,-0.0002949,-0.0003580
99.0000,0.0010695,0.0007683,-0.0002910,-0.0003524
99.5000,0.0010535,0.0007566,-0.0002872,-0.0003469
100.0000,0.0010378,0.0007450,-0.0002835,-0.0003414
100.5000,0.0010224,0.0007337,-0.0002799,-0.0003361
101.0000,0.0010073,0.0007226,-0.0002763,-0.0003308
101.5000,0.0009924,0.0007117,-0.0002729,-0.0003257
102.0000,0.0009778,0.0007009,-0.0002695,-0.0003206
102.5000,0.0009636,0.0006905,-0.0002661,-0.0003156
103.0000,0.0009497,0.0006801,-0.0002630,-0.0003107
103.5000,0.0009357,0.0006700,-0.0002597,-0.0003059
104.0000,0.0009221,0.0006599,-0.0002566,-0.0003011
104.5000,0.0009090,0.0006502,-0.0002536,-0.0002965
105.0000,0.0008959,0.0006406,-0.0002506,-0.0002919
105.5000,0.0008832,0.0006311,-0.0002478,-0.0002874
106.0000,0.0008706,0.0006219,-0.0002449,-0.0002830
106.5000,0.0008584,0.0006128,-0.0002422,-0.0002787
107.0000,0.0008464,0.0006039,-0.0002395,-0.0002745
107.5000,0.0008346,0.0005952,-0.0002369,-0.0002703
108.0000,0.0008230,0.0005866,-0.0002343,-0.0002662
108.5000,0.0008116,0.0005781,-0.0002319,-0.0002621
109.0000,0.0008004,0.0005699,-0.0002294,-0.0002582
109.5000,0.0007895,0.0005618,-0.0002270,-0.0002543
110.0000,0.0007790,0.0005539,-0.0002248,-0.0002505
110.5000,0.0007682,0.0005459,-0.0002225,-0.0002467
111.0000,0.0007580,0.0005383,-0.0002203,-0.0002430
111.5000,0.0007479,0.0005308,-0.0002182,-0.0002394
112.0000,0.0007380,0.0005235,-0.0002161,-0.0002358
112.5000,0.0007284,0.0005163,-0.0002142,-0.0002324
113.0000,0.0007189,0.0005092,-0.0002122,-0.0002289
113.5000,0.0007097,0.0005023,-0.0002104,-0.0002256
114.0000,0.0007006,0.0004955,-0.0002086,-0.0002222
114.5000,0.0006917,0.0004888,-0.0002068,-0.0002190
115.0000,0.0006829,0.0004822,-0.0002051,-0.0002158
115.5000,0.0006745,0.0004759,-0.0002034,-0.0002127
116.0000,0.0006662,0.0004696,-0.0002018,-0.0002096
116.5000,0.0006580,0.0004635,-0.0002003,-0.0002066
117.0000,0.0006499,0.0004574,-0.0001988,-0.0002037
117.5000,0.0006421,0.0004515,-0.0001974,-0.0002008
118.0000,0.0006346,0.0004457,-0.0001960,-0.0001979
118.5000,0.0006271,0.0004401,-0.0001947,-0.0001951
119.0000,0.0006198,0.0004346,-0.0001934,-0.0001924
119.5000,0.0006127,0.0004292,-0.0001922,-0.0001897
120.0000,0.0006057,0.0004238,-0.0001910,-0.0001871
120.5000,0.0005990,0.0004187,-0.0001899,-0.0001844
121.0000,0.0005924,0.0004136,-0.0001889,-0.0001819
121.5000,0.0005859,0.0004086,-0.0001879,-0.0001794
122.0000,0.0005796,0.0004038,-0.0001869,-0.0001770
122.5000,0.0005735,0.0003991,-0.0001861,-0.0001746
123.0000,0.0005674,0.0003944,-0.0001851,-0.0001723
123.5000,0.0005615,0.0003899,-0.0001843,-0.0001699
124.0000,0.0005559,0.0003855,-0.0001836,-0.0001677
124.5000,0.0005503,0.0003812,-0.0001829,-0.0001655
125.0000,0.0005449,0.0003770,-0.0001822,-0.0001633
125.5000,0.0005396,0.0003728,-0.0001815,-0.0001612
126.0000,0.0005345,0.0003688,-0.0001811,-0.0001591
126.5000,0.0005296,0.0003649,-0.0001805,-0.0001570
127.0000,0.0005247,0.0003611,-0.0001800,-0.0001551
127.5000,0.0005200,0.0003574,-0.0001796,-0.0001531
128.0000,0.0005154,0.0003537,-0.0001792,-0.0001512
128.5000,0.0005110,0.0003502,-0.0001789,-0.0001493
129.0000,0.0005068,0.0003468,-0.0001787,-0.0001475
129.5000,0.0005026,0.0003434,-0.0001785,-0.0001456
130.0000,0.0004985,0.0003401,-0.0001782,-0.0001439
130.5000,0.0004946,0.0003369,-0.0001780,-0.0001421
131.0000,0.0004909,0.0003339,-0.0001780,-0.0001404
131.5000,0.0004874,0.0003310,-0.0001780,-0.0001388
132.0000,0.0004837,0.0003281,-0.0001780,-0.0001372
132.5000,0.0004803,0.0003252,-0.0001780,-0.0001356
133.0000,0.0004771,0.0003225,-0.0001781,-0.0001341
133.5000,0.0004739,0.0003198,-0.0001783,-0.0001325
134.0000,0.0004709,0.0003173,-0.0001785,-0.0001311
134.5000,0.0004680,0.0003148,-0.0001787,-0.0001296
135.0000,0.0004652,0.0003124,-0.0001790,-0.0001282
135.5000,0.0004626,0.0003101,-0.0001793,-0.0001268
136.0000,0.0004601,0.0003078,-0.0001797,-0.0001255
136.5000,0.0004578,0.0003057,-0.0001802,-0.0001242
137.0000,0.0004553,0.0003035,-0.0001806,-0.0001229
137.5000,0.0004531,0.0003015,-0.0001811,-0.0001216
138.0000,0.0004511,0.0002996,-0.0001817,-0.0001204
138.5000,0.0004491,0.0002978,-0.0001823,-0.0001192
139.0000,0.0004473,0.0002960,-0.0001829,-0.0001180
139.5000,0.0004457,0.0002944,-0.0001837,-0.0001169
140.0000,0.0004440,0.0002927,-0.0001844,-0.0001158
140.5000,0.0004425,0.0002911,-0.0001852,-0.0001147
141.0000,0.0004411,0.0002896,-0.0001861,-0.0001137
141.5000,0.0004398,0.0002883,-0.0001870,-0.0001127
142.0000,0.0004386,0.0002870,-0.0001879,-0.0001117
142.5000,0.0004376,0.0002857,-0.0001889,-0.0001107
143.0000,0.0004366,0.0002846,-0.0001899,-0.0001098
143.5000,0.0004358,0.0002834,-0.0001910,-0.0001088
144.0000,0.0004350,0.0002824,-0.0001922,-0.0001080
144.5000,0.0004343,0.0002813,-0.0001933,-0.0001071
145.0000,0.0004338,0.0002805,-0.0001946,-0.0001063
145.5000,0.0004334,0.0002796,-0.0001958,-0.0001055
146.0000,0.0004330,0.0002789,-0.0001971,-0.0001047
146.5000,0.0004329,0.0002782,-0.0001985,-0.0001039
147.0000,0.0004328,0.0002776,-0.0001999,-0.0001032
147.5000,0.0004328,0.0002770,-0.0002014,-0.0001025
148.0000,0.0004329,0.0002765,-0.0002029,-0.0001018
148.5000,0.0004331,0.0002761,-0.0002045,-0.0001011
149.0000,0.0004334,0.0002757,-0.0002061,-0.0001005
149.5000,0.0004338,0.0002755,-0.0002078,-0.0000999
150.0000,0.0004343,0.0002753,-0.0002095,-0.0000993
150.5000,0.0004349,0.0002750,-0.0002113,-0.0000987
151.0000,0.0004356,0.0002749,-0.0002131,-0.0000982
151.5000,0.0004364,0.0002749,-0.0002150,-0.0000976
152.0000,0.0004375,0.0002750,-0.0002169,-0.0000972
152.5000,0.0004385,0.0002751,-0.0002189,-0.0000966
153.0000,0.0004397,0.0002753,-0.0002210,-0.0000962
153.5000,0.0004408,0.0002755,-0.0002230,-0.0000958
154.0000,0.0004422,0.0002758,-0.0002252,-0.0000953
154.5000,0.0004436,0.0002762,-0.0002273,-0.0000949
155.0000,0.0004451,0.0002765,-0.0002296,-0.0000945
155.5000,0.0004467,0.0002770,-0.0002319,-0.0000942
156.0000,0.0004486,0.0002776,-0.0002342,-0.0000939
156.5000,0.0004504,0.0002782,-0.0002366,-0.0000935
157.0000,0.0004524,0.0002789,-0.0002391,-0.0000933
157.5000,0.0004544,0.0002797,-0.0002416,-0.0000930
158.0000,0.0004566,0.0002805,-0.0002443,-0.0000927
158.5000,0.0004589,0.0002814,-0.0002469,-0.0000925
159.0000,0.0004613,0.0002824,-0.0002496,-0.0000923
159.5000,0.0004638,0.0002834,-0.0002524,-0.0000921
160.0000,0.0004664,0.0002845,-0.0002552,-0.0000919
160.5000,0.0004690,0.0002855,-0.0002581,-0.0000918
161.0000,0.0004719,0.0002869,-0.0002610,-0.0000916
161.5000,0.0004748,0.0002881,-0.0002640,-0.0000915
162.0000,0.0004776,0.0002894,-0.0002670,-0.0000914
162.5000,0.0004809,0.0002908,-0.0002702,-0.0000913
163.0000,0.0004840,0.0002922,-0.0002734,-0.0000912
163.5000,0.0004874,0.0002938,-0.0002766,-0.0000912
164.0000,0.0004908,0.0002954,-0.0002799,-0.0000912
164.5000,0.0004943,0.0002970,-0.0002833,-0.0000912
165.0000,0.0004980,0.0002987,-0.0002868,-0.0000912
165.5000,0.0005017,0.0003005,-0.0002902,-0.0000912
166.0000,0.0005056,0.0003024,-0.0002938,-0.0000913
166.5000,0.0005095,0.0003043,-0.0002974,-0.0000913
167.0000,0.0005137,0.0003064,-0.0003012,-0.0000914
167.5000,0.0005178,0.0003084,-0.0003049,-0.0000915
168.0000,0.0005220,0.0003104,-0.0003087,-0.0000916
168.5000,0.0005265,0.0003126,-0.0003127,-0.0000917
169.0000,0.0005310,0.0003149,-0.0003166,-0.0000919
169.5000,0.0005357,0.0003172,-0.0003207,-0.0000920
170.0000,0.0005404,0.0003196,-0.0003248,-0.0000923
170.5000,0.0005453,0.0003220,-0.0003290,-0.0000925
171.0000,0.0005502,0.0003245,-0.0003333,-0.0000927
171.5000,0.0005553,0.0003272,-0.0003376,-0.0000929
172.0000,0.0005604,0.0003298,-0.0003421,-0.0000932
172.5000,0.0005658,0.0003325,-0.0003465,-0.0000934
173.0000,0.0005712,0.0003353,-0.0003511,-0.0000937
173.5000,0.0005769,0.0003382,-0.0003558,-0.0000940
174.0000,0.0005824,0.0003411,-0.0003605,-0.0000944
174.5000,0.0005883,0.0003441,-0.0003653,-0.0000946
175.0000,0.0005942,0.0003471,-0.0003702,-0.0000950
175.5000,0.0006003,0.0003503,-0.0003751,-0.0000953
176.0000,0.0006064,0.0003536,-0.0003802,-0.0000957
176.5000,0.0006127,0.0003569,-0.0003853,-0.0000962
177.0000,0.0006192,0.0003602,-0.0003905,-0.0000966
177.5000,0.0006257,0.0003637,-0.0003958,-0.0000970
178.0000,0.0006324,0.0003671,-0.0004012,-0.0000975
178.5000,0.0006392,0.0003708,-0.0004067,-0.0000979
179.0000,0.0006461,0.0003745,-0.0004122,-0.0000984
179.5000,0.0006532,0.0003782,-0.0004179,-0.0000989
180.0000,0.0006603,0.0003820,-0.0004236,-0.0000994
180.5000,0.0006676,0.0003859,-0.0004294,-0.0000999
181.0000,0.0006750,0.0003898,-0.0004353,-0.0001005
181.5000,0.0006826,0.0003938,-0.0004414,-0.0001011
182.0000,0.0006903,0.0003979,-0.0004474,-0.0001016
182.5000,0.0006982,0.0004022,-0.0004537,-0.0001022
183.0000,0.0007061,0.0004064,-0.0004599,-0.0001029
183.5000,0.0007142,0.0004108,-0.0004663,-0.0001035
184.0000,0.0007225,0.0004152,-0.0004728,-0.0001041
184.5000,0.0007309,0.0004197,-0.0004793,-0.0001048
185.0000,0.0007394,0.0004244,-0.0004860,-0.0001055
185.5000,0.0007482,0.0004290,-0.0004929,-0.0001062
186.0000,0.0007570,0.0004338,-0.0004997,-0.0001069
186.5000,0.0007660,0.0004386,-0.0005067,-0.0001076
187.0000,0.0007751,0.0004436,-0.0005138,-0.0001084
187.5000,0.0007844,0.0004486,-0.0005210,-0.0001091
188.0000,0.0007938,0.0004537,-0.0005283,-0.0001099
188.5000,0.0008033,0.0004588,-0.0005357,-0.0001107
189.0000,0.0008131,0.0004641,-0.0005432,-0.0001115
189.5000,0.0008230,0.0004695,-0.0005509,-0.0001123
190.0000,0.0008330,0.0004750,-0.0005586,-0.0001132
190.5000,0.0008432,0.0004805,-0.0005665,-0.0001140
191.0000,0.0008535,0.0004862,-0.0005744,-0.0001149
191.5000,0.0008641,0.0004918,-0.0005825,-0.0001158
192.0000,0.0008748,0.0004976,-0.0005908,-0.0001167
192.5000,0.0008856,0.0005036,-0.0005990,-0.0001176
193.0000,0.0008966,0.0005096,-0.0006075,-0.0001186
193.5000,0.0009077,0.0005156,-0.0006161,-0.0001195
194.0000,0.0009190,0.0005218,-0.0006247,-0.0001205
194.5000,0.0009306,0.0005281,-0.0006336,-0.0001215
195.0000,0.0009422,0.0005345,-0.0006425,-0.0001225
195.5000,0.0009540,0.0005409,-0.0006516,-0.0001235
196.0000,0.0009662,0.0005476,-0.0006608,-0.0001246
196.5000,0.0009784,0.0005542,-0.0006702,-0.0001257
197.0000,0.0009908,0.0005610,-0.0006796,-0.0001267
197.5000,0.0010033,0.0005679,-0.0006891,-0.0001278
198.0000,0.0010161,0.0005748,-0.0006989,-0.0001289
198.5000,0.0010290,0.0005819,-0.0007088,-0.0001300
199.0000,0.0010421,0.0005892,-0.0007188,-0.0001312
199.5000,0.0010554,0.0005964,-0.0007289,-0.0001323
200.0000,0.0010689,0.0006038,-0.0007392,-0.0001335
200.5000,0.0010825,0.0006112,-0.0007496,-0.0001347
201.0000,0.0010964,0.0006189,-0.0007602,-0.0001359
201.5000,0.0011104,0.0006266,-0.0007708,-0.0001372
202.0000,0.0011247,0.0006344,-0.0007817,-0.0001384
202.5000,0.0011392,0.0006424,-0.0007927,-0.0001397
203.0000,0.0011539,0.0006504,-0.0008039,-0.0001410
203.5000,0.0011686,0.0006586,-0.0008152,-0.0001423
204.0000,0.0011837,0.0006668,-0.0008267,-0.0001436
204.5000,0.0011991,0.0006753,-0.0008383,-0.0001450
205.0000,0.0012145,0.0006838,-0.0008501,-0.0001463
205.5000,0.0012303,0.0006924,-0.0008620,-0.0001477
206.0000,0.0012461,0.0007012,-0.0008741,-0.0001491
206.5000,0.0012622,0.0007100,-0.0008864,-0.0001505
207.0000,0.0012787,0.0007190,-0.0008989,-0.0001519
207.5000,0.0012952,0.0007282,-0.0009114,-0.0001534
208.0000,0.0013120,0.0007374,-0.0009242,-0.0001549
208.5000,0.0013290,0.0007468,-0.0009371,-0.0001564
209.0000,0.0013463,0.0007563,-0.0009503,-0.0001579
209.5000,0.0013638,0.0007659,-0.0009636,-0.0001594
210.0000,0.0013814,0.0007757,-0.0009770,-0.0001610
210.5000,0.0013995,0.0007856,-0.0009908,-0.0001625
211.0000,0.0014177,0.0007956,-0.0010046,-0.0001641
211.5000,0.0014360,0.0008057,-0.0010185,-0.0001657
212.0000,0.0014547,0.0008160,-0.0010327,-0.0001673
212.5000,0.0014736,0.0008264,-0.0010471,-0.0001690
213.0000,0.0014927,0.0008370,-0.0010617,-0.0001707
213.5000,0.0015121,0.0008476,-0.0010764,-0.0001723
214.0000,0.0015318,0.0008585,-0.0010914,-0.0001741
214.5000,0.0015516,0.0008695,-0.0011065,-0.0001758
215.0000,0.0015719,0.0008806,-0.0011219,-0.0001775
215.5000,0.0015922,0.0008918,-0.0011375,-0.0001793
216.0000,0.0016129,0.0009032,-0.0011532,-0.0001811
216.5000,0.0016340,0.0009148,-0.0011692,-0.0001829
217.0000,0.0016550,0.0009264,-0.0011853,-0.0001847
217.5000,0.0016766,0.0009383,-0.0012017,-0.0001866
218.0000,0.0016983,0.0009503,-0.0012182,-0.0001884
218.5000,0.0017204,0.0009625,-0.0012350,-0.0001903
219.0000,0.0017427,0.0009748,-0.0012521,-0.0001923
219.5000,0.0017653,0.0009872,-0.0012692,-0.0001942
220.0000,0.0017881,0.0009998,-0.0012866,-0.0001961
220.5000,0.0018112,0.0010126,-0.0013043,-0.0001981
221.0000,0.0018347,0.0010255,-0.0013222,-0.0002001
221.5000,0.0018584,0.0010386,-0.0013403,-0.0002022
222.0000,0.0018824,0.0010519,-0.0013586,-0.0002042
222.5000,0.0019068,0.0010653,-0.0013772,-0.0002063
223.0000,0.0019314,0.0010789,-0.0013960,-0.0002083
223.5000,0.0019563,0.0010926,-0.0014150,-0.0002104
224.0000,0.0019816,0.0011066,-0.0014343,-0.0002126
224.5000,0.0020071,0.0011206,-0.0014538,-0.0002148
225.0000,0.0020330,0.0011349,-0.0014736,-0.0002170
225.5000,0.0020590,0.0011493,-0.0014935,-0.0002191
226.0000,0.0020856,0.0011639,-0.0015138,-0.0002214
226.5000,0.0021123,0.0011786,-0.0015342,-0.0002236
227.0000,0.0021395,0.0011936,-0.0015550,-0.0002259
227.5000,0.0021669,0.0012088,-0.0015760,-0.0002282
228.0000,0.0021947,0.0012241,-0.0015973,-0.0002305
228.5000,0.0022229,0.0012396,-0.0016189,-0.0002329
229.0000,0.0022513,0.0012554,-0.0016406,-0.0002353
229.5000,0.0022801,0.0012712,-0.0016627,-0.0002376
230.0000,0.0023092,0.0012873,-0.0016850,-0.0002401
230.5000,0.0023388,0.0013036,-0.0017076,-0.0002425
231.0000,0.0023686,0.0013200,-0.0017304,-0.0002450
231.5000,0.0023987,0.0013366,-0.0017536,-0.0002474
232.0000,0.0024294,0.0013535,-0.0017770,-0.0002500
232.5000,0.0024602,0.0013705,-0.0018007,-0.0002525
233.0000,0.0024915,0.0013878,-0.0018246,-0.0002551
233.5000,0.0025231,0.0014052,-0.0018489,-0.0002577
234.0000,0.0025551,0.0014229,-0.0018735,-0.0002603
234.5000,0.0025875,0.0014407,-0.0018984,-0.0002629
235.0000,0.0026202,0.0014588,-0.0019235,-0.0002656
235.5000,0.0026534,0.0014771,-0.0019489,-0.0002683
236.0000,0.0026869,0.0014955,-0.0019747,-0.0002710
236.5000,0.0027207,0.0015142,-0.0020007,-0.0002738
237.0000,0.0027551,0.0015331,-0.0020271,-0.0002766
237.5000,0.0027897,0.0015522,-0.0020537,-0.0002793
238.0000,0.0028249,0.0015717,-0.0020808,-0.0002822
238.5000,0.0028602,0.0015911,-0.0021080,-0.0002851
239.0000,0.0028961,0.0016110,-0.0021356,-0.0002880
239.5000,0.0029324,0.0016310,-0.0021636,-0.0002909
240.0000,0.0029691,0.0016511,-0.0021918,-0.0002938
240.5000,0.0030063,0.0016717,-0.0022204,-0.0002968
241.0000,0.0030437,0.0016923,-0.0022493,-0.0002998
241.5000,0.0030818,0.0017133,-0.0022786,-0.0003028
242.0000,0.0031202,0.0017344,-0.0023082,-0.0003059
242.5000,0.0031588,0.0017558,-0.0023380,-0.0003090
243.0000,0.0031982,0.0017774,-0.0023684,-0.0003121
243.5000,0.0032378,0.0017992,-0.0023989,-0.0003152
244.0000,0.0032779,0.0018214,-0.0024299,-0.0003184
244.5000,0.0033183,0.0018436,-0.0024612,-0.0003216
245.0000,0.0033593,0.0018662,-0.0024928,-0.0003248
245.5000,0.0034008,0.0018890,-0.0025248,-0.0003281
246.0000,0.0034427,0.0019122,-0.0025572,-0.0003314
246.5000,0.0034850,0.0019355,-0.0025899,-0.0003347
247.0000,0.0035278,0.0019590,-0.0026230,-0.0003380
247.5000,0.0035712,0.0019829,-0.0026565,-0.0003414
248.0000,0.0036149,0.0020071,-0.0026903,-0.0003449
248.5000,0.0036592,0.0020314,-0.0027245,-0.0003483
249.0000,0.0037038,0.0020560,-0.0027591,-0.0003518
249.5000,0.0037489,0.0020808,-0.0027940,-0.0003553
250.0000,0.0037947,0.0021060,-0.0028294,-0.0003588
250.5000,0.0038408,0.0021315,-0.0028651,-0.0003624
251.0000,0.0038874,0.0021572,-0.0029013,-0.0003660
251.5000,0.0039345,0.0021831,-0.0029378,-0.0003696
252.0000,0.0039822,0.0022093,-0.0029747,-0.0003733
252.5000,0.0040303,0.0022359,-0.0030120,-0.0003770
253.0000,0.0040789,0.0022626,-0.0030497,-0.0003808
253.5000,0.0041282,0.0022897,-0.0030879,-0.0003845
254.0000,0.0041778,0.0023170,-0.0031264,-0.0003883
254.5000,0.0042280,0.0023447,-0.0031653,-0.0003922
255.0000,0.0042786,0.0023725,-0.0032047,-0.0003960
255.5000,0.0043299,0.0024007,-0.0032445,-0.0003999
256.0000,0.0043816,0.0024293,-0.0032846,-0.0004038
256.5000,0.0044339,0.0024580,-0.0033252,-0.0004078
257.0000,0.0044868,0.0024871,-0.0033663,-0.0004118
257.5000,0.0045401,0.0025164,-0.0034078,-0.0004158
258.0000,0.0045940,0.0025461,-0.0034497,-0.0004199
258.5000,0.0046485,0.0025761,-0.0034919,-0.0004241
259.0000,0.0047035,0.0026064,-0.0035348,-0.0004282
259.5000,0.0047591,0.0026370,-0.0035780,-0.0004324
260.0000,0.0048152,0.0026678,-0.0036217,-0.0004366
260.5000,0.0048719,0.0026990,-0.0036657,-0.0004408
261.0000,0.0049292,0.0027306,-0.0037104,-0.0004451
261.5000,0.0049870,0.0027623,-0.0037553,-0.0004494
262.0000,0.0050455,0.0027944,-0.0038009,-0.0004537
262.5000,0.0051044,0.0028269,-0.0038468,-0.0004582
263.0000,0.0051640,0.0028597,-0.0038932,-0.0004626
263.5000,0.0052241,0.0028928,-0.0039401,-0.0004671
264.0000,0.0052849,0.0029262,-0.0039874,-0.0004716
264.5000,0.0053462,0.0029600,-0.0040352,-0.0004761
265.0000,0.0054082,0.0029940,-0.0040836,-0.0004807
265.5000,0.0054707,0.0030284,-0.0041323,-0.0004853
266.0000,0.0055338,0.0030631,-0.0041815,-0.0004900
266.5000,0.0055976,0.0030982,-0.0042313,-0.0004947
267.0000,0.0056620,0.0031335,-0.0042815,-0.0004994
267.5000,0.0057270,0.0031693,-0.0043322,-0.0005042
268.0000,0.0057926,0.0032053,-0.0043835,-0.0005090
268.5000,0.0058588,0.0032417,-0.0044352,-0.0005139
269.0000,0.0059256,0.0032784,-0.0044874,-0.0005187
269.5000,0.0059932,0.0033155,-0.0045401,-0.0005237
270.0000,0.0060613,0.0033530,-0.0045933,-0.0005286
270.5000,0.0061300,0.0033908,-0.0046470,-0.0005337
271.0000,0.0061994,0.0034289,-0.0047013,-0.0005387
271.5000,0.0062695,0.0034675,-0.0047561,-0.0005438
272.0000,0.0063402,0.0035063,-0.0048113,-0.0005490
272.5000,0.0064116,0.0035455,-0.0048671,-0.0005541
273.0000,0.0064836,0.0035851,-0.0049235,-0.0005593
273.5000,0.0065562,0.0036250,-0.0049802,-0.0005646
274.0000,0.0066295,0.0036653,-0.0050376,-0.0005699
274.5000,0.0067036,0.0037059,-0.0050956,-0.0005752
275.0000,0.0067782,0.0037469,-0.0051540,-0.0005806
275.5000,0.0068536,0.0037884,-0.0052130,-0.0005860
276.0000,0.0069296,0.0038301,-0.0052725,-0.0005915
276.5000,0.0070063,0.0038722,-0.0053326,-0.0005970
277.0000,0.0070837,0.0039147,-0.0053932,-0.0006026
277.5000,0.0071617,0.0039576,-0.0054543,-0.0006082
278.0000,0.0072406,0.0040009,-0.0055161,-0.0006139
278.5000,0.0073201,0.0040445,-0.0055783,-0.0006195
279.0000,0.0074002,0.0040885,-0.0056411,-0.0006252
279.5000,0.0074810,0.0041329,-0.0057045,-0.0006310
280.0000,0.0075625,0.0041776,-0.0057684,-0.0006369
280.5000,0.0076449,0.0042228,-0.0058329,-0.0006427
281.0000,0.0077278,0.0042684,-0.0058979,-0.0006487
281.5000,0.0078115,0.0043143,-0.0059636,-0.0006546
282.0000,0.0078958,0.0043606,-0.0060297,-0.0006606
282.5000,0.0079811,0.0044073,-0.0060966,-0.0006666
283.0000,0.0080669,0.0044545,-0.0061639,-0.0006727
283.5000,0.0081535,0.0045020,-0.0062319,-0.0006789
284.0000,0.0082407,0.0045499,-0.0063004,-0.0006850
284.5000,0.0083288,0.0045982,-0.0063694,-0.0006913
285.0000,0.0084175,0.0046469,-0.0064391,-0.0006976
285.5000,0.0085070,0.0046960,-0.0065093,-0.0007039
286.0000,0.0085972,0.0047455,-0.0065802,-0.0007103
286.5000,0.0086881,0.0047954,-0.0066516,-0.0007167
287.0000,0.0087799,0.0048458,-0.0067236,-0.0007232
287.5000,0.0088723,0.0048965,-0.0067962,-0.0007297
288.0000,0.0089656,0.0049476,-0.0068695,-0.0007362
288.5000,0.0090595,0.0049992,-0.0069433,-0.0007429
289.0000,0.0091542,0.0050511,-0.0070177,-0.0007495
289.5000,0.0092496,0.0051034,-0.0070926,-0.0007562
290.0000,0.0093460,0.0051563,-0.0071683,-0.0007630
290.5000,0.0094429,0.0052095,-0.0072445,-0.0007698
291.0000,0.0095406,0.0052631,-0.0073214,-0.0007766
291.5000,0.0096391,0.0053171,-0.0073988,-0.0007836
292.0000,0.0097384,0.0053715,-0.0074769,-0.0007905
292.5000,0.0098385,0.0054264,-0.0075555,-0.0007975
293.0000,0.0099394,0.0054817,-0.0076347,-0.0008046
293.5000,0.0100409,0.0055374,-0.0077147,-0.0008117
294.0000,0.0101432,0.0055936,-0.0077951,-0.0008189
294.5000,0.0102464,0.0056501,-0.0078763,-0.0008261
295.0000,0.0103503,0.0057071,-0.0079580,-0.0008333
295.5000,0.0104550,0.0057645,-0.0080404,-0.0008406
296.0000,0.0105605,0.0058223,-0.0081234,-0.0008480
296.5000,0.0106667,0.0058805,-0.0082070,-0.0008554
297.0000,0.0107739,0.0059393,-0.0082913,-0.0008629
297.5000,0.0108817,0.0059984,-0.0083761,-0.0008704
298.0000,0.0109904,0.0060580,-0.0084616,-0.0008780
298.5000,0.0110997,0.0061179,-0.0085476,-0.0008856
299.0000,0.0112099,0.0061783,-0.0086344,-0.0008933
299.5000,0.0113210,0.0062392,-0.0087218,-0.0009011
300.0000,0.0114328,0.0063004,-0.0088098,-0.0009088
300.5000,0.0115453,0.0063621,-0.0088983,-0.0009167
301.0000,0.0116587,0.0064242,-0.0089876,-0.0009245
301.5000,0.0117730,0.0064868,-0.0090776,-0.0009325
302.0000,0.0118879,0.0065498,-0.0091680,-0.0009405
302.5000,0.0120036,0.0066132,-0.0092591,-0.0009486
303.0000,0.0121202,0.0066771,-0.0093510,-0.0009567
303.5000,0.0122376,0.0067414,-0.0094434,-0.0009649
304.0000,0.0123558,0.0068062,-0.0095364,-0.0009731
304.5000,0.0124747,0.0068714,-0.0096301,-0.0009814
305.0000,0.0125945,0.0069369,-0.0097244,-0.0009897
305.5000,0.0127150,0.0070030,-0.0098193,-0.0009981
306.0000,0.0128364,0.0070695,-0.0099149,-0.0010065
306.5000,0.0129587,0.0071365,-0.0100111,-0.0010150
307.0000,0.0130817,0.0072038,-0.0101080,-0.0010236
307.5000,0.0132054,0.0072716,-0.0102055,-0.0010322
308.0000,0.0133301,0.0073399,-0.0103036,-0.0010409
308.5000,0.0134554,0.0074085,-0.0104023,-0.0010496
309.0000,0.0135816,0.0074776,-0.0105017,-0.0010584
309.5000,0.0137086,0.0075472,-0.0106017,-0.0010673
310.0000,0.0138364,0.0076172,-0.0107024,-0.0010761
310.5000,0.0139650,0.0076876,-0.0108036,-0.0010851
311.0000,0.0140945,0.0077585,-0.0109057,-0.0010941
311.5000,0.0142245,0.0078298,-0.0110081,-0.0011032
312.0000,0.0143556,0.0079015,-0.0111113,-0.0011123
312.5000,0.0144874,0.0079737,-0.0112151,-0.0011215
313.0000,0.0146201,0.0080463,-0.0113196,-0.0011307
313.5000,0.0147535,0.0081193,-0.0114247,-0.0011400
314.0000,0.0148875,0.0081928,-0.0115303,-0.0011494
314.5000,0.0150226,0.0082667,-0.0116366,-0.0011588
315.0000,0.0151583,0.0083411,-0.0117435,-0.0011683
315.5000,0.0152950,0.0084158,-0.0118512,-0.0011778
316.0000,0.0154323,0.0084910,-0.0119593,-0.0011875
316.5000,0.0155705,0.0085667,-0.0120681,-0.0011971
317.0000,0.0157096,0.0086427,-0.0121776,-0.0012068
317.5000,0.0158493,0.0087193,-0.0122876,-0.0012166
318.0000,0.0159898,0.0087962,-0.0123982,-0.0012265
318.5000,0.0161311,0.0088736,-0.0125095,-0.0012364
319.0000,0.0162733,0.0089514,-0.0126214,-0.0012463
319.5000,0.0164160,0.0090295,-0.0127338,-0.0012564
320.0000,0.0165597,0.0091082,-0.0128470,-0.0012664
320.5000,0.0167041,0.0091872,-0.0129607,-0.0012766
321.0000,0.0168494,0.0092667,-0.0130750,-0.0012868
321.5000,0.0169955,0.0093467,-0.0131900,-0.0012971
322.0000,0.0171422,0.0094270,-0.0133054,-0.0013074
322.5000,0.0172898,0.0095077,-0.0134216,-0.0013178
323.0000,0.0174382,0.0095890,-0.0135384,-0.0013282
323.5000,0.0175871,0.0096704,-0.0136556,-0.0013387
324.0000,0.0177370,0.0097525,-0.0137735,-0.0013493
324.5000,0.0178875,0.0098349,-0.0138919,-0.0013600
325.0000,0.0180389,0.0099178,-0.0140112,-0.0013707
325.5000,0.0181909,0.0100010,-0.0141308,-0.0013814
326.0000,0.0183438,0.0100846,-0.0142510,-0.0013923
326.5000,0.0184975,0.0101687,-0.0143719,-0.0014031
327.0000,0.0186519,0.0102532,-0.0144933,-0.0014141
327.5000,0.0188070,0.0103381,-0.0146153,-0.0014251
328.0000,0.0189628,0.0104233,-0.0147379,-0.0014362
328.5000,0.0191194,0.0105090,-0.0148610,-0.0014473
329.0000,0.0192767,0.0105951,-0.0149847,-0.0014585
329.5000,0.0194348,0.0106816,-0.0151090,-0.0014698
330.0000,0.0195935,0.0107684,-0.0152338,-0.0014811
330.5000,0.0197529,0.0108556,-0.0153591,-0.0014925
331.0000,0.0199132,0.0109434,-0.0154851,-0.0015039
331.5000,0.0200740,0.0110314,-0.0156115,-0.0015154
332.0000,0.0202357,0.0111198,-0.0157386,-0.0015270
332.5000,0.0203981,0.0112086,-0.0158661,-0.0015386
333.0000,0.0205612,0.0112979,-0.0159943,-0.0015504
333.5000,0.0207248,0.0113875,-0.0161229,-0.0015621
334.0000,0.0208893,0.0114775,-0.0162521,-0.0015740
334.5000,0.0210545,0.0115679,-0.0163818,-0.0015859
335.0000,0.0212202,0.0116586,-0.0165120,-0.0015978
335.5000,0.0213867,0.0117496,-0.0166427,-0.0016099
336.0000,0.0215539,0.0118411,-0.0167740,-0.0016220
336.5000,0.0217218,0.0119330,-0.0169058,-0.0016341
337.0000,0.0218904,0.0120252,-0.0170381,-0.0016463
337.5000,0.0220594,0.0121177,-0.0171708,-0.0016586
338.0000,0.0222292,0.0122106,-0.0173041,-0.0016709
338.5000,0.0223999,0.0123040,-0.0174380,-0.0016834
339.0000,0.0225710,0.0123976,-0.0175722,-0.0016958
339.5000,0.0227427,0.0124916,-0.0177070,-0.0017084
340.0000,0.0229152,0.0125859,-0.0178422,-0.0017210
340.5000,0.0230883,0.0126807,-0.0179779,-0.0017337
341.0000,0.0232620,0.0127757,-0.0181141,-0.0017464
341.5000,0.0234362,0.0128711,-0.0182508,-0.0017592
342.0000,0.0236113,0.0129668,-0.0183880,-0.0017720
342.5000,0.0237868,0.0130629,-0.0185255,-0.0017849
343.0000,0.0239629,0.0131593,-0.0186636,-0.0017979
343.5000,0.0241396,0.0132559,-0.0188021,-0.0018109
344.0000,0.0243170,0.0133530,-0.0189410,-0.0018240
344.5000,0.0244950,0.0134504,-0.0190804,-0.0018372
345.0000,0.0246736,0.0135481,-0.0192202,-0.0018505
345.5000,0.0248526,0.0136461,-0.0193605,-0.0018638
346.0000,0.0250323,0.0137444,-0.0195011,-0.0018771
346.5000,0.0252126,0.0138431,-0.0196422,-0.0018906
347.0000,0.0253935,0.0139420,-0.0197838,-0.0019041
347.5000,0.0255747,0.0140412,-0.0199256,-0.0019176
348.0000,0.0257567,0.0141408,-0.0200680,-0.0019312
348.5000,0.0259392,0.0142407,-0.0202107,-0.0019449
349.0000,0.0261222,0.0143409,-0.0203538,-0.0019587
349.5000,0.0263057,0.0144413,-0.0204973,-0.0019725
350.0000,0.0264899,0.0145421,-0.0206413,-0.0019864
350.5000,0.0266744,0.0146431,-0.0207855,-0.0020003
351.0000,0.0268594,0.0147443,-0.0209301,-0.0020143
351.5000,0.0270451,0.0148460,-0.0210751,-0.0020284
352.0000,0.0272312,0.0149478,-0.0212205,-0.0020425
352.5000,0.0274177,0.0150499,-0.0213662,-0.0020567
353.0000,0.0276047,0.0151523,-0.0215122,-0.0020709
353.5000,0.0277923,0.0152550,-0.0216587,-0.0020852
354.0000,0.0279803,0.0153579,-0.0218054,-0.0020996
354.5000,0.0281689,0.0154611,-0.0219526,-0.0021140
355.0000,0.0283579,0.0155645,-0.0221000,-0.0021285
355.5000,0.0285471,0.0156682,-0.0222477,-0.0021431
356.0000,0.0287371,0.0157721,-0.0223957,-0.0021577
356.5000,0.0289273,0.0158763,-0.0225441,-0.0021724
357.0000,0.0291180,0.0159807,-0.0226927,-0.0021871
357.5000,0.0293091,0.0160853,-0.0228417,-0.0022019
358.0000,0.0295007,0.0161903,-0.0229909,-0.0022168
358.5000,0.0296927,0.0162954,-0.0231404,-0.0022317
359.0000,0.0298850,0.0164007,-0.0232902,-0.0022467
359.5000,0.0300778,0.0165062,-0.0234403,-0.0022618
360.0000,0.0302711,0.0166121,-0.0235908,-0.0022769
360.5000,0.0304646,0.0167180,-0.0237413,-0.0022920
361.0000,0.0306584,0.0168242,-0.0238922,-0.0023073
361.5000,0.0308527,0.0169307,-0.0240433,-0.0023226
362.0000,0.0310473,0.0170372,-0.0241947,-0.0023379
362.5000,0.0312423,0.0171440,-0.0243463,-0.0023533
363.0000,0.0314377,0.0172511,-0.0244981,-0.0023688
363.5000,0.0316333,0.0173582,-0.0246501,-0.0023843
364.0000,0.0318293,0.0174656,-0.0248024,-0.0023999
364.5000,0.0320256,0.0175732,-0.0249548,-0.0024156
365.0000,0.0322223,0.0176809,-0.0251075,-0.0024313
365.5000,0.0324192,0.0177888,-0.0252604,-0.0024470
366.0000,0.0326163,0.0178968,-0.0254134,-0.0024628
366.5000,0.0328139,0.0180050,-0.0255667,-0.0024787
367.0000,0.0330116,0.0181134,-0.0257200,-0.0024946
367.5000,0.0332098,0.0182220,-0.0258737,-0.0025106
368.0000,0.0334080,0.0183306,-0.0260274,-0.0025266
368.5000,0.0336067,0.0184395,-0.0261813,-0.0025427
369.0000,0.0338056,0.0185485,-0.0263354,-0.0025589
369.5000,0.0340046,0.0186576,-0.0264896,-0.0025751
370.0000,0.0342039,0.0187669,-0.0266440,-0.0025913
370.5000,0.0344034,0.0188762,-0.0267985,-0.0026077
371.0000,0.0346032,0.0189857,-0.0269531,-0.0026240
371.5000,0.0348032,0.0190954,-0.0271079,-0.0026405
372.0000,0.0350033,0.0192051,-0.0272627,-0.0026569
372.5000,0.0352037,0.0193149,-0.0274176,-0.0026734
373.0000,0.0354043,0.0194250,-0.0275727,-0.0026901
373.5000,0.0356050,0.0195351,-0.0277278,-0.0027067
374.0000,0.0358059,0.0196452,-0.0278831,-0.0027234
374.5000,0.0360070,0.0197556,-0.0280384,-0.0027401
375.0000,0.0362083,0.0198659,-0.0281938,-0.0027569
375.5000,0.0364096,0.0199764,-0.0283493,-0.0027737
376.0000,0.0366112,0.0200870,-0.0285048,-0.0027906
376.5000,0.0368128,0.0201976,-0.0286603,-0.0028076
377.0000,0.0370146,0.0203083,-0.0288159,-0.0028246
377.5000,0.0372164,0.0204191,-0.0289716,-0.0028416
378.0000,0.0374185,0.0205299,-0.0291273,-0.0028587
378.5000,0.0376206,0.0206408,-0.0292830,-0.0028758
379.0000,0.0378229,0.0207518,-0.0294388,-0.0028930
379.5000,0.0380252,0.0208628,-0.0295946,-0.0029103
380.0000,0.0382276,0.0209740,-0.0297504,-0.0029276
380.5000,0.0384301,0.0210851,-0.0299063,-0.0029449
381.0000,0.0386325,0.0211962,-0.0300620,-0.0029622
381.5000,0.0388350,0.0213074,-0.0302178,-0.0029796
382.0000,0.0390377,0.0214187,-0.0303735,-0.0029971
382.5000,0.0392403,0.0215300,-0.0305293,-0.0030146
383.0000,0.0394430,0.0216413,-0.0306850,-0.0030322
383.5000,0.0396457,0.0217526,-0.0308407,-0.0030498
384.0000,0.0398484,0.0218640,-0.0309963,-0.0030675
384.5000,0.0400512,0.0219753,-0.0311519,-0.0030851
385.0000,0.0402539,0.0220867,-0.0313074,-0.0031029
385.5000,0.0404566,0.0221980,-0.0314629,-0.0031206
386.0000,0.0406592,0.0223094,-0.0316183,-0.0031385
386.5000,0.0408619,0.0224208,-0.0317736,-0.0031564
387.0000,0.0410646,0.0225322,-0.0319290,-0.0031742
387.5000,0.0412671,0.0226435,-0.0320841,-0.0031921
388.0000,0.0414697,0.0227549,-0.0322392,-0.0032101
388.5000,0.0416722,0.0228662,-0.0323942,-0.0032282
389.0000,0.0418747,0.0229775,-0.0325491,-0.0032462
389.5000,0.0420770,0.0230888,-0.0327038,-0.0032643
390.0000,0.0422793,0.0231999,-0.0328585,-0.0032824
390.5000,0.0424814,0.0233111,-0.0330130,-0.0033006
391.0000,0.0426835,0.0234222,-0.0331674,-0.0033188
391.5000,0.0428854,0.0235333,-0.0333217,-0.0033370
392.0000,0.0430873,0.0236444,-0.0334758,-0.0033553
392.5000,0.0432891,0.0237554,-0.0336298,-0.0033736
393.0000,0.0434907,0.0238663,-0.0337837,-0.0033919
393.5000,0.0436922,0.0239772,-0.0339374,-0.0034103
394.0000,0.0438935,0.0240880,-0.0340909,-0.0034287
394.5000,0.0440948,0.0241988,-0.0342442,-0.0034471
395.0000,0.0442958,0.0243095,-0.0343974,-0.0034656
395.5000,0.0444966,0.0244200,-0.0345503,-0.0034841
396.0000,0.0446973,0.0245305,-0.0347031,-0.0035026
396.5000,0.0448978,0.0246409,-0.0348558,-0.0035212
397.0000,0.0450982,0.0247512,-0.0350082,-0.0035397
397.5000,0.0452983,0.0248614,-0.0351604,-0.0035583
398.0000,0.0454982,0.0249715,-0.0353124,-0.0035770
398.5000,0.0456979,0.0250815,-0.0354642,-0.0035956
399.0000,0.0458975,0.0251915,-0.0356158,-0.0036143
399.5000,0.0460967,0.0253013,-0.0357671,-0.0036330
400.0000,0.0462958,0.0254110,-0.0359182,-0.0036517
400.5000,0.0464946,0.0255205,-0.0360691,-0.0036705
401.0000,0.0466933,0.0256300,-0.0362197,-0.0036893
401.5000,0.0468916,0.0257393,-0.0363701,-0.0037081
402.0000,0.0470896,0.0258485,-0.0365202,-0.0037269
402.5000,0.0472874,0.0259576,-0.0366701,-0.0037458
403.0000,0.0474850,0.0260665,-0.0368197,-0.0037646
403.5000,0.0476822,0.0261753,-0.0369691,-0.0037835
404.0000,0.0478792,0.0262840,-0.0371181,-0.0038024
404.5000,0.0480759,0.0263925,-0.0372669,-0.0038214
405.0000,0.0482723,0.0265008,-0.0374154,-0.0038403
405.5000,0.0484684,0.0266090,-0.0375636,-0.0038593
406.0000,0.0486641,0.0267170,-0.0377115,-0.0038782
406.5000,0.0488596,0.0268249,-0.0378592,-0.0038972
407.0000,0.0490547,0.0269326,-0.0380065,-0.0039162
407.5000,0.0492494,0.0270401,-0.0381535,-0.0039353
408.0000,0.0494439,0.0271475,-0.0383002,-0.0039543
408.5000,0.0496380,0.0272547,-0.0384465,-0.0039733
409.0000,0.0498317,0.0273617,-0.0385926,-0.0039924
409.5000,0.0500251,0.0274685,-0.0387383,-0.0040115
410.0000,0.0502181,0.0275751,-0.0388837,-0.0040305
410.5000,0.0504108,0.0276816,-0.0390287,-0.0040496
411.0000,0.0506031,0.0277878,-0.0391734,-0.0040687
411.5000,0.0507949,0.0278938,-0.0393178,-0.0040878
412.0000,0.0509864,0.0279997,-0.0394618,-0.0041069
412.5000,0.0511775,0.0281053,-0.0396054,-0.0041261
413.0000,0.0513682,0.0282107,-0.0397487,-0.0041452
413.5000,0.0515585,0.0283159,-0.0398916,-0.0041643
414.0000,0.0517483,0.0284209,-0.0400341,-0.0041835
414.5000,0.0519378,0.0285257,-0.0401763,-0.0042026
415.0000,0.0521267,0.0286303,-0.0403181,-0.0042217
415.5000,0.0523153,0.0287346,-0.0404595,-0.0042409
416.0000,0.0525034,0.0288387,-0.0406005,-0.0042600
416.5000,0.0526911,0.0289425,-0.0407411,-0.0042792
417.0000,0.0528783,0.0290462,-0.0408814,-0.0042983
417.5000,0.0530651,0.0291496,-0.0410212,-0.0043175
418.0000,0.0532514,0.0292527,-0.0411606,-0.0043366
418.5000,0.0534372,0.0293556,-0.0412996,-0.0043558
419.0000,0.0536226,0.0294583,-0.0414382,-0.0043749
419.5000,0.0538074,0.0295607,-0.0415764,-0.0043940
420.0000,0.0539919,0.0296628,-0.0417142,-0.0044131
420.5000,0.0541757,0.0297647,-0.0418515,-0.0044323
421.0000,0.0543591,0.0298663,-0.0419884,-0.0044514
421.5000,0.0545420,0.0299677,-0.0421249,-0.0044705
422.0000,0.0547244,0.0300687,-0.0422609,-0.0044896
422.5000,0.0549062,0.0301695,-0.0423965,-0.0045086
423.0000,0.0550876,0.0302701,-0.0425317,-0.0045277
423.5000,0.0552684,0.0303704,-0.0426664,-0.0045468
424.0000,0.0554487,0.0304704,-0.0428006,-0.0045658
424.5000,0.0556284,0.0305701,-0.0429344,-0.0045849
425.0000,0.0558076,0.0306695,-0.0430678,-0.0046039
425.5000,0.0559863,0.0307686,-0.0432007,-0.0046229
426.0000,0.0561644,0.0308675,-0.0433331,-0.0046419
426.5000,0.0563420,0.0309660,-0.0434650,-0.0046609
427.0000,0.0565189,0.0310642,-0.0435965,-0.0046798
427.5000,0.0566953,0.0311621,-0.0437275,-0.0046988
428.0000,0.0568711,0.0312597,-0.0438580,-0.0047177
428.5000,0.0570464,0.0313571,-0.0439880,-0.0047366
429.0000,0.0572211,0.0314541,-0.0441176,-0.0047555
429.5000,0.0573952,0.0315508,-0.0442466,-0.0047743
430.0000,0.0575686,0.0316472,-0.0443752,-0.0047932
430.5000,0.0577415,0.0317433,-0.0445032,-0.0048120
431.0000,0.0579138,0.0318390,-0.0446308,-0.0048307
431.5000,0.0580855,0.0319345,-0.0447579,-0.0048495
432.0000,0.0582566,0.0320296,-0.0448844,-0.0048683
432.5000,0.0584270,0.0321243,-0.0450105,-0.0048870
433.0000,0.0585969,0.0322188,-0.0451360,-0.0049057
433.5000,0.0587661,0.0323129,-0.0452611,-0.0049243
434.0000,0.0589347,0.0324067,-0.0453856,-0.0049430
434.5000,0.0591026,0.0325001,-0.0455096,-0.0049615
435.0000,0.0592699,0.0325932,-0.0456330,-0.0049801
435.5000,0.0594365,0.0326859,-0.0457560,-0.0049986
436.0000,0.0596025,0.0327783,-0.0458784,-0.0050171
436.5000,0.0597679,0.0328704,-0.0460003,-0.0050356
437.0000,0.0599326,0.0329621,-0.0461217,-0.0050540
437.5000,0.0600967,0.0330534,-0.0462425,-0.0050724
438.0000,0.0602600,0.0331444,-0.0463628,-0.0050908
438.5000,0.0604227,0.0332350,-0.0464825,-0.0051091
439.0000,0.0605848,0.0333253,-0.0466017,-0.0051274
439.5000,0.0607461,0.0334152,-0.0467203,-0.0051456
440.0000,0.0609068,0.0335048,-0.0468385,-0.0051639
440.5000,0.0610668,0.0335939,-0.0469560,-0.0051820
441.0000,0.0612261,0.0336827,-0.0470730,-0.0052002
441.5000,0.0613847,0.0337712,-0.0471894,-0.0052182
442.0000,0.0615426,0.0338592,-0.0473053,-0.0052363
442.5000,0.0616998,0.0339469,-0.0474206,-0.0052543
443.0000,0.0618563,0.0340342,-0.0475354,-0.0052722
443.5000,0.0620121,0.0341211,-0.0476496,-0.0052901
444.0000,0.0621671,0.0342076,-0.0477632,-0.0053080
444.5000,0.0623215,0.0342937,-0.0478763,-0.0053258
445.0000,0.0624751,0.0343795,-0.0479888,-0.0053436
445.5000,0.0626280,0.0344648,-0.0481007,-0.0053613
446.0000,0.0627802,0.0345498,-0.0482120,-0.0053789
446.5000,0.0629317,0.0346344,-0.0483228,-0.0053965
447.0000,0.0630824,0.0347185,-0.0484330,-0.0054141
447.5000,0.0632324,0.0348023,-0.0485426,-0.0054316
448.0000,0.0633816,0.0348857,-0.0486516,-0.0054491
448.5000,0.0635301,0.0349687,-0.0487600,-0.0054665
449.0000,0.0636779,0.0350512,-0.0488679,-0.0054838
449.5000,0.0638249,0.0351334,-0.0489751,-0.0055011
450.0000,0.0639711,0.0352151,-0.0490818,-0.0055183
450.5000,0.0641166,0.0352965,-0.0491879,-0.0055355
451.0000,0.0642614,0.0353774,-0.0492934,-0.0055526
451.5000,0.0644054,0.0354579,-0.0493982,-0.0055697
452.0000,0.0645485,0.0355380,-0.0495025,-0.0055867
452.5000,0.0646909,0.0356176,-0.0496062,-0.0056036
453.0000,0.0648326,0.0356969,-0.0497093,-0.0056204
453.5000,0.0649735,0.0357757,-0.0498118,-0.0056373
454.0000,0.0651136,0.0358542,-0.0499136,-0.0056540
454.5000,0.0652529,0.0359321,-0.0500149,-0.0056707
455.0000,0.0653915,0.0360097,-0.0501156,-0.0056873
455.5000,0.0655292,0.0360868,-0.0502156,-0.0057039
456.0000,0.0656662,0.0361634,-0.0503151,-0.0057203
456.5000,0.0658023,0.0362397,-0.0504139,-0.0057367
457.0000,0.0659377,0.0363155,-0.0505121,-0.0057531
457.5000,0.0660722,0.0363909,-0.0506098,-0.0057694
458.0000,0.0662060,0.0364659,-0.0507067,-0.0057856
458.5000,0.0663389,0.0365403,-0.0508031,-0.0058017
459.0000,0.0664711,0.0366144,-0.0508988,-0.0058178
459.5000,0.0666024,0.0366880,-0.0509940,-0.0058338
460.0000,0.0667329,0.0367612,-0.0510885,-0.0058497
460.5000,0.0668627,0.0368339,-0.0511824,-0.0058655
461.0000,0.0669915,0.0369062,-0.0512756,-0.0058813
461.5000,0.0671196,0.0369780,-0.0513683,-0.0058970
462.0000,0.0672469,0.0370493,-0.0514603,-0.0059126
462.5000,0.0673733,0.0371202,-0.0515517,-0.0059281
463.0000,0.0674988,0.0371907,-0.0516424,-0.0059436
463.5000,0.0676236,0.0372607,-0.0517326,-0.0059590
464.0000,0.0677475,0.0373303,-0.0518220,-0.0059743
464.5000,0.0678706,0.0373993,-0.0519109,-0.0059895
465.0000,0.0679929,0.0374679,-0.0519991,-0.0060046
465.5000,0.0681143,0.0375361,-0.0520867,-0.0060197
466.0000,0.0682348,0.0376038,-0.0521737,-0.0060347
466.5000,0.0683545,0.0376710,-0.0522600,-0.0060495
467.0000,0.0684735,0.0377378,-0.0523457,-0.0060643
467.5000,0.0685915,0.0378041,-0.0524307,-0.0060790
468.0000,0.0687086,0.0378699,-0.0525151,-0.0060937
468.5000,0.0688250,0.0379353,-0.0525989,-0.0061082
469.0000,0.0689404,0.0380001,-0.0526821,-0.0061227
469.5000,0.0690550,0.0380645,-0.0527645,-0.0061371
470.0000,0.0691688,0.0381285,-0.0528464,-0.0061513
470.5000,0.0692817,0.0381919,-0.0529276,-0.0061655
471.0000,0.0693937,0.0382549,-0.0530081,-0.0061796
471.5000,0.0695048,0.0383174,-0.0530880,-0.0061936
472.0000,0.0696152,0.0383794,-0.0531673,-0.0062075
472.5000,0.0697246,0.0384409,-0.0532459,-0.0062214
473.0000,0.0698331,0.0385019,-0.0533239,-0.0062351
473.5000,0.0699407,0.0385625,-0.0534012,-0.0062487
474.0000,0.0700475,0.0386226,-0.0534778,-0.0062623
474.5000,0.0701534,0.0386822,-0.0535539,-0.0062757
475.0000,0.0702585,0.0387413,-0.0536292,-0.0062891
475.5000,0.0703626,0.0387999,-0.0537039,-0.0063024
476.0000,0.0704660,0.0388580,-0.0537780,-0.0063155
476.5000,0.0705683,0.0389156,-0.0538514,-0.0063286
477.0000,0.0706698,0.0389728,-0.0539242,-0.0063415
477.5000,0.0707705,0.0390294,-0.0539963,-0.0063544
478.0000,0.0708702,0.0390856,-0.0540677,-0.0063671
478.5000,0.0709690,0.0391412,-0.0541385,-0.0063798
479.0000,0.0710670,0.0391964,-0.0542087,-0.0063924
479.5000,0.0711640,0.0392510,-0.0542781,-0.0064048
480.0000,0.0712602,0.0393052,-0.0543469,-0.0064172
480.5000,0.0713554,0.0393588,-0.0544151,-0.0064294
481.0000,0.0714498,0.0394120,-0.0544826,-0.0064416
481.5000,0.0715433,0.0394647,-0.0545495,-0.0064536
482.0000,0.0716358,0.0395168,-0.0546156,-0.0064656
482.5000,0.0717274,0.0395685,-0.0546812,-0.0064774
483.0000,0.0718182,0.0396196,-0.0547460,-0.0064891
483.5000,0.0719081,0.0396702,-0.0548103,-0.0065007
484.0000,0.0719970,0.0397204,-0.0548738,-0.0065122
484.5000,0.0720850,0.0397699,-0.0549367,-0.0065236
485.0000,0.0721721,0.0398191,-0.0549989,-0.0065349
485.5000,0.0722583,0.0398676,-0.0550605,-0.0065461
486.0000,0.0723436,0.0399157,-0.0551214,-0.0065572
486.5000,0.0724280,0.0399633,-0.0551816,-0.0065681
487.0000,0.0725114,0.0400103,-0.0552411,-0.0065790
487.5000,0.0725940,0.0400569,-0.0553000,-0.0065897
488.0000,0.0726756,0.0401029,-0.0553583,-0.0066003
488.5000,0.0727563,0.0401484,-0.0554158,-0.0066108
489.0000,0.0728360,0.0401934,-0.0554727,-0.0066212
489.5000,0.0729149,0.0402379,-0.0555290,-0.0066315
490.0000,0.0729928,0.0402818,-0.0555846,-0.0066417
490.5000,0.0730698,0.0403253,-0.0556395,-0.0066517
491.0000,0.0731459,0.0403682,-0.0556937,-0.0066617
491.5000,0.0732210,0.0404106,-0.0557472,-0.0066715
492.0000,0.0732953,0.0404524,-0.0558002,-0.0066812
492.5000,0.0733686,0.0404938,-0.0558524,-0.0066908
493.0000,0.0734409,0.0405346,-0.0559040,-0.0067002
493.5000,0.0735123,0.0405749,-0.0559548,-0.0067096
494.0000,0.0735828,0.0406147,-0.0560051,-0.0067188
494.5000,0.0736523,0.0406539,-0.0560546,-0.0067279
495.0000,0.0737210,0.0406927,-0.0561035,-0.0067369
495.5000,0.0737887,0.0407309,-0.0561517,-0.0067458
496.0000,0.0738554,0.0407685,-0.0561993,-0.0067546
496.5000,0.0739213,0.0408057,-0.0562462,-0.0067632
497.0000,0.0739861,0.0408423,-0.0562924,-0.0067717
497.5000,0.0740501,0.0408784,-0.0563379,-0.0067801
498.0000,0.0741131,0.0409140,-0.0563827,-0.0067884
498.5000,0.0741751,0.0409490,-0.0564269,-0.0067965
499.0000,0.0742362,0.0409835,-0.0564704,-0.0068045
499.5000,0.0742963,0.0410174,-0.0565133,-0.0068124
500.0000,0.0743556,0.0410509,-0.0565554,-0.0068202
500.5000,0.0744139,0.0410837,-0.0565970,-0.0068278
501.0000,0.0744712,0.0411161,-0.0566378,-0.0068354
501.5000,0.0745276,0.0411479,-0.0566779,-0.0068428
502.0000,0.0745830,0.0411792,-0.0567174,-0.0068500
502.5000,0.0746375,0.0412100,-0.0567562,-0.0068572
503.0000,0.0746910,0.0412402,-0.0567943,-0.0068642
503.5000,0.0747436,0.0412698,-0.0568318,-0.0068711
504.0000,0.0747953,0.0412990,-0.0568686,-0.0068778
504.5000,0.0748459,0.0413276,-0.0569046,-0.0068845
505.0000,0.0748957,0.0413557,-0.0569401,-0.0068910
505.5000,0.0749444,0.0413831,-0.0569749,-0.0068974
506.0000,0.0749922,0.0414102,-0.0570089,-0.0069036
506.5000,0.0750391,0.0414366,-0.0570423,-0.0069097
507.0000,0.0750850,0.0414625,-0.0570751,-0.0069157
507.5000,0.0751300,0.0414879,-0.0571071,-0.0069216
508.0000,0.0751740,0.0415127,-0.0571385,-0.0069273
508.5000,0.0752170,0.0415369,-0.0571692,-0.0069329
509.0000,0.0752591,0.0415607,-0.0571992,-0.0069384
509.5000,0.0753002,0.0415839,-0.0572286,-0.0069437
510.0000,0.0753404,0.0416065,-0.0572572,-0.0069490
510.5000,0.0753796,0.0416286,-0.0572852,-0.0069541
511.0000,0.0754178,0.0416502,-0.0573125,-0.0069590
511.5000,0.0754551,0.0416712,-0.0573392,-0.0069638
512.0000,0.0754914,0.0416917,-0.0573651,-0.0069685
512.5000,0.0755268,0.0417116,-0.0573904,-0.0069731
513.0000,0.0755612,0.0417310,-0.0574150,-0.0069775
513.5000,0.0755946,0.0417498,-0.0574389,-0.0069818
514.0000,0.0756270,0.0417681,-0.0574622,-0.0069859
514.5000,0.0756586,0.0417858,-0.0574848,-0.0069899
515.0000,0.0756891,0.0418030,-0.0575066,-0.0069938
515.5000,0.0757187,0.0418197,-0.0575278,-0.0069976
516.0000,0.0757473,0.0418357,-0.0575484,-0.0070012
516.5000,0.0757749,0.0418513,-0.0575682,-0.0070047
517.0000,0.0758016,0.0418663,-0.0575874,-0.0070080
517.5000,0.0758273,0.0418807,-0.0576059,-0.0070112
518.0000,0.0758521,0.0418946,-0.0576237,-0.0070143
518.5000,0.0758758,0.0419080,-0.0576408,-0.0070173
519.0000,0.0758986,0.0419208,-0.0576573,-0.0070201
519.5000,0.0759204,0.0419330,-0.0576731,-0.0070228
520.0000,0.0759412,0.0419447,-0.0576881,-0.0070253
520.5000,0.0759612,0.0419558,-0.0577026,-0.0070277
521.0000,0.0759800,0.0419664,-0.0577163,-0.0070300
521.5000,0.0759980,0.0419765,-0.0577293,-0.0070321
522.0000,0.0760150,0.0419860,-0.0577417,-0.0070341
522.5000,0.0760310,0.0419949,-0.0577533,-0.0070360
523.0000,0.0760460,0.0420033,-0.0577644,-0.0070377
523.5000,0.0760601,0.0420111,-0.0577747,-0.0070393
524.0000,0.0760732,0.0420184,-0.0577843,-0.0070408
524.5000,0.0760853,0.0420252,-0.0577933,-0.0070421
525.0000,0.0760964,0.0420313,-0.0578015,-0.0070433
525.5000,0.0761066,0.0420370,-0.0578091,-0.0070443
526.0000,0.0761158,0.0420421,-0.0578160,-0.0070453
526.5000,0.0761240,0.0420465,-0.0578223,-0.0070460
527.0000,0.0761312,0.0420505,-0.0578278,-0.0070467
527.5000,0.0761375,0.0420539,-0.0578326,-0.0070472
528.0000,0.0761428,0.0420568,-0.0578368,-0.0070475
528.5000,0.0761471,0.0420591,-0.0578403,-0.0070478
529.0000,0.0761505,0.0420609,-0.0578431,-0.0070479
529.5000,0.0761528,0.0420621,-0.0578452,-0.0070478
530.0000,0.0761542,0.0420627,-0.0578467,-0.0070476
530.5000,0.0761547,0.0420628,-0.0578474,-0.0070473
531.0000,0.0761541,0.0420623,-0.0578475,-0.0070469
531.5000,0.0761526,0.0420613,-0.0578469,-0.0070463
532.0000,0.0761501,0.0420598,-0.0578456,-0.0070456
532.5000,0.0761466,0.0420577,-0.0578436,-0.0070447
533.0000,0.0761421,0.0420550,-0.0578409,-0.0070437
533.5000,0.0761367,0.0420517,-0.0578376,-0.0070426
534.0000,0.0761303,0.0420480,-0.0578336,-0.0070413
534.5000,0.0761229,0.0420436,-0.0578288,-0.0070399
535.0000,0.0761146,0.0420387,-0.0578234,-0.0070384
535.5000,0.0761052,0.0420333,-0.0578173,-0.0070367
536.0000,0.0760949,0.0420272,-0.0578106,-0.0070349
536.5000,0.0760835,0.0420207,-0.0578030,-0.0070329
537.0000,0.0760713,0.0420136,-0.0577949,-0.0070309
537.5000,0.0760581,0.0420059,-0.0577861,-0.0070286
538.0000,0.0760438,0.0419977,-0.0577765,-0.0070263
538.5000,0.0760286,0.0419889,-0.0577663,-0.0070238
539.0000,0.0760125,0.0419796,-0.0577554,-0.0070212
539.5000,0.0759953,0.0419697,-0.0577438,-0.0070184
540.0000,0.0759771,0.0419593,-0.0577315,-0.0070155
540.5000,0.0759580,0.0419483,-0.0577185,-0.0070125
541.0000,0.0759379,0.0419368,-0.0577049,-0.0070094
541.5000,0.0759169,0.0419247,-0.0576905,-0.0070061
542.0000,0.0758948,0.0419120,-0.0576755,-0.0070026
542.5000,0.0758718,0.0418989,-0.0576598,-0.0069990
543.0000,0.0758478,0.0418851,-0.0576434,-0.0069954
543.5000,0.0758229,0.0418708,-0.0576263,-0.0069915
544.0000,0.0757969,0.0418559,-0.0576085,-0.0069876
544.5000,0.0757700,0.0418405,-0.0575900,-0.0069835
545.0000,0.0757421,0.0418246,-0.0575708,-0.0069793
545.5000,0.0757132,0.0418081,-0.0575510,-0.0069749
546.0000,0.0756833,0.0417910,-0.0575304,-0.0069704
546.5000,0.0756525,0.0417733,-0.0575092,-0.0069658
547.0000,0.0756207,0.0417552,-0.0574872,-0.0069610
547.5000,0.0755879,0.0417364,-0.0574646,-0.0069561
548.0000,0.0755542,0.0417172,-0.0574413,-0.0069511
548.5000,0.0755194,0.0416974,-0.0574173,-0.0069459
549.0000,0.0754837,0.0416770,-0.0573926,-0.0069407
549.5000,0.0754471,0.0416561,-0.0573672,-0.0069352
550.0000,0.0754094,0.0416346,-0.0573412,-0.0069297
550.5000,0.0753708,0.0416126,-0.0573144,-0.0069240
551.0000,0.0753312,0.0415900,-0.0572869,-0.0069182
551.5000,0.0752906,0.0415669,-0.0572588,-0.0069123
552.0000,0.0752490,0.0415432,-0.0572300,-0.0069062
552.5000,0.0752065,0.0415190,-0.0572004,-0.0069001
553.0000,0.0751631,0.0414942,-0.0571702,-0.0068937
553.5000,0.0751186,0.0414689,-0.0571393,-0.0068873
554.0000,0.0750732,0.0414430,-0.0571077,-0.0068807
554.5000,0.0750268,0.0414166,-0.0570754,-0.0068741
555.0000,0.0749794,0.0413896,-0.0570424,-0.0068672
555.5000,0.0749310,0.0413621,-0.0570087,-0.0068603
556.0000,0.0748817,0.0413341,-0.0569743,-0.0068532
556.5000,0.0748314,0.0413055,-0.0569392,-0.0068460
557.0000,0.0747802,0.0412763,-0.0569035,-0.0068387
557.5000,0.0747280,0.0412466,-0.0568670,-0.0068312
558.0000,0.0746748,0.0412164,-0.0568299,-0.0068236
558.5000,0.0746206,0.0411856,-0.0567920,-0.0068159
559.0000,0.0745655,0.0411543,-0.0567535,-0.0068081
559.5000,0.0745094,0.0411225,-0.0567143,-0.0068002
560.0000,0.0744523,0.0410900,-0.0566744,-0.0067921
560.5000,0.0743944,0.0410571,-0.0566338,-0.0067839
561.0000,0.0743354,0.0410236,-0.0565925,-0.0067756
561.5000,0.0742755,0.0409896,-0.0565505,-0.0067672
562.0000,0.0742145,0.0409550,-0.0565078,-0.0067586
562.5000,0.0741526,0.0409199,-0.0564644,-0.0067499
563.0000,0.0740898,0.0408842,-0.0564203,-0.0067411
563.5000,0.0740260,0.0408480,-0.0563755,-0.0067322
564.0000,0.0739612,0.0408113,-0.0563300,-0.0067232
564.5000,0.0738955,0.0407740,-0.0562839,-0.0067140
565.0000,0.0738288,0.0407362,-0.0562370,-0.0067047
565.5000,0.0737612,0.0406979,-0.0561894,-0.0066954
566.0000,0.0736925,0.0406590,-0.0561412,-0.0066858
566.5000,0.0736230,0.0406196,-0.0560923,-0.0066762
567.0000,0.0735525,0.0405796,-0.0560427,-0.0066665
567.5000,0.0734810,0.0405392,-0.0559923,-0.0066567
568.0000,0.0734086,0.0404981,-0.0559413,-0.0066467
568.5000,0.0733352,0.0404566,-0.0558896,-0.0066366
569.0000,0.0732609,0.0404145,-0.0558372,-0.0066264
569.5000,0.0731856,0.0403719,-0.0557841,-0.0066161
570.0000,0.0731094,0.0403287,-0.0557303,-0.0066057
570.5000,0.0730323,0.0402851,-0.0556758,-0.0065951
571.0000,0.0729541,0.0402409,-0.0556206,-0.0065845
571.5000,0.0728750,0.0401961,-0.0555647,-0.0065737
572.0000,0.0727950,0.0401509,-0.0555082,-0.0065629
572.5000,0.0727140,0.0401051,-0.0554509,-0.0065519
573.0000,0.0726321,0.0400587,-0.0553930,-0.0065408
573.5000,0.0725492,0.0400119,-0.0553343,-0.0065296
574.0000,0.0724654,0.0399646,-0.0552750,-0.0065183
574.5000,0.0723807,0.0399166,-0.0552149,-0.0065069
575.0000,0.0722950,0.0398683,-0.0551542,-0.0064954
575.5000,0.0722083,0.0398193,-0.0550928,-0.0064838
576.0000,0.0721207,0.0397698,-0.0550307,-0.0064720
576.5000,0.0720323,0.0397199,-0.0549679,-0.0064602
577.0000,0.0719428,0.0396694,-0.0549044,-0.0064483
577.5000,0.0718524,0.0396183,-0.0548402,-0.0064362
578.0000,0.0717611,0.0395668,-0.0547754,-0.0064241
578.5000,0.0716688,0.0395147,-0.0547098,-0.0064118
579.0000,0.0715756,0.0394622,-0.0546435,-0.0063995
579.5000,0.0714815,0.0394090,-0.0545766,-0.0063870
580.0000,0.0713865,0.0393554,-0.0545090,-0.0063745
580.5000,0.0712905,0.0393013,-0.0544407,-0.0063619
581.0000,0.0711937,0.0392467,-0.0543717,-0.0063491
581.5000,0.0710958,0.0391915,-0.0543020,-0.0063363
582.0000,0.0709971,0.0391359,-0.0542316,-0.0063233
582.5000,0.0708974,0.0390797,-0.0541605,-0.0063103
583.0000,0.0707969,0.0390230,-0.0540887,-0.0062972
583.5000,0.0706953,0.0389659,-0.0540163,-0.0062839
584.0000,0.0705929,0.0389082,-0.0539432,-0.0062706
584.5000,0.0704896,0.0388500,-0.0538693,-0.0062572
585.0000,0.0703853,0.0387913,-0.0537949,-0.0062437
585.5000,0.0702802,0.0387321,-0.0537197,-0.0062301
586.0000,0.0701741,0.0386724,-0.0536438,-0.0062164
586.5000,0.0700671,0.0386122,-0.0535672,-0.0062026
587.0000,0.0699592,0.0385515,-0.0534900,-0.0061887
587.5000,0.0698505,0.0384903,-0.0534121,-0.0061747
588.0000,0.0697408,0.0384286,-0.0533335,-0.0061607
588.5000,0.0696302,0.0383664,-0.0532543,-0.0061466
589.0000,0.0695187,0.0383037,-0.0531743,-0.0061323
589.5000,0.0694063,0.0382405,-0.0530937,-0.0061180
590.0000,0.0692930,0.0381768,-0.0530124,-0.0061036
590.5000,0.0691788,0.0381127,-0.0529304,-0.0060891
591.0000,0.0690638,0.0380480,-0.0528477,-0.0060745
591.5000,0.0689478,0.0379829,-0.0527643,-0.0060599
592.0000,0.0688309,0.0379172,-0.0526803,-0.0060451
592.5000,0.0687132,0.0378511,-0.0525956,-0.0060303
593.0000,0.0685946,0.0377845,-0.0525103,-0.0060154
593.5000,0.0684750,0.0377174,-0.0524242,-0.0060004
594.0000,0.0683547,0.0376498,-0.0523375,-0.0059853
594.5000,0.0682334,0.0375818,-0.0522501,-0.0059702
595.0000,0.0681112,0.0375133,-0.0521620,-0.0059550
595.5000,0.0679882,0.0374442,-0.0520733,-0.0059397
596.0000,0.0678643,0.0373748,-0.0519839,-0.0059243
596.5000,0.0677396,0.0373048,-0.0518938,-0.0059089
597.0000,0.0676140,0.0372344,-0.0518031,-0.0058933
597.5000,0.0674875,0.0371635,-0.0517117,-0.0058777
598.0000,0.0673601,0.0370921,-0.0516196,-0.0058621
598.5000,0.0672319,0.0370202,-0.0515269,-0.0058463
599.0000,0.0671029,0.0369480,-0.0514336,-0.0058305
599.5000,0.0669730,0.0368752,-0.0513395,-0.0058146
600.0000,0.0668422,0.0368019,-0.0512448,-0.0057986
600.5000,0.0667106,0.0367282,-0.0511494,-0.0057826
601.0000,0.0665781,0.0366541,-0.0510534,-0.0057665
601.5000,0.0664449,0.0365795,-0.0509568,-0.0057504
602.0000,0.0663107,0.0365044,-0.0508594,-0.0057341
602.5000,0.0661758,0.0364289,-0.0507615,-0.0057178
603.0000,0.0660399,0.0363529,-0.0506629,-0.0057015
603.5000,0.0659033,0.0362765,-0.0505636,-0.0056851
604.0000,0.0657658,0.0361996,-0.0504637,-0.0056686
604.5000,0.0656275,0.0361223,-0.0503631,-0.0056520
605.0000,0.0654885,0.0360445,-0.0502619,-0.0056354
605.5000,0.0653485,0.0359663,-0.0501601,-0.0056187
606.0000,0.0652078,0.0358876,-0.0500576,-0.0056020
606.5000,0.0650662,0.0358085,-0.0499544,-0.0055852
607.0000,0.0649238,0.0357289,-0.0498507,-0.0055683
607.5000,0.0647806,0.0356490,-0.0497463,-0.0055514
608.0000,0.0646367,0.0355686,-0.0496412,-0.0055345
608.5000,0.0644919,0.0354877,-0.0495355,-0.0055174
609.0000,0.0643463,0.0354064,-0.0494292,-0.0055004
609.5000,0.0642000,0.0353248,-0.0493223,-0.0054832
610.0000,0.0640527,0.0352426,-0.0492147,-0.0054660
610.5000,0.0639048,0.0351601,-0.0491066,-0.0054488
611.0000,0.0637561,0.0350771,-0.0489978,-0.0054315
611.5000,0.0636066,0.0349937,-0.0488884,-0.0054142
612.0000,0.0634563,0.0349098,-0.0487783,-0.0053968
612.5000,0.0633053,0.0348256,-0.0486676,-0.0053794
613.0000,0.0631534,0.0347410,-0.0485564,-0.0053619
613.5000,0.0630009,0.0346560,-0.0484445,-0.0053443
614.0000,0.0628475,0.0345705,-0.0483320,-0.0053268
614.5000,0.0626934,0.0344846,-0.0482189,-0.0053091
615.0000,0.0625385,0.0343984,-0.0481052,-0.0052915
615.5000,0.0623830,0.0343117,-0.0479909,-0.0052738
616.0000,0.0622266,0.0342246,-0.0478760,-0.0052560
616.5000,0.0620695,0.0341371,-0.0477605,-0.0052382
617.0000,0.0619117,0.0340492,-0.0476444,-0.0052204
617.5000,0.0617531,0.0339609,-0.0475277,-0.0052025
618.0000,0.0615938,0.0338723,-0.0474104,-0.0051846
618.5000,0.0614338,0.0337832,-0.0472926,-0.0051666
619.0000,0.0612730,0.0336938,-0.0471741,-0.0051486
619.5000,0.0611116,0.0336040,-0.0470551,-0.0051306
620.0000,0.0609494,0.0335138,-0.0469355,-0.0051125
620.5000,0.0607865,0.0334232,-0.0468153,-0.0050944
621.0000,0.0606230,0.0333323,-0.0466945,-0.0050763
621.5000,0.0604587,0.0332410,-0.0465732,-0.0050581
622.0000,0.0602937,0.0331493,-0.0464513,-0.0050399
622.5000,0.0601280,0.0330572,-0.0463288,-0.0050217
623.0000,0.0599618,0.0329647,-0.0462058,-0.0050034
623.5000,0.0597947,0.0328720,-0.0460822,-0.0049851
624.0000,0.0596271,0.0327788,-0.0459581,-0.0049668
624.5000,0.0594588,0.0326853,-0.0458334,-0.0049484
625.0000,0.0592897,0.0325914,-0.0457082,-0.0049300
625.5000,0.0591200,0.0324972,-0.0455824,-0.0049116
626.0000,0.0589496,0.0324027,-0.0454561,-0.0048932
626.5000,0.0587787,0.0323078,-0.0453292,-0.0048747
627.0000,0.0586070,0.0322125,-0.0452018,-0.0048563
627.5000,0.0584348,0.0321169,-0.0450739,-0.0048378
628.0000,0.0582620,0.0320210,-0.0449455,-0.0048192
628.5000,0.0580883,0.0319248,-0.0448164,-0.0048007
629.0000,0.0579142,0.0318282,-0.0446870,-0.0047821
629.5000,0.0577394,0.0317312,-0.0445569,-0.0047635
630.0000,0.0575640,0.0316340,-0.0444264,-0.0047449
630.5000,0.0573880,0.0315364,-0.0442954,-0.0047263
631.0000,0.0572115,0.0314386,-0.0441638,-0.0047077
631.5000,0.0570343,0.0313404,-0.0440318,-0.0046890
632.0000,0.0568565,0.0312418,-0.0438993,-0.0046703
632.5000,0.0566781,0.0311430,-0.0437662,-0.0046517
633.0000,0.0564993,0.0310440,-0.0436327,-0.0046330
633.5000,0.0563197,0.0309445,-0.0434986,-0.0046143
634.0000,0.0561396,0.0308448,-0.0433641,-0.0045955
634.5000,0.0559590,0.0307448,-0.0432291,-0.0045768
635.0000,0.0557778,0.0306444,-0.0430937,-0.0045581
635.5000,0.0555960,0.0305438,-0.0429578,-0.0045393
636.0000,0.0554138,0.0304430,-0.0428214,-0.0045205
636.5000,0.0552309,0.0303418,-0.0426846,-0.0045018
637.0000,0.0550476,0.0302403,-0.0425473,-0.0044830
637.5000,0.0548637,0.0301386,-0.0424095,-0.0044642
638.0000,0.0546793,0.0300366,-0.0422713,-0.0044454
638.5000,0.0544944,0.0299343,-0.0421326,-0.0044266
639.0000,0.0543090,0.0298318,-0.0419935,-0.0044078
639.5000,0.0541230,0.0297290,-0.0418540,-0.0043890
640.0000,0.0539367,0.0296260,-0.0417141,-0.0043702
640.5000,0.0537497,0.0295226,-0.0415737,-0.0043514
641.0000,0.0535624,0.0294190,-0.0414329,-0.0043326
641.5000,0.0533745,0.0293152,-0.0412917,-0.0043137
642.0000,0.0531862,0.0292112,-0.0411501,-0.0042949
642.5000,0.0529974,0.0291069,-0.0410081,-0.0042761
643.0000,0.0528081,0.0290023,-0.0408656,-0.0042573
643.5000,0.0526184,0.0288975,-0.0407228,-0.0042385
644.0000,0.0524283,0.0287925,-0.0405796,-0.0042197
644.5000,0.0522377,0.0286873,-0.0404360,-0.0042009
645.0000,0.0520468,0.0285819,-0.0402920,-0.0041822
645.5000,0.0518553,0.0284762,-0.0401477,-0.0041634
646.0000,0.0516635,0.0283703,-0.0400029,-0.0041446
646.5000,0.0514713,0.0282642,-0.0398578,-0.0041258
647.0000,0.0512786,0.0281579,-0.0397124,-0.0041071
647.5000,0.0510856,0.0280514,-0.0395666,-0.0040883
648.0000,0.0508922,0.0279447,-0.0394204,-0.0040696
648.5000,0.0506985,0.0278378,-0.0392739,-0.0040509
649.0000,0.0505043,0.0277307,-0.0391271,-0.0040321
649.5000,0.0503097,0.0276234,-0.0389799,-0.0040134
650.0000,0.0501149,0.0275159,-0.0388324,-0.0039947
650.5000,0.0499197,0.0274083,-0.0386846,-0.0039761
651.0000,0.0497241,0.0273005,-0.0385364,-0.0039574
651.5000,0.0495282,0.0271925,-0.0383880,-0.0039387
652.0000,0.0493320,0.0270843,-0.0382393,-0.0039201
652.5000,0.0491354,0.0269760,-0.0380902,-0.0039015
653.0000,0.0489386,0.0268675,-0.0379409,-0.0038829
653.5000,0.0487414,0.0267589,-0.0377913,-0.0038643
654.0000,0.0485440,0.0266501,-0.0376413,-0.0038457
654.5000,0.0483462,0.0265411,-0.0374911,-0.0038272
655.0000,0.0481482,0.0264320,-0.0373407,-0.0038086
655.5000,0.0479499,0.0263228,-0.0371899,-0.0037901
656.0000,0.0477514,0.0262135,-0.0370390,-0.0037716
656.5000,0.0475525,0.0261040,-0.0368878,-0.0037532
657.0000,0.0473535,0.0259944,-0.0367363,-0.0037347
657.5000,0.0471542,0.0258847,-0.0365846,-0.0037163
658.0000,0.0469546,0.0257748,-0.0364326,-0.0036979
658.5000,0.0467549,0.0256648,-0.0362804,-0.0036796
659.0000,0.0465549,0.0255548,-0.0361280,-0.0036612
659.5000,0.0463547,0.0254446,-0.0359754,-0.0036429
660.0000,0.0461543,0.0253343,-0.0358226,-0.0036246
660.5000,0.0459537,0.0252239,-0.0356696,-0.0036063
661.0000,0.0457529,0.0251134,-0.0355164,-0.0035881
661.5000,0.0455519,0.0250029,-0.0353630,-0.0035699
662.0000,0.0453508,0.0248923,-0.0352094,-0.0035517
662.5000,0.0451495,0.0247815,-0.0350556,-0.0035335
663.0000,0.0449480,0.0246707,-0.0349017,-0.0035154
663.5000,0.0447465,0.0245599,-0.0347475,-0.0034973
664.0000,0.0445447,0.0244489,-0.0345933,-0.0034792
664.5000,0.0443429,0.0243379,-0.0344389,-0.0034612
665.0000,0.0441409,0.0242269,-0.0342843,-0.0034432
665.5000,0.0439389,0.0241158,-0.0341297,-0.0034252
666.0000,0.0437366,0.0240046,-0.0339748,-0.0034073
666.5000,0.0435343,0.0238934,-0.0338198,-0.0033894
667.0000,0.0433320,0.0237822,-0.0336648,-0.0033715
667.5000,0.0431295,0.0236709,-0.0335096,-0.0033537
668.0000,0.0429270,0.0235596,-0.0333543,-0.0033359
668.5000,0.0427244,0.0234483,-0.0331989,-0.0033181
669.0000,0.0425217,0.0233369,-0.0330434,-0.0033004
669.5000,0.0423191,0.0232256,-0.0328879,-0.0032827
670.0000,0.0421163,0.0231142,-0.0327323,-0.0032650
670.5000,0.0419136,0.0230028,-0.0325765,-0.0032474
671.0000,0.0417108,0.0228915,-0.0324208,-0.0032298
671.5000,0.0415080,0.0227801,-0.0322649,-0.0032123
672.0000,0.0413052,0.0226687,-0.0321091,-0.0031948
672.5000,0.0411024,0.0225573,-0.0319531,-0.0031773
673.0000,0.0408997,0.0224460,-0.0317972,-0.0031599
673.5000,0.0406969,0.0223346,-0.0316411,-0.0031425
674.0000,0.0404941,0.0222233,-0.0314851,-0.0031252
674.5000,0.0402914,0.0221121,-0.0313291,-0.0031079
675.0000,0.0400888,0.0220008,-0.0311730,-0.0030906
675.5000,0.0398862,0.0218896,-0.0310169,-0.0030734
676.0000,0.0396837,0.0217784,-0.0308609,-0.0030563
676.5000,0.0394812,0.0216673,-0.0307048,-0.0030391
677.0000,0.0392789,0.0215562,-0.0305488,-0.0030220
677.5000,0.0390765,0.0214452,-0.0303928,-0.0030050
678.0000,0.0388744,0.0213343,-0.0302369,-0.0029880
678.5000,0.0386723,0.0212234,-0.0300809,-0.0029711
679.0000,0.0384703,0.0211125,-0.0299250,-0.0029542
679.5000,0.0382684,0.0210018,-0.0297692,-0.0029373
680.0000,0.0380667,0.0208911,-0.0296134,-0.0029205
680.5000,0.0378651,0.0207805,-0.0294576,-0.0029038
681.0000,0.0376637,0.0206700,-0.0293020,-0.0028871
681.5000,0.0374624,0.0205596,-0.0291464,-0.0028704
682.0000,0.0372612,0.0204493,-0.0289909,-0.0028538
682.5000,0.0370602,0.0203390,-0.0288355,-0.0028372
683.0000,0.0368595,0.0202289,-0.0286802,-0.0028207
683.5000,0.0366589,0.0201189,-0.0285250,-0.0028042
684.0000,0.0364584,0.0200089,-0.0283698,-0.0027878
684.5000,0.0362582,0.0198991,-0.0282148,-0.0027714
685.0000,0.0360582,0.0197894,-0.0280600,-0.0027550
685.5000,0.0358584,0.0196799,-0.0279053,-0.0027388
686.0000,0.0356589,0.0195705,-0.0277507,-0.0027225
686.5000,0.0354596,0.0194612,-0.0275963,-0.0027064
687.0000,0.0352605,0.0193521,-0.0274420,-0.0026902
687.5000,0.0350617,0.0192431,-0.0272878,-0.0026742
688.0000,0.0348631,0.0191342,-0.0271339,-0.0026582
688.5000,0.0346648,0.0190255,-0.0269801,-0.0026422
689.0000,0.0344668,0.0189169,-0.0268265,-0.0026263
689.5000,0.0342690,0.0188085,-0.0266730,-0.0026104
690.0000,0.0340715,0.0187003,-0.0265198,-0.0025946
690.5000,0.0338744,0.0185922,-0.0263667,-0.0025788
691.0000,0.0336776,0.0184843,-0.0262138,-0.0025631
691.5000,0.0334810,0.0183766,-0.0260612,-0.0025475
692.0000,0.0332848,0.0182690,-0.0259088,-0.0025319
692.5000,0.0330889,0.0181616,-0.0257565,-0.0025163
693.0000,0.0328933,0.0180545,-0.0256046,-0.0025008
693.5000,0.0326981,0.0179475,-0.0254528,-0.0024854
694.0000,0.0325032,0.0178407,-0.0253013,-0.0024700
694.5000,0.0323087,0.0177342,-0.0251501,-0.0024547
695.0000,0.0321146,0.0176278,-0.0249991,-0.0024394
695.5000,0.0319208,0.0175216,-0.0248483,-0.0024242
696.0000,0.0317274,0.0174156,-0.0246978,-0.0024090
696.5000,0.0315344,0.0173099,-0.0245476,-0.0023939
697.0000,0.0313418,0.0172044,-0.0243977,-0.0023789
697.5000,0.0311496,0.0170990,-0.0242480,-0.0023639
698.0000,0.0309578,0.0169939,-0.0240987,-0.0023490
698.5000,0.0307664,0.0168891,-0.0239496,-0.0023341
699.0000,0.0305755,0.0167845,-0.0238009,-0.0023193
699.5000,0.0303849,0.0166801,-0.0236524,-0.0023045
700.0000,0.0301948,0.0165760,-0.0235042,-0.0022898
700.5000,0.0300051,0.0164721,-0.0233564,-0.0022752
701.0000,0.0298159,0.0163684,-0.0232089,-0.0022606
701.5000,0.0296272,0.0162651,-0.0230618,-0.0022460
702.0000,0.0294390,0.0161620,-0.0229150,-0.0022316
702.5000,0.0292511,0.0160590,-0.0227684,-0.0022171
703.0000,0.0290637,0.0159564,-0.0226223,-0.0022028
703.5000,0.0288768,0.0158540,-0.0224765,-0.0021885
704.0000,0.0286905,0.0157520,-0.0223311,-0.0021742
704.5000,0.0285046,0.0156501,-0.0221860,-0.0021600
705.0000,0.0283192,0.0155486,-0.0220413,-0.0021459
705.5000,0.0281343,0.0154474,-0.0218969,-0.0021318
706.0000,0.0279499,0.0153464,-0.0217529,-0.0021178
706.5000,0.0277661,0.0152457,-0.0216093,-0.0021039
707.0000,0.0275828,0.0151453,-0.0214662,-0.0020900
707.5000,0.0274000,0.0150452,-0.0213233,-0.0020762
708.0000,0.0272178,0.0149454,-0.0211810,-0.0020624
708.5000,0.0270361,0.0148459,-0.0210390,-0.0020487
709.0000,0.0268549,0.0147467,-0.0208973,-0.0020350
709.5000,0.0266743,0.0146477,-0.0207562,-0.0020214
710.0000,0.0264942,0.0145491,-0.0206154,-0.0020079
710.5000,0.0263147,0.0144508,-0.0204751,-0.0019944
711.0000,0.0261358,0.0143529,-0.0203352,-0.0019810
711.5000,0.0259575,0.0142552,-0.0201957,-0.0019676
712.0000,0.0257798,0.0141579,-0.0200567,-0.0019544
712.5000,0.0256026,0.0140608,-0.0199181,-0.0019411
713.0000,0.0254260,0.0139641,-0.0197799,-0.0019279
713.5000,0.0252500,0.0138678,-0.0196422,-0.0019148
714.0000,0.0250746,0.0137717,-0.0195050,-0.0019017
714.5000,0.0248998,0.0136760,-0.0193682,-0.0018888
715.0000,0.0247257,0.0135806,-0.0192319,-0.0018758
715.5000,0.0245521,0.0134856,-0.0190960,-0.0018629
716.0000,0.0243792,0.0133909,-0.0189606,-0.0018501
716.5000,0.0242069,0.0132965,-0.0188257,-0.0018374
717.0000,0.0240352,0.0132025,-0.0186912,-0.0018247
717.5000,0.0238642,0.0131089,-0.0185573,-0.0018120
718.0000,0.0236938,0.0130156,-0.0184238,-0.0017995
718.5000,0.0235241,0.0129226,-0.0182909,-0.0017870
719.0000,0.0233550,0.0128300,-0.0181584,-0.0017745
719.5000,0.0231865,0.0127377,-0.0180264,-0.0017621
720.0000,0.0230186,0.0126458,-0.0178949,-0.0017497
720.5000,0.0228515,0.0125543,-0.0177639,-0.0017375
721.0000,0.0226850,0.0124631,-0.0176334,-0.0017252
721.5000,0.0225192,0.0123724,-0.0175035,-0.0017131
722.0000,0.0223540,0.0122819,-0.0173740,-0.0017010
722.5000,0.0221896,0.0121918,-0.0172451,-0.0016890
723.0000,0.0220258,0.0121021,-0.0171167,-0.0016770
723.5000,0.0218627,0.0120128,-0.0169888,-0.0016651
724.0000,0.0217003,0.0119238,-0.0168614,-0.0016532
724.5000,0.0215385,0.0118353,-0.0167346,-0.0016414
725.0000,0.0213775,0.0117471,-0.0166083,-0.0016297
725.5000,0.0212171,0.0116593,-0.0164826,-0.0016180
726.0000,0.0210575,0.0115719,-0.0163574,-0.0016064
726.5000,0.0208986,0.0114848,-0.0162327,-0.0015948
727.0000,0.0207403,0.0113982,-0.0161086,-0.0015833
727.5000,0.0205828,0.0113119,-0.0159850,-0.0015719
728.0000,0.0204260,0.0112261,-0.0158620,-0.0015605
728.5000,0.0202698,0.0111405,-0.0157395,-0.0015492
729.0000,0.0201145,0.0110554,-0.0156176,-0.0015379
729.5000,0.0199598,0.0109707,-0.0154962,-0.0015267
730.0000,0.0198058,0.0108864,-0.0153754,-0.0015156
730.5000,0.0196526,0.0108024,-0.0152551,-0.0015045
731.0000,0.0195001,0.0107189,-0.0151354,-0.0014935
731.5000,0.0193483,0.0106358,-0.0150163,-0.0014825
732.0000,0.0191972,0.0105531,-0.0148978,-0.0014716
732.5000,0.0190469,0.0104707,-0.0147798,-0.0014607
733.0000,0.0188973,0.0103888,-0.0146624,-0.0014499
733.5000,0.0187485,0.0103073,-0.0145456,-0.0014392
734.0000,0.0186004,0.0102261,-0.0144293,-0.0014286
734.5000,0.0184530,0.0101454,-0.0143136,-0.0014179
735.0000,0.0183063,0.0100650,-0.0141985,-0.0014074
735.5000,0.0181604,0.0099851,-0.0140840,-0.0013969
736.0000,0.0180152,0.0099056,-0.0139700,-0.0013864
736.5000,0.0178709,0.0098265,-0.0138566,-0.0013760
737.0000,0.0177272,0.0097478,-0.0137438,-0.0013657
737.5000,0.0175843,0.0096696,-0.0136316,-0.0013555
738.0000,0.0174422,0.0095917,-0.0135200,-0.0013453
738.5000,0.0173008,0.0095143,-0.0134090,-0.0013351
739.0000,0.0171601,0.0094372,-0.0132986,-0.0013250
739.5000,0.0170202,0.0093605,-0.0131887,-0.0013150
740.0000,0.0168811,0.0092842,-0.0130795,-0.0013050
740.5000,0.0167427,0.0092085,-0.0129708,-0.0012951
741.0000,0.0166050,0.0091330,-0.0128627,-0.0012852
741.5000,0.0164681,0.0090581,-0.0127553,-0.0012754
742.0000,0.0163320,0.0089835,-0.0126484,-0.0012657
742.5000,0.0161967,0.0089093,-0.0125421,-0.0012560
743.0000,0.0160621,0.0088356,-0.0124365,-0.0012463
743.5000,0.0159282,0.0087622,-0.0123314,-0.0012367
744.0000,0.0157951,0.0086893,-0.0122268,-0.0012272
744.5000,0.0156628,0.0086168,-0.0121229,-0.0012177
745.0000,0.0155312,0.0085447,-0.0120196,-0.0012083
745.5000,0.0154004,0.0084730,-0.0119169,-0.0011990
746.0000,0.0152704,0.0084017,-0.0118148,-0.0011897
746.5000,0.0151411,0.0083309,-0.0117133,-0.0011804
747.0000,0.0150125,0.0082604,-0.0116124,-0.0011712
747.5000,0.0148848,0.0081904,-0.0115121,-0.0011621
748.0000,0.0147578,0.0081208,-0.0114124,-0.0011530
748.5000,0.0146315,0.0080517,-0.0113132,-0.0011440
749.0000,0.0145060,0.0079829,-0.0112147,-0.0011350
749.5000,0.0143813,0.0079145,-0.0111168,-0.0011261
750.0000,0.0142574,0.0078466,-0.0110196,-0.0011172
750.5000,0.0141343,0.0077791,-0.0109229,-0.0011084
751.0000,0.0140118,0.0077120,-0.0108268,-0.0010996
751.5000,0.0138901,0.0076453,-0.0107312,-0.0010909
752.0000,0.0137692,0.0075790,-0.0106363,-0.0010823
752.5000,0.0136490,0.0075131,-0.0105420,-0.0010737
753.0000,0.0135296,0.0074476,-0.0104483,-0.0010651
753.5000,0.0134109,0.0073826,-0.0103551,-0.0010567
754.0000,0.0132930,0.0073179,-0.0102626,-0.0010482
754.5000,0.0131758,0.0072537,-0.0101707,-0.0010398
755.0000,0.0130595,0.0071899,-0.0100793,-0.0010315
755.5000,0.0129438,0.0071265,-0.0099886,-0.0010232
756.0000,0.0128289,0.0070635,-0.0098984,-0.0010150
756.5000,0.0127147,0.0070008,-0.0098088,-0.0010068
757.0000,0.0126013,0.0069387,-0.0097198,-0.0009987
757.5000,0.0124886,0.0068769,-0.0096315,-0.0009906
758.0000,0.0123767,0.0068156,-0.0095437,-0.0009826
758.5000,0.0122656,0.0067546,-0.0094565,-0.0009746
759.0000,0.0121551,0.0066940,-0.0093699,-0.0009667
759.5000,0.0120454,0.0066338,-0.0092838,-0.0009589
760.0000,0.0119365,0.0065741,-0.0091984,-0.0009510
760.5000,0.0118283,0.0065148,-0.0091135,-0.0009433
761.0000,0.0117209,0.0064558,-0.0090293,-0.0009356
761.5000,0.0116141,0.0063973,-0.0089456,-0.0009279
762.0000,0.0115080,0.0063391,-0.0088624,-0.0009203
762.5000,0.0114028,0.0062814,-0.0087799,-0.0009127
763.0000,0.0112983,0.0062241,-0.0086980,-0.0009052
763.5000,0.0111945,0.0061671,-0.0086166,-0.0008978
764.0000,0.0110914,0.0061106,-0.0085358,-0.0008903
764.5000,0.0109890,0.0060544,-0.0084555,-0.0008830
765.0000,0.0108874,0.0059987,-0.0083759,-0.0008757
765.5000,0.0107865,0.0059433,-0.0082968,-0.0008684
766.0000,0.0106863,0.0058883,-0.0082183,-0.0008612
766.5000,0.0105868,0.0058338,-0.0081404,-0.0008540
767.0000,0.0104881,0.0057796,-0.0080630,-0.0008469
767.5000,0.0103900,0.0057258,-0.0079862,-0.0008398
768.0000,0.0102927,0.0056724,-0.0079099,-0.0008328
768.5000,0.0101961,0.0056194,-0.0078342,-0.0008258
769.0000,0.0101001,0.0055667,-0.0077591,-0.0008189
769.5000,0.0100049,0.0055145,-0.0076845,-0.0008120
770.0000,0.0099104,0.0054626,-0.0076105,-0.0008052
770.5000,0.0098166,0.0054111,-0.0075371,-0.0007984
771.0000,0.0097234,0.0053600,-0.0074641,-0.0007916
771.5000,0.0096311,0.0053093,-0.0073918,-0.0007849
772.0000,0.0095393,0.0052590,-0.0073200,-0.0007783
772.5000,0.0094483,0.0052090,-0.0072487,-0.0007717
773.0000,0.0093579,0.0051594,-0.0071780,-0.0007651
773.5000,0.0092682,0.0051101,-0.0071078,-0.0007586
774.0000,0.0091793,0.0050613,-0.0070382,-0.0007521
774.5000,0.0090909,0.0050128,-0.0069691,-0.0007457
775.0000,0.0090034,0.0049647,-0.0069006,-0.0007393
775.5000,0.0089164,0.0049170,-0.0068325,-0.0007330
776.0000,0.0088301,0.0048696,-0.0067651,-0.0007267
776.5000,0.0087445,0.0048226,-0.0066981,-0.0007204
777.0000,0.0086595,0.0047759,-0.0066317,-0.0007142
777.5000,0.0085752,0.0047296,-0.0065658,-0.0007081
778.0000,0.0084916,0.0046837,-0.0065004,-0.0007020
778.5000,0.0084086,0.0046382,-0.0064356,-0.0006959
779.0000,0.0083263,0.0045929,-0.0063712,-0.0006898
779.5000,0.0082446,0.0045480,-0.0063074,-0.0006839
780.0000,0.0081636,0.0045036,-0.0062441,-0.0006779
780.5000,0.0080832,0.0044594,-0.0061813,-0.0006720
781.0000,0.0080034,0.0044156,-0.0061190,-0.0006662
781.5000,0.0079244,0.0043722,-0.0060572,-0.0006604
782.0000,0.0078459,0.0043291,-0.0059960,-0.0006546
782.5000,0.0077681,0.0042863,-0.0059352,-0.0006489
783.0000,0.0076909,0.0042439,-0.0058749,-0.0006432
783.5000,0.0076143,0.0042019,-0.0058152,-0.0006375
784.0000,0.0075383,0.0041601,-0.0057559,-0.0006319
784.5000,0.0074630,0.0041188,-0.0056971,-0.0006263
785.0000,0.0073883,0.0040777,-0.0056388,-0.0006208
785.5000,0.0073142,0.0040370,-0.0055810,-0.0006153
786.0000,0.0072407,0.0039966,-0.0055237,-0.0006099
786.5000,0.0071678,0.0039565,-0.0054669,-0.0006045
787.0000,0.0070955,0.0039168,-0.0054105,-0.0005991
787.5000,0.0070239,0.0038774,-0.0053547,-0.0005938
788.0000,0.0069529,0.0038384,-0.0052993,-0.0005885
788.5000,0.0068824,0.0037997,-0.0052443,-0.0005833
789.0000,0.0068126,0.0037613,-0.0051899,-0.0005781
789.5000,0.0067433,0.0037232,-0.0051359,-0.0005729
790.0000,0.0066746,0.0036854,-0.0050824,-0.0005678
790.5000,0.0066065,0.0036480,-0.0050294,-0.0005627
791.0000,0.0065389,0.0036109,-0.0049768,-0.0005576
791.5000,0.0064720,0.0035741,-0.0049247,-0.0005526
792.0000,0.0064056,0.0035376,-0.0048730,-0.0005477
792.5000,0.0063399,0.0035015,-0.0048217,-0.0005427
793.0000,0.0062746,0.0034656,-0.0047710,-0.0005378
793.5000,0.0062099,0.0034300,-0.0047207,-0.0005330
794.0000,0.0061458,0.0033948,-0.0046707,-0.0005281
794.5000,0.0060823,0.0033599,-0.0046214,-0.0005234
795.0000,0.0060193,0.0033252,-0.0045724,-0.0005186
795.5000,0.0059568,0.0032909,-0.0045238,-0.0005139
796.0000,0.0058950,0.0032568,-0.0044757,-0.0005092
796.5000,0.0058336,0.0032231,-0.0044280,-0.0005046
797.0000,0.0057728,0.0031896,-0.0043807,-0.0005000
797.5000,0.0057125,0.0031565,-0.0043339,-0.0004954
798.0000,0.0056529,0.0031237,-0.0042875,-0.0004909
798.5000,0.0055937,0.0030911,-0.0042415,-0.0004864
799.0000,0.0055350,0.0030588,-0.0041959,-0.0004820
799.5000,0.0054768,0.0030268,-0.0041507,-0.0004775
800.0000,0.0054192,0.0029951,-0.0041060,-0.0004731
800.5000,0.0053621,0.0029637,-0.0040617,-0.0004688
801.0000,0.0053055,0.0029326,-0.0040177,-0.0004644
801.5000,0.0052494,0.0029017,-0.0039742,-0.0004602
802.0000,0.0051939,0.0028711,-0.0039311,-0.0004559
802.5000,0.0051388,0.0028409,-0.0038884,-0.0004517
803.0000,0.0050842,0.0028108,-0.0038461,-0.0004475
803.5000,0.0050302,0.0027810,-0.0038042,-0.0004433
804.0000,0.0049766,0.0027516,-0.0037626,-0.0004392
804.5000,0.0049235,0.0027223,-0.0037215,-0.0004351
805.0000,0.0048709,0.0026934,-0.0036807,-0.0004311
805.5000,0.0048188,0.0026647,-0.0036404,-0.0004270
806.0000,0.0047672,0.0026363,-0.0036004,-0.0004231
806.5000,0.0047160,0.0026082,-0.0035608,-0.0004191
807.0000,0.0046653,0.0025802,-0.0035215,-0.0004152
807.5000,0.0046151,0.0025526,-0.0034827,-0.0004113
808.0000,0.0045654,0.0025252,-0.0034442,-0.0004074
808.5000,0.0045161,0.0024981,-0.0034060,-0.0004036
809.0000,0.0044673,0.0024712,-0.0033683,-0.0003998
809.5000,0.0044189,0.0024446,-0.0033309,-0.0003960
810.0000,0.0043711,0.0024182,-0.0032939,-0.0003923
810.5000,0.0043237,0.0023921,-0.0032572,-0.0003885
811.0000,0.0042766,0.0023662,-0.0032209,-0.0003848
811.5000,0.0042301,0.0023406,-0.0031849,-0.0003812
812.0000,0.0041840,0.0023152,-0.0031493,-0.0003776
812.5000,0.0041383,0.0022900,-0.0031140,-0.0003740
813.0000,0.0040931,0.0022651,-0.0030791,-0.0003704
813.5000,0.0040483,0.0022404,-0.0030445,-0.0003669
814.0000,0.0040040,0.0022160,-0.0030103,-0.0003634
814.5000,0.0039600,0.0021918,-0.0029764,-0.0003599
815.0000,0.0039165,0.0021678,-0.0029428,-0.0003565
815.5000,0.0038735,0.0021441,-0.0029096,-0.0003531
816.0000,0.0038308,0.0021206,-0.0028766,-0.0003497
816.5000,0.0037885,0.0020973,-0.0028441,-0.0003463
817.0000,0.0037466,0.0020742,-0.0028118,-0.0003430
817.5000,0.0037052,0.0020514,-0.0027798,-0.0003397
818.0000,0.0036642,0.0020288,-0.0027483,-0.0003364
818.5000,0.0036236,0.0020064,-0.0027169,-0.0003332
819.0000,0.0035833,0.0019842,-0.0026860,-0.0003299
819.5000,0.0035435,0.0019622,-0.0026553,-0.0003268
820.0000,0.0035041,0.0019405,-0.0026249,-0.0003236
820.5000,0.0034650,0.0019190,-0.0025949,-0.0003204
821.0000,0.0034263,0.0018976,-0.0025651,-0.0003173
821.5000,0.0033881,0.0018765,-0.0025357,-0.0003142
822.0000,0.0033502,0.0018557,-0.0025065,-0.0003112
822.5000,0.0033127,0.0018350,-0.0024777,-0.0003081
823.0000,0.0032755,0.0018145,-0.0024492,-0.0003051
823.5000,0.0032388,0.0017942,-0.0024209,-0.0003022
824.0000,0.0032023,0.0017741,-0.0023929,-0.0002992
824.5000,0.0031663,0.0017542,-0.0023652,-0.0002963
825.0000,0.0031306,0.0017345,-0.0023378,-0.0002934
825.5000,0.0030952,0.0017151,-0.0023107,-0.0002905
826.0000,0.0030603,0.0016958,-0.0022838,-0.0002876
826.5000,0.0030257,0.0016767,-0.0022573,-0.0002848
827.0000,0.0029914,0.0016578,-0.0022310,-0.0002820
827.5000,0.0029575,0.0016391,-0.0022050,-0.0002793
828.0000,0.0029240,0.0016206,-0.0021792,-0.0002765
828.5000,0.0028907,0.0016022,-0.0021538,-0.0002738
829.0000,0.0028578,0.0015841,-0.0021285,-0.0002711
829.5000,0.0028252,0.0015661,-0.0021036,-0.0002684
830.0000,0.0027931,0.0015484,-0.0020790,-0.0002657
830.5000,0.0027611,0.0015308,-0.0020545,-0.0002631
831.0000,0.0027296,0.0015133,-0.0020304,-0.0002605
831.5000,0.0026983,0.0014961,-0.0020065,-0.0002579
832.0000,0.0026675,0.0014791,-0.0019828,-0.0002553
832.5000,0.0026368,0.0014621,-0.0019594,-0.0002527
833.0000,0.0026066,0.0014454,-0.0019363,-0.0002502
833.5000,0.0025766,0.0014289,-0.0019133,-0.0002477
834.0000,0.0025469,0.0014125,-0.0018907,-0.0002452
834.5000,0.0025176,0.0013963,-0.0018683,-0.0002428
835.0000,0.0024885,0.0013803,-0.0018461,-0.0002403
835.5000,0.0024598,0.0013644,-0.0018241,-0.0002379
836.0000,0.0024313,0.0013487,-0.0018024,-0.0002355
836.5000,0.0024031,0.0013331,-0.0017809,-0.0002331
837.0000,0.0023753,0.0013178,-0.0017597,-0.0002308
837.5000,0.0023477,0.0013025,-0.0017387,-0.0002285
838.0000,0.0023206,0.0012875,-0.0017179,-0.0002262
838.5000,0.0022935,0.0012726,-0.0016973,-0.0002238
839.0000,0.0022669,0.0012579,-0.0016770,-0.0002216
839.5000,0.0022405,0.0012433,-0.0016569,-0.0002194
840.0000,0.0022143,0.0012288,-0.0016369,-0.0002171
840.5000,0.0021884,0.0012145,-0.0016173,-0.0002149
841.0000,0.0021629,0.0012004,-0.0015978,-0.0002127
841.5000,0.0021376,0.0011865,-0.0015786,-0.0002106
842.0000,0.0021126,0.0011726,-0.0015595,-0.0002084
842.5000,0.0020878,0.0011589,-0.0015407,-0.0002063
843.0000,0.0020633,0.0011454,-0.0015221,-0.0002042
843.5000,0.0020391,0.0011320,-0.0015036,-0.0002021
844.0000,0.0020151,0.0011188,-0.0014854,-0.0002000
844.5000,0.0019914,0.0011057,-0.0014674,-0.0001980
845.0000,0.0019679,0.0010927,-0.0014496,-0.0001960
845.5000,0.0019447,0.0010799,-0.0014319,-0.0001939
846.0000,0.0019217,0.0010672,-0.0014145,-0.0001919
846.5000,0.0018990,0.0010546,-0.0013973,-0.0001900
847.0000,0.0018766,0.0010422,-0.0013803,-0.0001880
847.5000,0.0018544,0.0010299,-0.0013634,-0.0001861
848.0000,0.0018324,0.0010177,-0.0013467,-0.0001842
848.5000,0.0018106,0.0010057,-0.0013303,-0.0001822
849.0000,0.0017891,0.0009938,-0.0013140,-0.0001804
849.5000,0.0017679,0.0009821,-0.0012979,-0.0001785
850.0000,0.0017468,0.0009705,-0.0012820,-0.0001766
850.5000,0.0017260,0.0009590,-0.0012662,-0.0001748
851.0000,0.0017054,0.0009475,-0.0012506,-0.0001730
851.5000,0.0016851,0.0009363,-0.0012352,-0.0001712
852.0000,0.0016650,0.0009251,-0.0012200,-0.0001694
852.5000,0.0016450,0.0009141,-0.0012049,-0.0001676
853.0000,0.0016253,0.0009032,-0.0011901,-0.0001659
853.5000,0.0016058,0.0008924,-0.0011754,-0.0001641
854.0000,0.0015866,0.0008818,-0.0011608,-0.0001624
854.5000,0.0015675,0.0008713,-0.0011465,-0.0001607
855.0000,0.0015487,0.0008608,-0.0011322,-0.0001590
855.5000,0.0015301,0.0008505,-0.0011182,-0.0001574
856.0000,0.0015116,0.0008403,-0.0011043,-0.0001557
856.5000,0.0014934,0.0008303,-0.0010906,-0.0001541
857.0000,0.0014754,0.0008203,-0.0010770,-0.0001524
857.5000,0.0014576,0.0008104,-0.0010636,-0.0001508
858.0000,0.0014400,0.0008006,-0.0010503,-0.0001492
858.5000,0.0014225,0.0007910,-0.0010372,-0.0001477
859.0000,0.0014053,0.0007815,-0.0010242,-0.0001461
859.5000,0.0013883,0.0007720,-0.0010114,-0.0001446
860.0000,0.0013715,0.0007627,-0.0009988,-0.0001430
860.5000,0.0013548,0.0007535,-0.0009863,-0.0001415
861.0000,0.0013384,0.0007444,-0.0009739,-0.0001400
861.5000,0.0013221,0.0007354,-0.0009617,-0.0001385
862.0000,0.0013060,0.0007265,-0.0009496,-0.0001371
862.5000,0.0012900,0.0007176,-0.0009376,-0.0001356
863.0000,0.0012744,0.0007089,-0.0009258,-0.0001341
863.5000,0.0012587,0.0007003,-0.0009141,-0.0001327
864.0000,0.0012434,0.0006918,-0.0009026,-0.0001313
864.5000,0.0012282,0.0006834,-0.0008912,-0.0001299
865.0000,0.0012132,0.0006751,-0.0008800,-0.0001285
865.5000,0.0011983,0.0006668,-0.0008689,-0.0001271
866.0000,0.0011836,0.0006587,-0.0008578,-0.0001257
866.5000,0.0011691,0.0006507,-0.0008470,-0.0001244
867.0000,0.0011548,0.0006427,-0.0008362,-0.0001231
867.5000,0.0011406,0.0006348,-0.0008256,-0.0001217
868.0000,0.0011266,0.0006270,-0.0008151,-0.0001204
868.5000,0.0011127,0.0006194,-0.0008048,-0.0001191
869.0000,0.0010990,0.0006118,-0.0007946,-0.0001178
869.5000,0.0010855,0.0006043,-0.0007844,-0.0001166
870.0000,0.0010721,0.0005969,-0.0007745,-0.0001153
870.5000,0.0010589,0.0005895,-0.0007646,-0.0001141
871.0000,0.0010457,0.0005822,-0.0007548,-0.0001128
871.5000,0.0010328,0.0005751,-0.0007451,-0.0001116
872.0000,0.0010200,0.0005680,-0.0007356,-0.0001104
872.5000,0.0010074,0.0005610,-0.0007262,-0.0001092
873.0000,0.0009949,0.0005541,-0.0007169,-0.0001080
873.5000,0.0009825,0.0005472,-0.0007077,-0.0001068
874.0000,0.0009704,0.0005405,-0.0006986,-0.0001057
874.5000,0.0009583,0.0005338,-0.0006896,-0.0001045
875.0000,0.0009464,0.0005272,-0.0006807,-0.0001034
875.5000,0.0009345,0.0005206,-0.0006720,-0.0001022
876.0000,0.0009229,0.0005141,-0.0006633,-0.0001011
876.5000,0.0009114,0.0005078,-0.0006547,-0.0001000
877.0000,0.0009000,0.0005015,-0.0006463,-0.0000989
877.5000,0.0008888,0.0004952,-0.0006380,-0.0000978
878.0000,0.0008777,0.0004890,-0.0006297,-0.0000968
878.5000,0.0008667,0.0004829,-0.0006215,-0.0000957
879.0000,0.0008558,0.0004769,-0.0006135,-0.0000946
879.5000,0.0008450,0.0004709,-0.0006055,-0.0000936
880.0000,0.0008345,0.0004650,-0.0005977,-0.0000926
880.5000,0.0008240,0.0004592,-0.0005899,-0.0000916
881.0000,0.0008136,0.0004535,-0.0005823,-0.0000905
881.5000,0.0008034,0.0004478,-0.0005747,-0.0000895
882.0000,0.0007933,0.0004422,-0.0005672,-0.0000885
882.5000,0.0007833,0.0004366,-0.0005598,-0.0000875
883.0000,0.0007734,0.0004311,-0.0005525,-0.0000866
883.5000,0.0007637,0.0004257,-0.0005453,-0.0000856
884.0000,0.0007540,0.0004204,-0.0005382,-0.0000847
884.5000,0.0007445,0.0004151,-0.0005312,-0.0000837
885.0000,0.0007351,0.0004098,-0.0005242,-0.0000828
885.5000,0.0007258,0.0004047,-0.0005174,-0.0000818
886.0000,0.0007166,0.0003996,-0.0005106,-0.0000809
886.5000,0.0007075,0.0003946,-0.0005039,-0.0000800
887.0000,0.0006986,0.0003896,-0.0004973,-0.0000791
887.5000,0.0006897,0.0003847,-0.0004907,-0.0000783
888.0000,0.0006809,0.0003798,-0.0004843,-0.0000774
888.5000,0.0006723,0.0003749,-0.0004779,-0.0000765
889.0000,0.0006637,0.0003702,-0.0004716,-0.0000756
889.5000,0.0006552,0.0003655,-0.0004654,-0.0000748
890.0000,0.0006469,0.0003609,-0.0004593,-0.0000739
890.5000,0.0006386,0.0003563,-0.0004532,-0.0000731
891.0000,0.0006305,0.0003518,-0.0004472,-0.0000723
891.5000,0.0006225,0.0003473,-0.0004413,-0.0000715
892.0000,0.0006146,0.0003429,-0.0004355,-0.0000707
892.5000,0.0006066,0.0003385,-0.0004297,-0.0000699
893.0000,0.0005990,0.0003342,-0.0004241,-0.0000691
893.5000,0.0005913,0.0003299,-0.0004185,-0.0000683
894.0000,0.0005837,0.0003257,-0.0004129,-0.0000675
894.5000,0.0005762,0.0003216,-0.0004074,-0.0000667
895.0000,0.0005688,0.0003174,-0.0004020,-0.0000660
895.5000,0.0005615,0.0003134,-0.0003966,-0.0000652
896.0000,0.0005542,0.0003093,-0.0003914,-0.0000645
896.5000,0.0005471,0.0003054,-0.0003861,-0.0000638
897.0000,0.0005401,0.0003015,-0.0003810,-0.0000630
897.5000,0.0005332,0.0002977,-0.0003760,-0.0000623
898.0000,0.0005263,0.0002938,-0.0003709,-0.0000616
898.5000,0.0005195,0.0002901,-0.0003660,-0.0000609
899.0000,0.0005128,0.0002863,-0.0003611,-0.0000602
899.5000,0.0005062,0.0002827,-0.0003563,-0.0000595
900.0000,0.0004996,0.0002790,-0.0003515,-0.0000588
900.5000,0.0004931,0.0002755,-0.0003468,-0.0000582
901.0000,0.0004868,0.0002719,-0.0003421,-0.0000575
901.5000,0.0004804,0.0002684,-0.0003376,-0.0000568
902.0000,0.0004742,0.0002649,-0.0003330,-0.0000562
902.5000,0.0004681,0.0002615,-0.0003285,-0.0000555
903.0000,0.0004620,0.0002581,-0.0003241,-0.0000549
903.5000,0.0004560,0.0002548,-0.0003198,-0.0000543
904.0000,0.0004501,0.0002515,-0.0003155,-0.0000536
904.5000,0.0004442,0.0002482,-0.0003112,-0.0000530
905.0000,0.0004384,0.0002450,-0.0003070,-0.0000524
905.5000,0.0004327,0.0002418,-0.0003029,-0.0000518
906.0000,0.0004270,0.0002387,-0.0002987,-0.0000512
906.5000,0.0004214,0.0002356,-0.0002947,-0.0000506
907.0000,0.0004159,0.0002325,-0.0002907,-0.0000500
907.5000,0.0004105,0.0002295,-0.0002868,-0.0000494
908.0000,0.0004051,0.0002265,-0.0002829,-0.0000488
908.5000,0.0003998,0.0002235,-0.0002791,-0.0000483
909.0000,0.0003945,0.0002206,-0.0002752,-0.0000477
909.5000,0.0003894,0.0002177,-0.0002715,-0.0000471
910.0000,0.0003842,0.0002148,-0.0002678,-0.0000466
910.5000,0.0003793,0.0002121,-0.0002642,-0.0000461
911.0000,0.0003743,0.0002093,-0.0002606,-0.0000455
911.5000,0.0003694,0.0002065,-0.0002571,-0.0000450
912.0000,0.0003645,0.0002038,-0.0002536,-0.0000444
912.5000,0.0003597,0.0002012,-0.0002501,-0.0000439
913.0000,0.0003549,0.0001985,-0.0002467,-0.0000434
913.5000,0.0003503,0.0001959,-0.0002433,-0.0000429
914.0000,0.0003456,0.0001933,-0.0002400,-0.0000424
914.5000,0.0003410,0.0001908,-0.0002367,-0.0000419
915.0000,0.0003365,0.0001882,-0.0002334,-0.0000414
915.5000,0.0003321,0.0001858,-0.0002302,-0.0000409
916.0000,0.0003277,0.0001833,-0.0002271,-0.0000404
916.5000,0.0003233,0.0001809,-0.0002240,-0.0000399
917.0000,0.0003191,0.0001785,-0.0002209,-0.0000394
917.5000,0.0003148,0.0001762,-0.0002179,-0.0000390
918.0000,0.0003107,0.0001739,-0.0002149,-0.0000385
918.5000,0.0003065,0.0001716,-0.0002119,-0.0000381
919.0000,0.0003024,0.0001693,-0.0002090,-0.0000376
919.5000,0.0002984,0.0001670,-0.0002061,-0.0000371
920.0000,0.0002944,0.0001648,-0.0002033,-0.0000367
920.5000,0.0002905,0.0001626,-0.0002005,-0.0000363
921.0000,0.0002866,0.0001605,-0.0001977,-0.0000358
921.5000,0.0002828,0.0001584,-0.0001950,-0.0000354
922.0000,0.0002790,0.0001562,-0.0001923,-0.0000350
922.5000,0.0002753,0.0001541,-0.0001896,-0.0000345
923.0000,0.0002716,0.0001521,-0.0001870,-0.0000342
923.5000,0.0002679,0.0001501,-0.0001844,-0.0000337
924.0000,0.0002643,0.0001480,-0.0001818,-0.0000333
924.5000,0.0002608,0.0001461,-0.0001793,-0.0000329
925.0000,0.0002573,0.0001441,-0.0001768,-0.0000325
925.5000,0.0002539,0.0001422,-0.0001743,-0.0000321
926.0000,0.0002504,0.0001403,-0.0001719,-0.0000318
926.5000,0.0002471,0.0001384,-0.0001695,-0.0000313
927.0000,0.0002437,0.0001365,-0.0001672,-0.0000310
927.5000,0.0002404,0.0001347,-0.0001648,-0.0000306
928.0000,0.0002372,0.0001329,-0.0001625,-0.0000302
928.5000,0.0002340,0.0001311,-0.0001602,-0.0000298
929.0000,0.0002308,0.0001293,-0.0001580,-0.0000295
929.5000,0.0002277,0.0001276,-0.0001558,-0.0000291
930.0000,0.0002246,0.0001259,-0.0001536,-0.0000288
930.5000,0.0002216,0.0001242,-0.0001515,-0.0000284
931.0000,0.0002185,0.0001225,-0.0001493,-0.0000281
931.5000,0.0002155,0.0001208,-0.0001472,-0.0000277
932.0000,0.0002126,0.0001192,-0.0001451,-0.0000274
932.5000,0.0002097,0.0001175,-0.0001431,-0.0000270
933.0000,0.0002069,0.0001160,-0.0001411,-0.0000267
933.5000,0.0002041,0.0001144,-0.0001391,-0.0000264
934.0000,0.0002013,0.0001128,-0.0001371,-0.0000260
934.5000,0.0001987,0.0001113,-0.0001352,-0.0000257
935.0000,0.0001959,0.0001098,-0.0001333,-0.0000254
935.5000,0.0001932,0.0001083,-0.0001314,-0.0000251
936.0000,0.0001905,0.0001068,-0.0001295,-0.0000248
936.5000,0.0001879,0.0001053,-0.0001277,-0.0000245
937.0000,0.0001853,0.0001039,-0.0001259,-0.0000241
937.5000,0.0001828,0.0001025,-0.0001241,-0.0000238
938.0000,0.0001803,0.0001011,-0.0001224,-0.0000236
938.5000,0.0001778,0.0000997,-0.0001206,-0.0000232
939.0000,0.0001754,0.0000984,-0.0001189,-0.0000230
939.5000,0.0001729,0.0000970,-0.0001172,-0.0000227
940.0000,0.0001706,0.0000957,-0.0001156,-0.0000224
940.5000,0.0001682,0.0000944,-0.0001138,-0.0000221
941.0000,0.0001659,0.0000931,-0.0001123,-0.0000218
941.5000,0.0001637,0.0000918,-0.0001107,-0.0000216
942.0000,0.0001614,0.0000905,-0.0001091,-0.0000213
942.5000,0.0001592,0.0000893,-0.0001076,-0.0000210
943.0000,0.0001569,0.0000880,-0.0001060,-0.0000207
943.5000,0.0001548,0.0000869,-0.0001045,-0.0000205
944.0000,0.0001526,0.0000856,-0.0001030,-0.0000202
944.5000,0.0001505,0.0000845,-0.0001015,-0.0000199
945.0000,0.0001484,0.0000833,-0.0001000,-0.0000197
945.5000,0.0001463,0.0000821,-0.0000986,-0.0000194
946.0000,0.0001443,0.0000809,-0.0000972,-0.0000192
946.5000,0.0001423,0.0000798,-0.0000958,-0.0000189
947.0000,0.0001403,0.0000787,-0.0000944,-0.0000187
947.5000,0.0001383,0.0000776,-0.0000930,-0.0000185
948.0000,0.0001364,0.0000765,-0.0000917,-0.0000182
948.5000,0.0001345,0.0000755,-0.0000904,-0.0000180
949.0000,0.0001326,0.0000744,-0.0000891,-0.0000177
949.5000,0.0001308,0.0000734,-0.0000878,-0.0000175
950.0000,0.0001290,0.0000724,-0.0000865,-0.0000173
950.5000,0.0001271,0.0000714,-0.0000853,-0.0000171
951.0000,0.0001253,0.0000703,-0.0000840,-0.0000168
951.5000,0.0001236,0.0000694,-0.0000828,-0.0000166
952.0000,0.0001219,0.0000684,-0.0000816,-0.0000164
952.5000,0.0001201,0.0000674,-0.0000804,-0.0000162
953.0000,0.0001184,0.0000665,-0.0000792,-0.0000160
953.5000,0.0001168,0.0000655,-0.0000781,-0.0000158
954.0000,0.0001151,0.0000646,-0.0000770,-0.0000156
954.5000,0.0001135,0.0000637,-0.0000758,-0.0000154
955.0000,0.0001118,0.0000628,-0.0000747,-0.0000152
955.5000,0.0001102,0.0000619,-0.0000736,-0.0000150
956.0000,0.0001087,0.0000610,-0.0000725,-0.0000148
956.5000,0.0001072,0.0000602,-0.0000715,-0.0000146
957.0000,0.0001056,0.0000593,-0.0000704,-0.0000144
957.5000,0.0001041,0.0000585,-0.0000694,-0.0000142
958.0000,0.0001026,0.0000577,-0.0000684,-0.0000140
958.5000,0.0001012,0.0000568,-0.0000674,-0.0000138
959.0000,0.0000997,0.0000560,-0.0000664,-0.0000136
959.5000,0.0000983,0.0000552,-0.0000654,-0.0000134
960.0000,0.0000969,0.0000544,-0.0000644,-0.0000133
960.5000,0.0000954,0.0000536,-0.0000635,-0.0000131
961.0000,0.0000940,0.0000528,-0.0000625,-0.0000129
961.5000,0.0000927,0.0000521,-0.0000616,-0.0000127
962.0000,0.0000914,0.0000513,-0.0000607,-0.0000126
962.5000,0.0000900,0.0000506,-0.0000598,-0.0000124
963.0000,0.0000887,0.0000498,-0.0000589,-0.0000122
963.5000,0.0000874,0.0000491,-0.0000580,-0.0000120
964.0000,0.0000862,0.0000484,-0.0000572,-0.0000119
964.5000,0.0000850,0.0000477,-0.0000563,-0.0000117
965.0000,0.0000837,0.0000470,-0.0000555,-0.0000116
965.5000,0.0000825,0.0000463,-0.0000546,-0.0000114
966.0000,0.0000812,0.0000456,-0.0000538,-0.0000112
966.5000,0.0000801,0.0000450,-0.0000530,-0.0000111
967.0000,0.0000789,0.0000443,-0.0000522,-0.0000109
967.5000,0.0000778,0.0000437,-0.0000514,-0.0000108
968.0000,0.0000766,0.0000430,-0.0000506,-0.0000106
968.5000,0.0000755,0.0000424,-0.0000499,-0.0000105
969.0000,0.0000743,0.0000418,-0.0000491,-0.0000103
969.5000,0.0000733,0.0000412,-0.0000484,-0.0000102
970.0000,0.0000722,0.0000405,-0.0000476,-0.0000101
970.5000,0.0000711,0.0000400,-0.0000469,-0.0000099
971.0000,0.0000701,0.0000394,-0.0000462,-0.0000098
971.5000,0.0000691,0.0000388,-0.0000455,-0.0000097
972.0000,0.0000680,0.0000382,-0.0000448,-0.0000095
972.5000,0.0000670,0.0000376,-0.0000441,-0.0000094
973.0000,0.0000660,0.0000370,-0.0000435,-0.0000092
973.5000,0.0000650,0.0000365,-0.0000428,-0.0000091
974.0000,0.0000641,0.0000360,-0.0000422,-0.0000090
974.5000,0.0000631,0.0000354,-0.0000416,-0.0000088
975.0000,0.0000621,0.0000349,-0.0000409,-0.0000087
975.5000,0.0000612,0.0000343,-0.0000403,-0.0000086
976.0000,0.0000603,0.0000338,-0.0000397,-0.0000085
976.5000,0.0000593,0.0000333,-0.0000390,-0.0000083
977.0000,0.0000585,0.0000328,-0.0000384,-0.0000082
977.5000,0.0000576,0.0000323,-0.0000379,-0.0000081
978.0000,0.0000567,0.0000318,-0.0000373,-0.0000080
978.5000,0.0000558,0.0000313,-0.0000367,-0.0000079
979.0000,0.0000550,0.0000309,-0.0000361,-0.0000077
979.5000,0.0000542,0.0000304,-0.0000356,-0.0000076
980.0000,0.0000534,0.0000299,-0.0000350,-0.0000075
980.5000,0.0000525,0.0000295,-0.0000345,-0.0000074
981.0000,0.0000518,0.0000290,-0.0000340,-0.0000073
981.5000,0.0000510,0.0000286,-0.0000334,-0.0000072
982.0000,0.0000502,0.0000282,-0.0000329,-0.0000071
982.5000,0.0000494,0.0000277,-0.0000324,-0.0000070
983.0000,0.0000487,0.0000273,-0.0000319,-0.0000069
983.5000,0.0000479,0.0000269,-0.0000314,-0.0000068
984.0000,0.0000472,0.0000265,-0.0000309,-0.0000067
984.5000,0.0000464,0.0000260,-0.0000304,-0.0000066
985.0000,0.0000457,0.0000256,-0.0000299,-0.0000065
985.5000,0.0000450,0.0000252,-0.0000295,-0.0000064
986.0000,0.0000443,0.0000249,-0.0000290,-0.0000063
986.5000,0.0000436,0.0000245,-0.0000285,-0.0000062
987.0000,0.0000429,0.0000241,-0.0000281,-0.0000061
987.5000,0.0000422,0.0000237,-0.0000276,-0.0000060
988.0000,0.0000416,0.0000233,-0.0000272,-0.0000059
988.5000,0.0000409,0.0000229,-0.0000268,-0.0000058
989.0000,0.0000403,0.0000226,-0.0000263,-0.0000057
989.5000,0.0000396,0.0000222,-0.0000259,-0.0000056
990.0000,0.0000390,0.0000219,-0.0000255,-0.0000055
990.5000,0.0000384,0.0000215,-0.0000251,-0.0000054
991.0000,0.0000378,0.0000212,-0.0000247,-0.0000054
991.5000,0.0000371,0.0000208,-0.0000243,-0.0000053
992.0000,0.0000366,0.0000205,-0.0000239,-0.0000052
992.5000,0.0000359,0.0000202,-0.0000235,-0.0000051
993.0000,0.0000354,0.0000198,-0.0000231,-0.0000050
993.5000,0.0000348,0.0000195,-0.0000228,-0.0000049
994.0000,0.0000343,0.0000192,-0.0000224,-0.0000049
994.5000,0.0000337,0.0000189,-0.0000220,-0.0000048
995.0000,0.0000331,0.0000186,-0.0000216,-0.0000047
995.5000,0.0000326,0.0000183,-0.0000213,-0.0000046
996.0000,0.0000321,0.0000180,-0.0000210,-0.0000046
996.5000,0.0000315,0.0000177,-0.0000206,-0.0000045
997.0000,0.0000310,0.0000174,-0.0000203,-0.0000044
997.5000,0.0000305,0.0000171,-0.0000200,-0.0000043
998.0000,0.0000300,0.0000168,-0.0000196,-0.0000043
998.5000,0.0000295,0.0000165,-0.0000193,-0.0000042
999.0000,0.0000290,0.0000163,-0.0000190,-0.0000041
999.5000,0.0000285,0.0000160,-0.0000187,-0.0000041
1000.0000,0.0000280,0.0000157,-0.0000183,-0.0000040
1000.5000,0.0000276,0.0000155,-0.0000180,-0.0000039
1001.0000,0.0000272,0.0000152,-0.0000178,-0.0000039
1001.5000,0.0000267,0.0000150,-0.0000175,-0.0000038
1002.0000,0.0000263,0.0000147,-0.0000172,-0.0000037
1002.5000,0.0000258,0.0000145,-0.0000169,-0.0000037
1003.0000,0.0000254,0.0000142,-0.0000166,-0.0000036
1003.5000,0.0000249,0.0000140,-0.0000163,-0.0000035
1004.0000,0.0000245,0.0000137,-0.0000160,-0.0000035
1004.5000,0.0000241,0.0000135,-0.0000158,-0.0000034
1005.0000,0.0000237,0.0000132,-0.0000155,-0.0000033
1005.5000,0.0000233,0.0000130,-0.0000152,-0.0000033
1006.0000,0.0000229,0.0000128,-0.0000150,-0.0000032
1006.5000,0.0000224,0.0000126,-0.0000147,-0.0000032
1007.0000,0.0000221,0.0000123,-0.0000145,-0.0000031
1007.5000,0.0000217,0.0000122,-0.0000142,-0.0000031
1008.0000,0.0000213,0.0000119,-0.0000140,-0.0000030
1008.5000,0.0000209,0.0000117,-0.0000137,-0.0000030
1009.0000,0.0000206,0.0000115,-0.0000135,-0.0000029
1009.5000,0.0000202,0.0000113,-0.0000133,-0.0000028
1010.0000,0.0000199,0.0000111,-0.0000131,-0.0000028
1010.5000,0.0000195,0.0000109,-0.0000129,-0.0000027
1011.0000,0.0000192,0.0000107,-0.0000126,-0.0000027
1011.5000,0.0000188,0.0000105,-0.0000124,-0.0000026
1012.0000,0.0000185,0.0000103,-0.0000122,-0.0000026
1012.5000,0.0000182,0.0000101,-0.0000120,-0.0000025
1013.0000,0.0000178,0.0000100,-0.0000118,-0.0000025
1013.5000,0.0000175,0.0000098,-0.0000115,-0.0000024
1014.0000,0.0000172,0.0000096,-0.0000113,-0.0000024
1014.5000,0.0000169,0.0000094,-0.0000111,-0.0000024
1015.0000,0.0000166,0.0000093,-0.0000110,-0.0000023
1015.5000,0.0000163,0.0000091,-0.0000108,-0.0000023
1016.0000,0.0000160,0.0000090,-0.0000106,-0.0000022
1016.5000,0.0000157,0.0000088,-0.0000104,-0.0000022
1017.0000,0.0000155,0.0000086,-0.0000102,-0.0000021
1017.5000,0.0000151,0.0000084,-0.0000100,-0.0000021
1018.0000,0.0000148,0.0000083,-0.0000098,-0.0000020
1018.5000,0.0000146,0.0000081,-0.0000097,-0.0000020
1019.0000,0.0000143,0.0000080,-0.0000095,-0.0000019
1019.5000,0.0000140,0.0000078,-0.0000093,-0.0000019
1020.0000,0.0000137,0.0000077,-0.0000092,-0.0000019
1020.5000,0.0000135,0.0000075,-0.0000090,-0.0000018
1021.0000,0.0000132,0.0000073,-0.0000088,-0.0000018
1021.5000,0.0000130,0.0000072,-0.0000087,-0.0000018
1022.0000,0.0000127,0.0000071,-0.0000085,-0.0000017
1022.5000,0.0000125,0.0000070,-0.0000084,-0.0000017
1023.0000,0.0000122,0.0000068,-0.0000082,-0.0000016
1023.5000,0.0000120,0.0000067,-0.0000080,-0.0000016
1024.0000,0.0000117,0.0000065,-0.0000079,-0.0000016
1024.5000,0.0000115,0.0000064,-0.0000077,-0.0000015
1025.0000,0.0000112,0.0000062,-0.0000076,-0.0000015
1025.5000,0.0000110,0.0000061,-0.0000075,-0.0000015
1026.0000,0.0000108,0.0000060,-0.0000073,-0.0000014
1026.5000,0.0000106,0.0000059,-0.0000072,-0.0000014
1027.0000,0.0000104,0.0000057,-0.0000071,-0.0000013
1027.5000,0.0000101,0.0000056,-0.0000069,-0.0000013
1028.0000,0.0000099,0.0000055,-0.0000068,-0.0000013
1028.5000,0.0000097,0.0000054,-0.0000066,-0.0000012
1029.0000,0.0000094,0.0000052,-0.0000065,-0.0000012
1029.5000,0.0000092,0.0000051,-0.0000063,-0.0000012
1030.0000,0.0000090,0.0000050,-0.0000062,-0.0000012
1030.5000,0.0000088,0.0000049,-0.0000061,-0.0000011
1031.0000,0.0000086,0.0000048,-0.0000060,-0.0000011
1031.5000,0.0000085,0.0000047,-0.0000059,-0.0000010
1032.0000,0.0000082,0.0000045,-0.0000057,-0.0000010
1032.5000,0.0000081,0.0000045,-0.0000056,-0.0000010
1033.0000,0.0000079,0.0000043,-0.0000055,-0.0000010
1033.5000,0.0000077,0.0000042,-0.0000054,-0.0000009
1034.0000,0.0000074,0.0000041,-0.0000052,-0.0000009
1034.5000,0.0000073,0.0000040,-0.0000051,-0.0000009
1035.0000,0.0000071,0.0000039,-0.0000050,-0.0000008
1035.5000,0.0000070,0.0000038,-0.0000049,-0.0000008
1036.0000,0.0000068,0.0000037,-0.0000048,-0.0000008
1036.5000,0.0000066,0.0000036,-0.0000047,-0.0000007
1037.0000,0.0000065,0.0000035,-0.0000046,-0.0000007
1037.5000,0.0000062,0.0000034,-0.0000045,-0.0000007
1038.0000,0.0000060,0.0000033,-0.0000044,-0.0000007
1038.5000,0.0000058,0.0000032,-0.0000043,-0.0000006
1039.0000,0.0000057,0.0000031,-0.0000042,-0.0000006
1039.5000,0.0000055,0.0000030,-0.0000041,-0.0000006
1040.0000,0.0000053,0.0000029,-0.0000039,-0.0000006
1040.5000,0.0000052,0.0000028,-0.0000039,-0.0000005
1041.0000,0.0000050,0.0000027,-0.0000038,-0.0000005
1041.5000,0.0000048,0.0000026,-0.0000037,-0.0000005
1042.0000,0.0000046,0.0000025,-0.0000035,-0.0000004
1042.5000,0.0000045,0.0000024,-0.0000035,-0.0000004
1043.0000,0.0000043,0.0000023,-0.0000034,-0.0000004
1043.5000,0.0000042,0.0000023,-0.0000033,-0.0000003
1044.0000,0.0000040,0.0000022,-0.0000032,-0.0000003
1044.5000,0.0000039,0.0000021,-0.0000031,-0.0000003
1045.0000,0.0000037,0.0000020,-0.0000030,-0.0000003
1045.5000,0.0000036,0.0000019,-0.0000029,-0.0000002
1046.0000,0.0000034,0.0000018,-0.0000028,-0.0000002
1046.5000,0.0000032,0.0000017,-0.0000027,-0.0000002
1047.0000,0.0000031,0.0000016,-0.0000026,-0.0000001
1047.5000,0.0000029,0.0000016,-0.0000026,-0.0000001
1048.0000,0.0000028,0.0000015,-0.0000025,-0.0000001
1048.5000,0.0000026,0.0000014,-0.0000024,-0.0000001
1049.0000,0.0000024,0.0000013,-0.0000023,-0.0000001
1049.5000,0.0000023,0.0000012,-0.0000022,-0.0000000
1050.0000,0.0000022,0.0000011,-0.0000021,0.0000000
1050.5000,0.0000020,0.0000010,-0.0000020,0.0000000
1051.0000,0.0000019,0.0000010,-0.0000019,0.0000000
1051.5000,0.0000017,0.0000009,-0.0000018,0.0000001
1052.0000,0.0000016,0.0000008,-0.0000018,0.0000001
1052.5000,0.0000014,0.0000007,-0.0000017,0.0000001
1053.0000,0.0000013,0.0000006,-0.0000016,0.0000002
1053.5000,0.0000011,0.0000005,-0.0000015,0.0000002
1054.0000,0.0000009,0.0000004,-0.0000014,0.0000002
1054.5000,0.0000008,0.0000004,-0.0000013,0.0000002
1055.0000,0.0000007,0.0000003,-0.0000013,0.0000003
1055.5000,0.0000006,0.0000002,-0.0000012,0.0000003
1056.0000,0.0000005,0.0000002,-0.0000011,0.0000003
1056.5000,0.0000003,0.0000001,-0.0000010,0.0000003
1057.0000,0.0000001,-0.0000000,-0.0000009,0.0000004
1057.5000,-0.0000000,-0.0000001,-0.0000009,0.0000004
1058.0000,-0.0000002,-0.0000002,-0.0000008,0.0000004
1058.5000,-0.0000003,-0.0000002,-0.0000007,0.0000004
1059.0000,-0.0000004,-0.0000003,-0.0000007,0.0000005
1059.5000,-0.0000006,-0.0000004,-0.0000005,0.0000005
1060.0000,-0.0000007,-0.0000005,-0.0000005,0.0000006
1060.5000,-0.0000009,-0.0000006,-0.0000004,0.0000006
1061.0000,-0.0000010,-0.0000006,-0.0000004,0.0000006
1061.5000,-0.0000012,-0.0000007,-0.0000002,0.0000006
1062.0000,-0.0000014,-0.0000008,-0.0000001,0.0000006
1062.5000,-0.0000014,-0.0000009,-0.0000001,0.0000007
1063.0000,-0.0000016,-0.0000010,-0.0000000,0.0000007
1063.5000,-0.0000017,-0.0000010,0.0000001,0.0000007
1064.0000,-0.0000019,-0.0000011,0.0000001,0.0000007
1064.5000,-0.0000020,-0.0000012,0.0000002,0.0000008
1065.0000,-0.0000021,-0.0000013,0.0000003,0.0000008
1065.5000,-0.0000023,-0.0000014,0.0000003,0.0000008
1066.0000,-0.0000025,-0.0000015,0.0000005,0.0000009
1066.5000,-0.0000026,-0.0000016,0.0000005,0.0000009
1067.0000,-0.0000027,-0.0000016,0.0000006,0.0000009
1067.5000,-0.0000028,-0.0000017,0.0000006,0.0000010
1068.0000,-0.0000030,-0.0000018,0.0000007,0.0000010
1068.5000,-0.0000032,-0.0000019,0.0000008,0.0000010
1069.0000,-0.0000033,-0.0000019,0.0000009,0.0000010
1069.5000,-0.0000035,-0.0000021,0.0000010,0.0000011
1070.0000,-0.0000036,-0.0000021,0.0000010,0.0000011
1070.5000,-0.0000037,-0.0000022,0.0000011,0.0000011
1071.0000,-0.0000039,-0.0000023,0.0000012,0.0000012
1071.5000,-0.0000040,-0.0000024,0.0000012,0.0000012
1072.0000,-0.0000042,-0.0000024,0.0000013,0.0000012
1072.5000,-0.0000043,-0.0000025,0.0000014,0.0000013
1073.0000,-0.0000045,-0.0000026,0.0000015,0.0000013
1073.5000,-0.0000046,-0.0000027,0.0000015,0.0000013
1074.0000,-0.0000048,-0.0000028,0.0000016,0.0000014
1074.5000,-0.0000049,-0.0000028,0.0000017,0.0000014
1075.0000,-0.0000050,-0.0000029,0.0000018,0.0000014
1075.5000,-0.0000052,-0.0000030,0.0000019,0.0000014
1076.0000,-0.0000053,-0.0000031,0.0000019,0.0000015
1076.5000,-0.0000056,-0.0000032,0.0000020,0.0000015
1077.0000,-0.0000057,-0.0000033,0.0000021,0.0000015
1077.5000,-0.0000059,-0.0000034,0.0000022,0.0000016
1078.0000,-0.0000059,-0.0000034,0.0000022,0.0000016
1078.5000,-0.0000061,-0.0000035,0.0000023,0.0000016
1079.0000,-0.0000062,-0.0000036,0.0000024,0.0000016
1079.5000,-0.0000064,-0.0000037,0.0000025,0.0000017
1080.0000,-0.0000066,-0.0000038,0.0000026,0.0000017
1080.5000,-0.0000068,-0.0000039,0.0000026,0.0000017
1081.0000,-0.0000069,-0.0000040,0.0000027,0.0000018
1081.5000,-0.0000071,-0.0000041,0.0000028,0.0000018
1082.0000,-0.0000072,-0.0000041,0.0000029,0.0000018
1082.5000,-0.0000074,-0.0000042,0.0000029,0.0000019
1083.0000,-0.0000075,-0.0000043,0.0000030,0.0000019
1083.5000,-0.0000077,-0.0000044,0.0000031,0.0000020
1084.0000,-0.0000079,-0.0000045,0.0000032,0.0000020
1084.5000,-0.0000080,-0.0000046,0.0000032,0.0000020
1085.0000,-0.0000082,-0.0000047,0.0000033,0.0000021
1085.5000,-0.0000084,-0.0000048,0.0000034,0.0000021
1086.0000,-0.0000086,-0.0000049,0.0000035,0.0000021
1086.5000,-0.0000087,-0.0000049,0.0000036,0.0000022
1087.0000,-0.0000089,-0.0000051,0.0000037,0.0000022
1087.5000,-0.0000091,-0.0000052,0.0000038,0.0000023
1088.0000,-0.0000093,-0.0000053,0.0000039,0.0000023
1088.5000,-0.0000094,-0.0000053,0.0000039,0.0000023
1089.0000,-0.0000096,-0.0000055,0.0000040,0.0000023
1089.5000,-0.0000098,-0.0000056,0.0000041,0.0000024
1090.0000,-0.0000100,-0.0000057,0.0000042,0.0000025
1090.5000,-0.0000101,-0.0000057,0.0000043,0.0000025
1091.0000,-0.0000103,-0.0000058,0.0000044,0.0000025
1091.5000,-0.0000105,-0.0000060,0.0000044,0.0000026
1092.0000,-0.0000107,-0.0000060,0.0000045,0.0000026
1092.5000,-0.0000109,-0.0000062,0.0000046,0.0000027
1093.0000,-0.0000111,-0.0000063,0.0000047,0.0000027
1093.5000,-0.0000113,-0.0000064,0.0000048,0.0000027
1094.0000,-0.0000114,-0.0000065,0.0000049,0.0000028
1094.5000,-0.0000116,-0.0000066,0.0000050,0.0000028
1095.0000,-0.0000118,-0.0000067,0.0000051,0.0000029
1095.5000,-0.0000120,-0.0000068,0.0000052,0.0000029
1096.0000,-0.0000122,-0.0000068,0.0000052,0.0000029
1096.5000,-0.0000124,-0.0000070,0.0000054,0.0000030
1097.0000,-0.0000126,-0.0000071,0.0000055,0.0000030
1097.5000,-0.0000128,-0.0000072,0.0000056,0.0000031
1098.0000,-0.0000130,-0.0000073,0.0000057,0.0000031
1098.5000,-0.0000132,-0.0000074,0.0000057,0.0000032
1099.0000,-0.0000134,-0.0000075,0.0000058,0.0000032
1099.5000,-0.0000136,-0.0000076,0.0000059,0.0000033
1100.0000,-0.0000138,-0.0000078,0.0000060,0.0000033
1100.5000,-0.0000140,-0.0000079,0.0000061,0.0000033
1101.0000,-0.0000142,-0.0000080,0.0000062,0.0000034
1101.5000,-0.0000144,-0.0000081,0.0000063,0.0000034
1102.0000,-0.0000146,-0.0000082,0.0000064,0.0000035
1102.5000,-0.0000148,-0.0000083,0.0000065,0.0000035
1103.0000,-0.0000151,-0.0000084,0.0000067,0.0000036
1103.5000,-0.0000153,-0.0000085,0.0000067,0.0000036
1104.0000,-0.0000155,-0.0000087,0.0000069,0.0000037
1104.5000,-0.0000158,-0.0000088,0.0000070,0.0000037
1105.0000,-0.0000160,-0.0000089,0.0000071,0.0000038
1105.5000,-0.0000162,-0.0000090,0.0000072,0.0000038
1106.0000,-0.0000165,-0.0000092,0.0000073,0.0000039
1106.5000,-0.0000166,-0.0000093,0.0000073,0.0000039
1107.0000,-0.0000169,-0.0000094,0.0000075,0.0000040
1107.5000,-0.0000171,-0.0000095,0.0000076,0.0000040
1108.0000,-0.0000173,-0.0000096,0.0000077,0.0000040
1108.5000,-0.0000176,-0.0000098,0.0000079,0.0000041
1109.0000,-0.0000179,-0.0000099,0.0000079,0.0000042
1109.5000,-0.0000181,-0.0000100,0.0000081,0.0000042
1110.0000,-0.0000183,-0.0000102,0.0000082,0.0000043
1110.5000,-0.0000186,-0.0000103,0.0000083,0.0000043
1111.0000,-0.0000188,-0.0000104,0.0000084,0.0000044
1111.5000,-0.0000191,-0.0000106,0.0000085,0.0000044
1112.0000,-0.0000194,-0.0000107,0.0000086,0.0000045
1112.5000,-0.0000196,-0.0000108,0.0000087,0.0000046
1113.0000,-0.0000199,-0.0000110,0.0000089,0.0000046
1113.5000,-0.0000201,-0.0000111,0.0000090,0.0000047
1114.0000,-0.0000204,-0.0000113,0.0000091,0.0000047
1114.5000,-0.0000207,-0.0000114,0.0000093,0.0000048
1115.0000,-0.0000209,-0.0000115,0.0000093,0.0000048
1115.5000,-0.0000212,-0.0000117,0.0000095,0.0000049
1116.0000,-0.0000214,-0.0000118,0.0000096,0.0000050
1116.5000,-0.0000217,-0.0000120,0.0000098,0.0000050
1117.0000,-0.0000220,-0.0000121,0.0000099,0.0000051
1117.5000,-0.0000223,-0.0000123,0.0000100,0.0000052
1118.0000,-0.0000226,-0.0000124,0.0000102,0.0000052
1118.5000,-0.0000229,-0.0000126,0.0000103,0.0000053
1119.0000,-0.0000231,-0.0000127,0.0000104,0.0000054
1119.5000,-0.0000235,-0.0000129,0.0000106,0.0000054
1120.0000,-0.0000238,-0.0000130,0.0000107,0.0000055
1120.5000,-0.0000240,-0.0000132,0.0000108,0.0000055
1121.0000,-0.0000244,-0.0000134,0.0000110,0.0000056
1121.5000,-0.0000247,-0.0000136,0.0000112,0.0000057
1122.0000,-0.0000250,-0.0000137,0.0000113,0.0000058
1122.5000,-0.0000253,-0.0000139,0.0000114,0.0000058
1123.0000,-0.0000256,-0.0000140,0.0000116,0.0000059
1123.5000,-0.0000259,-0.0000142,0.0000117,0.0000060
1124.0000,-0.0000262,-0.0000144,0.0000119,0.0000060
1124.5000,-0.0000266,-0.0000146,0.0000120,0.0000061
1125.0000,-0.0000269,-0.0000147,0.0000122,0.0000062
1125.5000,-0.0000272,-0.0000149,0.0000123,0.0000063
1126.0000,-0.0000275,-0.0000151,0.0000125,0.0000063
1126.5000,-0.0000279,-0.0000152,0.0000126,0.0000064
1127.0000,-0.0000282,-0.0000154,0.0000128,0.0000065
1127.5000,-0.0000285,-0.0000156,0.0000129,0.0000066
1128.0000,-0.0000289,-0.0000158,0.0000131,0.0000066
1128.5000,-0.0000293,-0.0000160,0.0000133,0.0000067
1129.0000,-0.0000296,-0.0000162,0.0000134,0.0000068
1129.5000,-0.0000299,-0.0000163,0.0000136,0.0000069
1130.0000,-0.0000303,-0.0000165,0.0000137,0.0000069
1130.5000,-0.0000306,-0.0000167,0.0000139,0.0000070
1131.0000,-0.0000310,-0.0000169,0.0000141,0.0000071
1131.5000,-0.0000314,-0.0000171,0.0000142,0.0000072
1132.0000,-0.0000317,-0.0000173,0.0000144,0.0000073
1132.5000,-0.0000321,-0.0000174,0.0000145,0.0000074
1133.0000,-0.0000324,-0.0000176,0.0000147,0.0000074
1133.5000,-0.0000329,-0.0000179,0.0000149,0.0000075
1134.0000,-0.0000333,-0.0000180,0.0000151,0.0000076
1134.5000,-0.0000336,-0.0000183,0.0000153,0.0000077
1135.0000,-0.0000340,-0.0000184,0.0000155,0.0000078
1135.5000,-0.0000344,-0.0000187,0.0000157,0.0000079
1136.0000,-0.0000348,-0.0000189,0.0000158,0.0000080
1136.5000,-0.0000352,-0.0000191,0.0000160,0.0000081
1137.0000,-0.0000356,-0.0000193,0.0000162,0.0000081
1137.5000,-0.0000360,-0.0000195,0.0000164,0.0000082
1138.0000,-0.0000364,-0.0000197,0.0000166,0.0000083
1138.5000,-0.0000368,-0.0000200,0.0000168,0.0000084
1139.0000,-0.0000372,-0.0000202,0.0000170,0.0000085
1139.5000,-0.0000377,-0.0000204,0.0000172,0.0000086
1140.0000,-0.0000381,-0.0000206,0.0000174,0.0000087
1140.5000,-0.0000385,-0.0000208,0.0000176,0.0000088
1141.0000,-0.0000389,-0.0000211,0.0000178,0.0000089
1141.5000,-0.0000394,-0.0000213,0.0000179,0.0000090
1142.0000,-0.0000398,-0.0000215,0.0000182,0.0000091
1142.5000,-0.0000402,-0.0000218,0.0000183,0.0000092
1143.0000,-0.0000407,-0.0000220,0.0000186,0.0000093
1143.5000,-0.0000411,-0.0000222,0.0000187,0.0000094
1144.0000,-0.0000416,-0.0000225,0.0000190,0.0000095
1144.5000,-0.0000420,-0.0000227,0.0000192,0.0000096
1145.0000,-0.0000425,-0.0000229,0.0000194,0.0000097
1145.5000,-0.0000430,-0.0000232,0.0000196,0.0000099
1146.0000,-0.0000435,-0.0000235,0.0000199,0.0000100
1146.5000,-0.0000439,-0.0000237,0.0000201,0.0000100
1147.0000,-0.0000444,-0.0000240,0.0000203,0.0000102
1147.5000,-0.0000449,-0.0000242,0.0000205,0.0000103
1148.0000,-0.0000455,-0.0000245,0.0000208,0.0000104
1148.5000,-0.0000459,-0.0000247,0.0000210,0.0000105
1149.0000,-0.0000464,-0.0000250,0.0000212,0.0000106
1149.5000,-0.0000469,-0.0000252,0.0000215,0.0000107
1150.0000,-0.0000474,-0.0000255,0.0000217,0.0000108
1150.5000,-0.0000480,-0.0000258,0.0000219,0.0000110
1151.0000,-0.0000485,-0.0000261,0.0000221,0.0000111
1151.5000,-0.0000490,-0.0000263,0.0000224,0.0000112
1152.0000,-0.0000495,-0.0000266,0.0000226,0.0000113
1152.5000,-0.0000500,-0.0000268,0.0000229,0.0000114
1153.0000,-0.0000505,-0.0000271,0.0000231,0.0000116
1153.5000,-0.0000511,-0.0000274,0.0000234,0.0000117
1154.0000,-0.0000517,-0.0000277,0.0000237,0.0000118
1154.5000,-0.0000522,-0.0000280,0.0000239,0.0000119
1155.0000,-0.0000528,-0.0000283,0.0000241,0.0000121
1155.5000,-0.0000534,-0.0000286,0.0000244,0.0000122
1156.0000,-0.0000539,-0.0000288,0.0000247,0.0000123
1156.5000,-0.0000545,-0.0000292,0.0000249,0.0000125
1157.0000,-0.0000550,-0.0000294,0.0000252,0.0000126
1157.5000,-0.0000556,-0.0000298,0.0000255,0.0000127
1158.0000,-0.0000562,-0.0000301,0.0000257,0.0000129
1158.5000,-0.0000568,-0.0000304,0.0000260,0.0000130
1159.0000,-0.0000574,-0.0000307,0.0000263,0.0000131
1159.5000,-0.0000580,-0.0000310,0.0000265,0.0000133
1160.0000,-0.0000586,-0.0000313,0.0000268,0.0000134
1160.5000,-0.0000592,-0.0000316,0.0000271,0.0000136
1161.0000,-0.0000598,-0.0000320,0.0000274,0.0000137
1161.5000,-0.0000605,-0.0000323,0.0000277,0.0000138
1162.0000,-0.0000611,-0.0000326,0.0000280,0.0000140
1162.5000,-0.0000617,-0.0000329,0.0000283,0.0000141
1163.0000,-0.0000624,-0.0000332,0.0000286,0.0000143
1163.5000,-0.0000631,-0.0000336,0.0000289,0.0000144
1164.0000,-0.0000637,-0.0000339,0.0000292,0.0000146
1164.5000,-0.0000644,-0.0000343,0.0000295,0.0000147
1165.0000,-0.0000650,-0.0000346,0.0000298,0.0000149
1165.5000,-0.0000658,-0.0000350,0.0000302,0.0000150
1166.0000,-0.0000664,-0.0000353,0.0000305,0.0000152
1166.5000,-0.0000671,-0.0000356,0.0000308,0.0000153
1167.0000,-0.0000677,-0.0000360,0.0000311,0.0000155
1167.5000,-0.0000684,-0.0000364,0.0000314,0.0000156
1168.0000,-0.0000692,-0.0000367,0.0000318,0.0000158
1168.5000,-0.0000699,-0.0000371,0.0000321,0.0000160
1169.0000,-0.0000706,-0.0000375,0.0000325,0.0000161
1169.5000,-0.0000713,-0.0000378,0.0000328,0.0000163
1170.0000,-0.0000721,-0.0000382,0.0000331,0.0000165
1170.5000,-0.0000727,-0.0000385,0.0000334,0.0000166
1171.0000,-0.0000735,-0.0000389,0.0000338,0.0000168
1171.5000,-0.0000742,-0.0000393,0.0000341,0.0000170
1172.0000,-0.0000750,-0.0000397,0.0000345,0.0000171
1172.5000,-0.0000758,-0.0000401,0.0000348,0.0000173
1173.0000,-0.0000765,-0.0000405,0.0000352,0.0000175
1173.5000,-0.0000773,-0.0000409,0.0000355,0.0000177
1174.0000,-0.0000781,-0.0000413,0.0000359,0.0000178
1174.5000,-0.0000789,-0.0000417,0.0000362,0.0000180
1175.0000,-0.0000796,-0.0000421,0.0000366,0.0000182
1175.5000,-0.0000804,-0.0000425,0.0000370,0.0000184
1176.0000,-0.0000812,-0.0000429,0.0000373,0.0000186
1176.5000,-0.0000820,-0.0000433,0.0000377,0.0000187
1177.0000,-0.0000829,-0.0000437,0.0000381,0.0000189
1177.5000,-0.0000837,-0.0000442,0.0000385,0.0000191
1178.0000,-0.0000845,-0.0000446,0.0000389,0.0000193
1178.5000,-0.0000854,-0.0000450,0.0000393,0.0000195
1179.0000,-0.0000862,-0.0000454,0.0000397,0.0000197
1179.5000,-0.0000871,-0.0000459,0.0000401,0.0000199
1180.0000,-0.0000879,-0.0000463,0.0000405,0.0000201
1180.5000,-0.0000888,-0.0000467,0.0000409,0.0000203
1181.0000,-0.0000897,-0.0000472,0.0000413,0.0000205
1181.5000,-0.0000906,-0.0000477,0.0000417,0.0000207
1182.0000,-0.0000914,-0.0000481,0.0000421,0.0000209
1182.5000,-0.0000923,-0.0000486,0.0000425,0.0000211
1183.0000,-0.0000933,-0.0000490,0.0000430,0.0000213
1183.5000,-0.0000942,-0.0000495,0.0000434,0.0000215
1184.0000,-0.0000951,-0.0000500,0.0000438,0.0000217
1184.5000,-0.0000960,-0.0000504,0.0000442,0.0000219
1185.0000,-0.0000970,-0.0000509,0.0000447,0.0000222
1185.5000,-0.0000979,-0.0000514,0.0000451,0.0000224
1186.0000,-0.0000989,-0.0000519,0.0000456,0.0000226
1186.5000,-0.0000998,-0.0000524,0.0000460,0.0000228
1187.0000,-0.0001008,-0.0000528,0.0000465,0.0000230
1187.5000,-0.0001018,-0.0000534,0.0000469,0.0000233
1188.0000,-0.0001028,-0.0000538,0.0000474,0.0000235
1188.5000,-0.0001038,-0.0000543,0.0000478,0.0000237
1189.0000,-0.0001047,-0.0000548,0.0000483,0.0000239
1189.5000,-0.0001058,-0.0000554,0.0000488,0.0000242
1190.0000,-0.0001068,-0.0000559,0.0000492,0.0000244
1190.5000,-0.0001078,-0.0000564,0.0000497,0.0000246
1191.0000,-0.0001088,-0.0000569,0.0000502,0.0000249
1191.5000,-0.0001099,-0.0000574,0.0000507,0.0000251
1192.0000,-0.0001109,-0.0000579,0.0000512,0.0000253
1192.5000,-0.0001120,-0.0000585,0.0000517,0.0000256
1193.0000,-0.0001131,-0.0000591,0.0000522,0.0000258
1193.5000,-0.0001142,-0.0000596,0.0000527,0.0000260
1194.0000,-0.0001152,-0.0000601,0.0000532,0.0000263
1194.5000,-0.0001163,-0.0000606,0.0000537,0.0000266
1195.0000,-0.0001174,-0.0000612,0.0000542,0.0000268
1195.5000,-0.0001185,-0.0000618,0.0000547,0.0000271
1196.0000,-0.0001196,-0.0000624,0.0000552,0.0000273
1196.5000,-0.0001208,-0.0000629,0.0000558,0.0000276
1197.0000,-0.0001219,-0.0000635,0.0000563,0.0000278
1197.5000,-0.0001231,-0.0000641,0.0000568,0.0000281
1198.0000,-0.0001242,-0.0000647,0.0000573,0.0000284
1198.5000,-0.0001253,-0.0000652,0.0000579,0.0000286
1199.0000,-0.0001266,-0.0000658,0.0000585,0.0000289
1199.5000,-0.0001278,-0.0000664,0.0000590,0.0000292
1200.0000,-0.0001289,-0.0000670,0.0000595,0.0000295
1200.5000,-0.0001302,-0.0000677,0.0000601,0.0000297
1201.0000,-0.0001314,-0.0000683,0.0000607,0.0000300
1201.5000,-0.0001326,-0.0000688,0.0000612,0.0000303
1202.0000,-0.0001339,-0.0000695,0.0000618,0.0000306
1202.5000,-0.0001351,-0.0000701,0.0000624,0.0000309
1203.0000,-0.0001363,-0.0000707,0.0000630,0.0000312
1203.5000,-0.0001376,-0.0000714,0.0000636,0.0000314
1204.0000,-0.0001389,-0.0000720,0.0000641,0.0000318
1204.5000,-0.0001402,-0.0000727,0.0000648,0.0000320
1205.0000,-0.0001415,-0.0000733,0.0000654,0.0000323
1205.5000,-0.0001428,-0.0000739,0.0000660,0.0000326
1206.0000,-0.0001441,-0.0000746,0.0000666,0.0000329
1206.5000,-0.0001454,-0.0000753,0.0000672,0.0000332
1207.0000,-0.0001468,-0.0000759,0.0000678,0.0000335
1207.5000,-0.0001482,-0.0000766,0.0000685,0.0000339
1208.0000,-0.0001495,-0.0000773,0.0000691,0.0000342
1208.5000,-0.0001509,-0.0000780,0.0000698,0.0000345
1209.0000,-0.0001523,-0.0000786,0.0000704,0.0000348
1209.5000,-0.0001536,-0.0000793,0.0000710,0.0000351
1210.0000,-0.0001550,-0.0000800,0.0000717,0.0000354
1210.5000,-0.0001564,-0.0000807,0.0000724,0.0000357
1211.0000,-0.0001578,-0.0000814,0.0000730,0.0000361
1211.5000,-0.0001593,-0.0000822,0.0000737,0.0000364
1212.0000,-0.0001607,-0.0000829,0.0000743,0.0000367
1212.5000,-0.0001622,-0.0000836,0.0000750,0.0000371
1213.0000,-0.0001636,-0.0000843,0.0000757,0.0000374
1213.5000,-0.0001651,-0.0000851,0.0000764,0.0000377
1214.0000,-0.0001666,-0.0000858,0.0000771,0.0000381
1214.5000,-0.0001681,-0.0000865,0.0000777,0.0000384
1215.0000,-0.0001696,-0.0000873,0.0000785,0.0000388
1215.5000,-0.0001712,-0.0000880,0.0000792,0.0000391
1216.0000,-0.0001727,-0.0000888,0.0000799,0.0000395
1216.5000,-0.0001742,-0.0000896,0.0000806,0.0000398
1217.0000,-0.0001757,-0.0000903,0.0000813,0.0000402
1217.5000,-0.0001774,-0.0000912,0.0000821,0.0000406
1218.0000,-0.0001789,-0.0000919,0.0000828,0.0000409
1218.5000,-0.0001805,-0.0000927,0.0000836,0.0000413
1219.0000,-0.0001821,-0.0000935,0.0000843,0.0000416
1219.5000,-0.0001838,-0.0000943,0.0000851,0.0000420
1220.0000,-0.0001854,-0.0000951,0.0000858,0.0000424
1220.5000,-0.0001871,-0.0000959,0.0000866,0.0000428
1221.0000,-0.0001888,-0.0000968,0.0000874,0.0000432
1221.5000,-0.0001904,-0.0000975,0.0000882,0.0000435
1222.0000,-0.0001920,-0.0000984,0.0000889,0.0000439
1222.5000,-0.0001937,-0.0000992,0.0000897,0.0000443
1223.0000,-0.0001954,-0.0001000,0.0000905,0.0000447
1223.5000,-0.0001972,-0.0001009,0.0000913,0.0000451
1224.0000,-0.0001989,-0.0001018,0.0000921,0.0000455
1224.5000,-0.0002007,-0.0001026,0.0000930,0.0000459
1225.0000,-0.0002024,-0.0001035,0.0000938,0.0000463
1225.5000,-0.0002041,-0.0001043,0.0000946,0.0000467
1226.0000,-0.0002059,-0.0001052,0.0000954,0.0000471
1226.5000,-0.0002078,-0.0001061,0.0000963,0.0000475
1227.0000,-0.0002096,-0.0001070,0.0000971,0.0000479
1227.5000,-0.0002114,-0.0001079,0.0000979,0.0000484
1228.0000,-0.0002133,-0.0001089,0.0000988,0.0000488
1228.5000,-0.0002152,-0.0001098,0.0000997,0.0000492
1229.0000,-0.0002169,-0.0001107,0.0001005,0.0000496
1229.5000,-0.0002188,-0.0001116,0.0001014,0.0000501
1230.0000,-0.0002207,-0.0001125,0.0001023,0.0000505
1230.5000,-0.0002226,-0.0001134,0.0001031,0.0000509
1231.0000,-0.0002245,-0.0001144,0.0001041,0.0000514
1231.5000,-0.0002264,-0.0001153,0.0001049,0.0000518
1232.0000,-0.0002284,-0.0001163,0.0001059,0.0000523
1232.5000,-0.0002303,-0.0001173,0.0001068,0.0000527
1233.0000,-0.0002323,-0.0001182,0.0001077,0.0000532
1233.5000,-0.0002343,-0.0001192,0.0001086,0.0000536
1234.0000,-0.0002363,-0.0001202,0.0001096,0.0000541
1234.5000,-0.0002383,-0.0001212,0.0001105,0.0000545
1235.0000,-0.0002404,-0.0001222,0.0001114,0.0000550
1235.5000,-0.0002424,-0.0001232,0.0001124,0.0000555
1236.0000,-0.0002444,-0.0001241,0.0001134,0.0000559
1236.5000,-0.0002465,-0.0001252,0.0001143,0.0000564
1237.0000,-0.0002486,-0.0001262,0.0001153,0.0000569
1237.5000,-0.0002507,-0.0001272,0.0001163,0.0000574
1238.0000,-0.0002528,-0.0001283,0.0001173,0.0000579
1238.5000,-0.0002550,-0.0001293,0.0001183,0.0000584
1239.0000,-0.0002571,-0.0001304,0.0001193,0.0000589
1239.5000,-0.0002593,-0.0001314,0.0001203,0.0000594
1240.0000,-0.0002614,-0.0001325,0.0001213,0.0000599
1240.5000,-0.0002636,-0.0001335,0.0001223,0.0000604
1241.0000,-0.0002659,-0.0001347,0.0001234,0.0000609
1241.5000,-0.0002680,-0.0001357,0.0001244,0.0000614
1242.0000,-0.0002704,-0.0001368,0.0001255,0.0000619
1242.5000,-0.0002726,-0.0001379,0.0001265,0.0000624
1243.0000,-0.0002749,-0.0001390,0.0001276,0.0000629
1243.5000,-0.0002771,-0.0001401,0.0001286,0.0000634
1244.0000,-0.0002794,-0.0001412,0.0001297,0.0000640
1244.5000,-0.0002818,-0.0001424,0.0001308,0.0000645
1245.0000,-0.0002841,-0.0001435,0.0001319,0.0000650
1245.5000,-0.0002864,-0.0001447,0.0001329,0.0000656
1246.0000,-0.0002888,-0.0001458,0.0001341,0.0000661
1246.5000,-0.0002912,-0.0001470,0.0001352,0.0000667
1247.0000,-0.0002936,-0.0001481,0.0001363,0.0000672
1247.5000,-0.0002959,-0.0001493,0.0001374,0.0000678
1248.0000,-0.0002984,-0.0001505,0.0001386,0.0000683
1248.5000,-0.0003008,-0.0001517,0.0001397,0.0000689
1249.0000,-0.0003033,-0.0001529,0.0001408,0.0000695
1249.5000,-0.0003057,-0.0001540,0.0001420,0.0000700
1250.0000,-0.0003083,-0.0001553,0.0001432,0.0000706
1250.5000,-0.0003108,-0.0001565,0.0001444,0.0000712
1251.0000,-0.0003133,-0.0001577,0.0001455,0.0000718
1251.5000,-0.0003158,-0.0001589,0.0001467,0.0000724
1252.0000,-0.0003184,-0.0001602,0.0001479,0.0000730
1252.5000,-0.0003210,-0.0001614,0.0001491,0.0000736
1253.0000,-0.0003236,-0.0001627,0.0001503,0.0000742
1253.5000,-0.0003262,-0.0001640,0.0001515,0.0000747
1254.0000,-0.0003288,-0.0001653,0.0001527,0.0000754
1254.5000,-0.0003314,-0.0001665,0.0001540,0.0000760
1255.0000,-0.0003341,-0.0001678,0.0001552,0.0000766
1255.5000,-0.0003368,-0.0001691,0.0001565,0.0000772
1256.0000,-0.0003395,-0.0001704,0.0001577,0.0000778
1256.5000,-0.0003422,-0.0001718,0.0001590,0.0000785
1257.0000,-0.0003449,-0.0001731,0.0001603,0.0000791
1257.5000,-0.0003477,-0.0001744,0.0001616,0.0000797
1258.0000,-0.0003505,-0.0001757,0.0001629,0.0000803
1258.5000,-0.0003532,-0.0001771,0.0001641,0.0000810
1259.0000,-0.0003560,-0.0001784,0.0001654,0.0000816
1259.5000,-0.0003589,-0.0001798,0.0001668,0.0000823
1260.0000,-0.0003617,-0.0001812,0.0001681,0.0000829
1260.5000,-0.0003646,-0.0001825,0.0001695,0.0000836
1261.0000,-0.0003674,-0.0001839,0.0001707,0.0000843
1261.5000,-0.0003703,-0.0001853,0.0001721,0.0000849
1262.0000,-0.0003732,-0.0001867,0.0001735,0.0000856
1262.5000,-0.0003761,-0.0001882,0.0001748,0.0000863
1263.0000,-0.0003791,-0.0001896,0.0001762,0.0000870
1263.5000,-0.0003821,-0.0001910,0.0001776,0.0000876
1264.0000,-0.0003851,-0.0001925,0.0001790,0.0000883
1264.5000,-0.0003881,-0.0001939,0.0001804,0.0000890
1265.0000,-0.0003911,-0.0001954,0.0001819,0.0000897
1265.5000,-0.0003942,-0.0001968,0.0001833,0.0000904
1266.0000,-0.0003972,-0.0001983,0.0001847,0.0000911
1266.5000,-0.0004003,-0.0001998,0.0001861,0.0000918
1267.0000,-0.0004034,-0.0002013,0.0001875,0.0000925
1267.5000,-0.0004065,-0.0002028,0.0001890,0.0000933
1268.0000,-0.0004096,-0.0002043,0.0001905,0.0000940
1268.5000,-0.0004128,-0.0002058,0.0001920,0.0000947
1269.0000,-0.0004159,-0.0002073,0.0001935,0.0000954
1269.5000,-0.0004191,-0.0002089,0.0001949,0.0000962
1270.0000,-0.0004224,-0.0002104,0.0001965,0.0000969
1270.5000,-0.0004256,-0.0002120,0.0001979,0.0000977
1271.0000,-0.0004288,-0.0002135,0.0001995,0.0000984
1271.5000,-0.0004321,-0.0002151,0.0002010,0.0000992
1272.0000,-0.0004354,-0.0002167,0.0002025,0.0000999
1272.5000,-0.0004387,-0.0002182,0.0002041,0.0001007
1273.0000,-0.0004420,-0.0002199,0.0002056,0.0001015
1273.5000,-0.0004454,-0.0002215,0.0002072,0.0001023
1274.0000,-0.0004488,-0.0002231,0.0002088,0.0001030
1274.5000,-0.0004521,-0.0002247,0.0002104,0.0001038
1275.0000,-0.0004556,-0.0002264,0.0002120,0.0001046
1275.5000,-0.0004590,-0.0002280,0.0002136,0.0001054
1276.0000,-0.0004625,-0.0002297,0.0002152,0.0001062
1276.5000,-0.0004660,-0.0002313,0.0002169,0.0001070
1277.0000,-0.0004694,-0.0002330,0.0002184,0.0001078
1277.5000,-0.0004729,-0.0002346,0.0002201,0.0001086
1278.0000,-0.0004764,-0.0002364,0.0002217,0.0001094
1278.5000,-0.0004801,-0.0002381,0.0002234,0.0001102
1279.0000,-0.0004836,-0.0002398,0.0002251,0.0001110
1279.5000,-0.0004872,-0.0002415,0.0002268,0.0001119
1280.0000,-0.0004908,-0.0002432,0.0002285,0.0001127
1280.5000,-0.0004944,-0.0002449,0.0002301,0.0001136
1281.0000,-0.0004981,-0.0002467,0.0002319,0.0001144
1281.5000,-0.0005018,-0.0002485,0.0002336,0.0001152
1282.0000,-0.0005055,-0.0002502,0.0002353,0.0001161
1282.5000,-0.0005092,-0.0002520,0.0002370,0.0001169
1283.0000,-0.0005129,-0.0002538,0.0002388,0.0001178
1283.5000,-0.0005167,-0.0002556,0.0002406,0.0001187
1284.0000,-0.0005205,-0.0002574,0.0002423,0.0001196
1284.5000,-0.0005243,-0.0002592,0.0002441,0.0001204
1285.0000,-0.0005281,-0.0002610,0.0002459,0.0001213
1285.5000,-0.0005320,-0.0002629,0.0002477,0.0001222
1286.0000,-0.0005358,-0.0002647,0.0002495,0.0001231
1286.5000,-0.0005396,-0.0002665,0.0002513,0.0001240
1287.0000,-0.0005436,-0.0002684,0.0002531,0.0001249
1287.5000,-0.0005475,-0.0002703,0.0002550,0.0001258
1288.0000,-0.0005515,-0.0002722,0.0002568,0.0001267
1288.5000,-0.0005554,-0.0002740,0.0002586,0.0001277
1289.0000,-0.0005594,-0.0002760,0.0002605,0.0001286
1289.5000,-0.0005634,-0.0002779,0.0002624,0.0001295
1290.0000,-0.0005674,-0.0002798,0.0002642,0.0001304
1290.5000,-0.0005715,-0.0002817,0.0002662,0.0001314
1291.0000,-0.0005756,-0.0002837,0.0002681,0.0001323
1291.5000,-0.0005797,-0.0002856,0.0002700,0.0001333
1292.0000,-0.0005838,-0.0002876,0.0002720,0.0001342
1292.5000,-0.0005879,-0.0002895,0.0002739,0.0001352
1293.0000,-0.0005921,-0.0002915,0.0002758,0.0001361
1293.5000,-0.0005963,-0.0002935,0.0002778,0.0001371
1294.0000,-0.0006005,-0.0002955,0.0002797,0.0001381
1294.5000,-0.0006048,-0.0002975,0.0002817,0.0001391
1295.0000,-0.0006090,-0.0002995,0.0002837,0.0001400
1295.5000,-0.0006133,-0.0003015,0.0002857,0.0001410
1296.0000,-0.0006176,-0.0003036,0.0002877,0.0001420
1296.5000,-0.0006219,-0.0003057,0.0002898,0.0001430
1297.0000,-0.0006262,-0.0003077,0.0002918,0.0001440
1297.5000,-0.0006306,-0.0003098,0.0002939,0.0001450
1298.0000,-0.0006350,-0.0003119,0.0002959,0.0001461
1298.5000,-0.0006394,-0.0003140,0.0002980,0.0001471
1299.0000,-0.0006438,-0.0003160,0.0003000,0.0001481
1299.5000,-0.0006483,-0.0003181,0.0003021,0.0001491
1300.0000,-0.0006527,-0.0003202,0.0003042,0.0001501
1300.5000,-0.0006573,-0.0003224,0.0003063,0.0001512
1301.0000,-0.0006618,-0.0003245,0.0003084,0.0001522
1301.5000,-0.0006663,-0.0003267,0.0003105,0.0001533
1302.0000,-0.0006709,-0.0003289,0.0003127,0.0001543
1302.5000,-0.0006755,-0.0003310,0.0003149,0.0001554
1303.0000,-0.0006801,-0.0003332,0.0003170,0.0001565
1303.5000,-0.0006847,-0.0003354,0.0003192,0.0001575
1304.0000,-0.0006893,-0.0003376,0.0003213,0.0001586
1304.5000,-0.0006941,-0.0003398,0.0003236,0.0001597
1305.0000,-0.0006988,-0.0003420,0.0003258,0.0001608
1305.5000,-0.0007035,-0.0003443,0.0003280,0.0001619
1306.0000,-0.0007082,-0.0003465,0.0003302,0.0001630
1306.5000,-0.0007130,-0.0003488,0.0003324,0.0001641
1307.0000,-0.0007177,-0.0003510,0.0003346,0.0001652
1307.5000,-0.0007226,-0.0003533,0.0003369,0.0001663
1308.0000,-0.0007274,-0.0003556,0.0003392,0.0001674
1308.5000,-0.0007323,-0.0003579,0.0003415,0.0001685
1309.0000,-0.0007372,-0.0003602,0.0003437,0.0001697
1309.5000,-0.0007421,-0.0003625,0.0003460,0.0001708
1310.0000,-0.0007470,-0.0003648,0.0003484,0.0001720
1310.5000,-0.0007519,-0.0003672,0.0003506,0.0001731
1311.0000,-0.0007569,-0.0003695,0.0003530,0.0001743
1311.5000,-0.0007619,-0.0003718,0.0003553,0.0001754
1312.0000,-0.0007669,-0.0003742,0.0003577,0.0001766
1312.5000,-0.0007720,-0.0003766,0.0003601,0.0001778
1313.0000,-0.0007771,-0.0003790,0.0003624,0.0001789
1313.5000,-0.0007821,-0.0003814,0.0003648,0.0001801
1314.0000,-0.0007872,-0.0003837,0.0003672,0.0001813
1314.5000,-0.0007924,-0.0003862,0.0003696,0.0001825
1315.0000,-0.0007975,-0.0003886,0.0003720,0.0001837
1315.5000,-0.0008027,-0.0003910,0.0003744,0.0001849
1316.0000,-0.0008079,-0.0003935,0.0003769,0.0001861
1316.5000,-0.0008131,-0.0003960,0.0003793,0.0001873
1317.0000,-0.0008184,-0.0003984,0.0003818,0.0001885
1317.5000,-0.0008236,-0.0004009,0.0003843,0.0001897
1318.0000,-0.0008289,-0.0004034,0.0003867,0.0001909
1318.5000,-0.0008343,-0.0004059,0.0003892,0.0001922
1319.0000,-0.0008396,-0.0004084,0.0003917,0.0001934
1319.5000,-0.0008449,-0.0004109,0.0003942,0.0001946
1320.0000,-0.0008503,-0.0004134,0.0003967,0.0001959
1320.5000,-0.0008558,-0.0004160,0.0003993,0.0001972
1321.0000,-0.0008612,-0.0004185,0.0004019,0.0001984
1321.5000,-0.0008666,-0.0004211,0.0004044,0.0001997
1322.0000,-0.0008721,-0.0004237,0.0004070,0.0002009
1322.5000,-0.0008776,-0.0004262,0.0004095,0.0002022
1323.0000,-0.0008832,-0.0004288,0.0004121,0.0002035
1323.5000,-0.0008887,-0.0004314,0.0004147,0.0002048
1324.0000,-0.0008943,-0.0004341,0.0004174,0.0002061
1324.5000,-0.0008999,-0.0004367,0.0004199,0.0002074
1325.0000,-0.0009054,-0.0004393,0.0004226,0.0002087
1325.5000,-0.0009111,-0.0004420,0.0004252,0.0002100
1326.0000,-0.0009167,-0.0004446,0.0004278,0.0002113
1326.5000,-0.0009224,-0.0004473,0.0004305,0.0002126
1327.0000,-0.0009281,-0.0004500,0.0004332,0.0002139
1327.5000,-0.0009338,-0.0004526,0.0004359,0.0002153
1328.0000,-0.0009396,-0.0004553,0.0004386,0.0002166
1328.5000,-0.0009453,-0.0004580,0.0004413,0.0002179
1329.0000,-0.0009512,-0.0004607,0.0004440,0.0002193
1329.5000,-0.0009570,-0.0004634,0.0004467,0.0002206
1330.0000,-0.0009628,-0.0004662,0.0004494,0.0002220
1330.5000,-0.0009687,-0.0004689,0.0004522,0.0002233
1331.0000,-0.0009745,-0.0004716,0.0004549,0.0002247
1331.5000,-0.0009805,-0.0004744,0.0004577,0.0002261
1332.0000,-0.0009864,-0.0004772,0.0004605,0.0002275
1332.5000,-0.0009923,-0.0004800,0.0004633,0.0002288
1333.0000,-0.0009983,-0.0004827,0.0004661,0.0002302
1333.5000,-0.0010043,-0.0004856,0.0004689,0.0002316
1334.0000,-0.0010103,-0.0004884,0.0004717,0.0002330
1334.5000,-0.0010164,-0.0004912,0.0004746,0.0002344
1335.0000,-0.0010225,-0.0004941,0.0004774,0.0002358
1335.5000,-0.0010285,-0.0004969,0.0004802,0.0002372
1336.0000,-0.0010346,-0.0004997,0.0004831,0.0002386
1336.5000,-0.0010407,-0.0005026,0.0004860,0.0002400
1337.0000,-0.0010469,-0.0005055,0.0004889,0.0002415
1337.5000,-0.0010531,-0.0005084,0.0004918,0.0002429
1338.0000,-0.0010592,-0.0005112,0.0004946,0.0002443
1338.5000,-0.0010655,-0.0005141,0.0004976,0.0002458
1339.0000,-0.0010717,-0.0005170,0.0005005,0.0002472
1339.5000,-0.0010780,-0.0005200,0.0005034,0.0002487
1340.0000,-0.0010842,-0.0005229,0.0005064,0.0002501
1340.5000,-0.0010905,-0.0005258,0.0005093,0.0002516
1341.0000,-0.0010968,-0.0005288,0.0005123,0.0002530
1341.5000,-0.0011032,-0.0005317,0.0005153,0.0002545
1342.0000,-0.0011095,-0.0005347,0.0005182,0.0002560
1342.5000,-0.0011159,-0.0005376,0.0005212,0.0002575
1343.0000,-0.0011223,-0.0005406,0.0005243,0.0002590
1343.5000,-0.0011288,-0.0005436,0.0005273,0.0002605
1344.0000,-0.0011352,-0.0005466,0.0005303,0.0002620
1344.5000,-0.0011417,-0.0005496,0.0005333,0.0002635
1345.0000,-0.0011482,-0.0005527,0.0005364,0.0002650
1345.5000,-0.0011547,-0.0005557,0.0005394,0.0002665
1346.0000,-0.0011612,-0.0005588,0.0005425,0.0002680
1346.5000,-0.0011677,-0.0005617,0.0005455,0.0002695
1347.0000,-0.0011743,-0.0005648,0.0005486,0.0002710
1347.5000,-0.0011809,-0.0005679,0.0005517,0.0002726
1348.0000,-0.0011875,-0.0005710,0.0005548,0.0002741
1348.5000,-0.0011942,-0.0005741,0.0005579,0.0002757
1349.0000,-0.0012008,-0.0005771,0.0005610,0.0002772
1349.5000,-0.0012075,-0.0005803,0.0005642,0.0002787
1350.0000,-0.0012141,-0.0005833,0.0005673,0.0002803
1350.5000,-0.0012209,-0.0005865,0.0005704,0.0002818
1351.0000,-0.0012276,-0.0005896,0.0005736,0.0002834
1351.5000,-0.0012343,-0.0005927,0.0005768,0.0002850
1352.0000,-0.0012411,-0.0005959,0.0005800,0.0002865
1352.5000,-0.0012479,-0.0005990,0.0005831,0.0002881
1353.0000,-0.0012547,-0.0006022,0.0005863,0.0002897
1353.5000,-0.0012615,-0.0006053,0.0005895,0.0002913
1354.0000,-0.0012684,-0.0006085,0.0005928,0.0002929
1354.5000,-0.0012752,-0.0006117,0.0005960,0.0002945
1355.0000,-0.0012821,-0.0006149,0.0005992,0.0002961
1355.5000,-0.0012890,-0.0006181,0.0006024,0.0002977
1356.0000,-0.0012959,-0.0006213,0.0006057,0.0002993
1356.5000,-0.0013029,-0.0006245,0.0006089,0.0003009
1357.0000,-0.0013098,-0.0006277,0.0006122,0.0003025
1357.5000,-0.0013168,-0.0006309,0.0006155,0.0003041
1358.0000,-0.0013239,-0.0006342,0.0006188,0.0003058
1358.5000,-0.0013308,-0.0006374,0.0006220,0.0003074
1359.0000,-0.0013379,-0.0006407,0.0006254,0.0003090
1359.5000,-0.0013449,-0.0006440,0.0006287,0.0003107
1360.0000,-0.0013520,-0.0006472,0.0006320,0.0003123
1360.5000,-0.0013591,-0.0006505,0.0006353,0.0003139
1361.0000,-0.0013662,-0.0006538,0.0006386,0.0003156
1361.5000,-0.0013732,-0.0006571,0.0006420,0.0003172
1362.0000,-0.0013805,-0.0006604,0.0006454,0.0003189
1362.5000,-0.0013875,-0.0006637,0.0006487,0.0003205
1363.0000,-0.0013947,-0.0006670,0.0006520,0.0003222
1363.5000,-0.0014019,-0.0006703,0.0006554,0.0003239
1364.0000,-0.0014091,-0.0006737,0.0006588,0.0003256
1364.5000,-0.0014163,-0.0006770,0.0006622,0.0003272
1365.0000,-0.0014235,-0.0006804,0.0006655,0.0003289
1365.5000,-0.0014308,-0.0006837,0.0006690,0.0003306
1366.0000,-0.0014381,-0.0006871,0.0006724,0.0003323
1366.5000,-0.0014454,-0.0006904,0.0006758,0.0003340
1367.0000,-0.0014527,-0.0006938,0.0006792,0.0003357
1367.5000,-0.0014600,-0.0006972,0.0006827,0.0003374
1368.0000,-0.0014673,-0.0007006,0.0006861,0.0003391
1368.5000,-0.0014746,-0.0007039,0.0006896,0.0003408
1369.0000,-0.0014820,-0.0007074,0.0006930,0.0003425
1369.5000,-0.0014894,-0.0007108,0.0006965,0.0003442
1370.0000,-0.0014968,-0.0007142,0.0007000,0.0003459
1370.5000,-0.0015042,-0.0007176,0.0007035,0.0003477
1371.0000,-0.0015116,-0.0007210,0.0007069,0.0003494
1371.5000,-0.0015190,-0.0007244,0.0007104,0.0003511
1372.0000,-0.0015265,-0.0007279,0.0007139,0.0003528
1372.5000,-0.0015339,-0.0007313,0.0007174,0.0003546
1373.0000,-0.0015414,-0.0007348,0.0007209,0.0003563
1373.5000,-0.0015489,-0.0007382,0.0007244,0.0003580
1374.0000,-0.0015565,-0.0007417,0.0007280,0.0003598
1374.5000,-0.0015640,-0.0007451,0.0007315,0.0003615
1375.0000,-0.0015715,-0.0007486,0.0007350,0.0003633
1375.5000,-0.0015790,-0.0007521,0.0007386,0.0003650
1376.0000,-0.0015866,-0.0007556,0.0007421,0.0003668
1376.5000,-0.0015941,-0.0007591,0.0007457,0.0003685
1377.0000,-0.0016017,-0.0007626,0.0007492,0.0003703
1377.5000,-0.0016093,-0.0007660,0.0007528,0.0003721
1378.0000,-0.0016169,-0.0007695,0.0007563,0.0003738
1378.5000,-0.0016245,-0.0007730,0.0007599,0.0003756
1379.0000,-0.0016322,-0.0007766,0.0007635,0.0003774
1379.5000,-0.0016398,-0.0007801,0.0007671,0.0003792
1380.0000,-0.0016475,-0.0007836,0.0007707,0.0003809
1380.5000,-0.0016551,-0.0007871,0.0007743,0.0003827
1381.0000,-0.0016628,-0.0007907,0.0007779,0.0003845
1381.5000,-0.0016704,-0.0007942,0.0007815,0.0003863
1382.0000,-0.0016782,-0.0007977,0.0007851,0.0003881
1382.5000,-0.0016859,-0.0008013,0.0007888,0.0003898
1383.0000,-0.0016936,-0.0008048,0.0007924,0.0003916
1383.5000,-0.0017013,-0.0008084,0.0007960,0.0003935
1384.0000,-0.0017091,-0.0008119,0.0007997,0.0003953
1384.5000,-0.0017168,-0.0008155,0.0008033,0.0003970
1385.0000,-0.0017245,-0.0008190,0.0008069,0.0003988
1385.5000,-0.0017323,-0.0008226,0.0008106,0.0004007
1386.0000,-0.0017401,-0.0008262,0.0008142,0.0004025
1386.5000,-0.0017479,-0.0008297,0.0008179,0.0004043
1387.0000,-0.0017557,-0.0008334,0.0008216,0.0004061
1387.5000,-0.0017635,-0.0008369,0.0008252,0.0004079
1388.0000,-0.0017713,-0.0008405,0.0008289,0.0004097
1388.5000,-0.0017791,-0.0008441,0.0008326,0.0004115
1389.0000,-0.0017870,-0.0008477,0.0008363,0.0004134
1389.5000,-0.0017948,-0.0008513,0.0008400,0.0004152
1390.0000,-0.0018027,-0.0008549,0.0008437,0.0004170
1390.5000,-0.0018105,-0.0008585,0.0008473,0.0004188
1391.0000,-0.0018183,-0.0008621,0.0008510,0.0004207
1391.5000,-0.0018262,-0.0008657,0.0008547,0.0004225
1392.0000,-0.0018341,-0.0008693,0.0008584,0.0004243
1392.5000,-0.0018420,-0.0008729,0.0008621,0.0004261
1393.0000,-0.0018498,-0.0008765,0.0008658,0.0004280
1393.5000,-0.0018577,-0.0008802,0.0008695,0.0004298
1394.0000,-0.0018656,-0.0008838,0.0008732,0.0004317
1394.5000,-0.0018735,-0.0008874,0.0008769,0.0004335
1395.0000,-0.0018814,-0.0008910,0.0008807,0.0004353
1395.5000,-0.0018893,-0.0008946,0.0008844,0.0004372
1396.0000,-0.0018973,-0.0008983,0.0008881,0.0004390
1396.5000,-0.0019052,-0.0009019,0.0008918,0.0004408
1397.0000,-0.0019131,-0.0009056,0.0008956,0.0004427
1397.5000,-0.0019210,-0.0009092,0.0008992,0.0004445
1398.0000,-0.0019290,-0.0009128,0.0009030,0.0004464
1398.5000,-0.0019369,-0.0009165,0.0009067,0.0004482
1399.0000,-0.0019448,-0.0009201,0.0009104,0.0004500
1399.5000,-0.0019527,-0.0009237,0.0009141,0.0004519
1400.0000,-0.0019607,-0.0009274,0.0009179,0.0004538
1400.5000,-0.0019686,-0.0009310,0.0009216,0.0004556
1401.0000,-0.0019765,-0.0009346,0.0009253,0.0004574
1401.5000,-0.0019845,-0.0009382,0.0009291,0.0004593
1402.0000,-0.0019924,-0.0009419,0.0009328,0.0004611
1402.5000,-0.0020004,-0.0009455,0.0009366,0.0004630
1403.0000,-0.0020084,-0.0009492,0.0009403,0.0004648
1403.5000,-0.0020163,-0.0009528,0.0009441,0.0004667
1404.0000,-0.0020242,-0.0009564,0.0009478,0.0004686
1404.5000,-0.0020322,-0.0009601,0.0009515,0.0004704
1405.0000,-0.0020401,-0.0009637,0.0009552,0.0004722
1405.5000,-0.0020481,-0.0009673,0.0009590,0.0004741
1406.0000,-0.0020561,-0.0009710,0.0009628,0.0004760
1406.5000,-0.0020640,-0.0009746,0.0009665,0.0004778
1407.0000,-0.0020720,-0.0009783,0.0009702,0.0004796
1407.5000,-0.0020799,-0.0009819,0.0009739,0.0004815
1408.0000,-0.0020879,-0.0009855,0.0009777,0.0004834
1408.5000,-0.0020959,-0.0009892,0.0009814,0.0004852
1409.0000,-0.0021038,-0.0009928,0.0009851,0.0004870
1409.5000,-0.0021117,-0.0009964,0.0009889,0.0004889
1410.0000,-0.0021196,-0.0010000,0.0009926,0.0004907
1410.5000,-0.0021276,-0.0010037,0.0009964,0.0004926
1411.0000,-0.0021356,-0.0010073,0.0010001,0.0004944
1411.5000,-0.0021435,-0.0010109,0.0010038,0.0004963
1412.0000,-0.0021514,-0.0010145,0.0010075,0.0004981
1412.5000,-0.0021593,-0.0010182,0.0010113,0.0005000
1413.0000,-0.0021672,-0.0010218,0.0010150,0.0005018
1413.5000,-0.0021752,-0.0010254,0.0010187,0.0005036
1414.0000,-0.0021831,-0.0010290,0.0010225,0.0005055
1414.5000,-0.0021910,-0.0010326,0.0010262,0.0005073
1415.0000,-0.0021989,-0.0010362,0.0010299,0.0005092
1415.5000,-0.0022068,-0.0010398,0.0010336,0.0005110
1416.0000,-0.0022147,-0.0010434,0.0010373,0.0005129
1416.5000,-0.0022226,-0.0010470,0.0010410,0.0005147
1417.0000,-0.0022305,-0.0010506,0.0010448,0.0005165
1417.5000,-0.0022384,-0.0010542,0.0010484,0.0005184
1418.0000,-0.0022463,-0.0010578,0.0010522,0.0005202
1418.5000,-0.0022541,-0.0010614,0.0010558,0.0005220
1419.0000,-0.0022620,-0.0010650,0.0010595,0.0005238
1419.5000,-0.0022698,-0.0010685,0.0010632,0.0005257
1420.0000,-0.0022776,-0.0010721,0.0010669,0.0005275
1420.5000,-0.0022854,-0.0010757,0.0010706,0.0005293
1421.0000,-0.0022933,-0.0010793,0.0010743,0.0005311
1421.5000,-0.0023011,-0.0010828,0.0010780,0.0005329
1422.0000,-0.0023090,-0.0010864,0.0010816,0.0005348
1422.5000,-0.0023167,-0.0010899,0.0010853,0.0005366
1423.0000,-0.0023245,-0.0010935,0.0010890,0.0005384
1423.5000,-0.0023323,-0.0010970,0.0010926,0.0005402
1424.0000,-0.0023401,-0.0011006,0.0010963,0.0005420
1424.5000,-0.0023478,-0.0011041,0.0010999,0.0005438
1425.0000,-0.0023555,-0.0011076,0.0011036,0.0005456
1425.5000,-0.0023634,-0.0011112,0.0011072,0.0005474
1426.0000,-0.0023711,-0.0011147,0.0011108,0.0005492
1426.5000,-0.0023787,-0.0011181,0.0011144,0.0005510
1427.0000,-0.0023865,-0.0011217,0.0011181,0.0005528
1427.5000,-0.0023941,-0.0011252,0.0011217,0.0005546
1428.0000,-0.0024018,-0.0011287,0.0011253,0.0005564
1428.5000,-0.0024095,-0.0011322,0.0011289,0.0005582
1429.0000,-0.0024172,-0.0011356,0.0011325,0.0005599
1429.5000,-0.0024248,-0.0011391,0.0011361,0.0005617
1430.0000,-0.0024324,-0.0011426,0.0011397,0.0005635
1430.5000,-0.0024400,-0.0011461,0.0011433,0.0005652
1431.0000,-0.0024476,-0.0011495,0.0011468,0.0005670
1431.5000,-0.0024551,-0.0011529,0.0011504,0.0005688
1432.0000,-0.0024627,-0.0011564,0.0011540,0.0005705
1432.5000,-0.0024703,-0.0011598,0.0011576,0.0005723
1433.0000,-0.0024778,-0.0011632,0.0011611,0.0005741
1433.5000,-0.0024854,-0.0011667,0.0011646,0.0005758
1434.0000,-0.0024929,-0.0011701,0.0011682,0.0005776
1434.5000,-0.0025003,-0.0011735,0.0011717,0.0005793
1435.0000,-0.0025078,-0.0011769,0.0011752,0.0005810
1435.5000,-0.0025153,-0.0011803,0.0011787,0.0005828
1436.0000,-0.0025227,-0.0011836,0.0011822,0.0005845
1436.5000,-0.0025301,-0.0011870,0.0011857,0.0005862
1437.0000,-0.0025375,-0.0011904,0.0011892,0.0005879
1437.5000,-0.0025449,-0.0011938,0.0011927,0.0005897
1438.0000,-0.0025522,-0.0011971,0.0011961,0.0005914
1438.5000,-0.0025596,-0.0012004,0.0011996,0.0005931
1439.0000,-0.0025670,-0.0012038,0.0012030,0.0005948
1439.5000,-0.0025743,-0.0012071,0.0012065,0.0005965
1440.0000,-0.0025816,-0.0012104,0.0012099,0.0005982
1440.5000,-0.0025888,-0.0012137,0.0012133,0.0005999
1441.0000,-0.0025961,-0.0012170,0.0012167,0.0006016
1441.5000,-0.0026033,-0.0012203,0.0012202,0.0006033
1442.0000,-0.0026105,-0.0012235,0.0012236,0.0006049
1442.5000,-0.0026177,-0.0012268,0.0012269,0.0006066
1443.0000,-0.0026249,-0.0012301,0.0012303,0.0006083
1443.5000,-0.0026320,-0.0012333,0.0012337,0.0006099
1444.0000,-0.0026392,-0.0012365,0.0012370,0.0006116
1444.5000,-0.0026463,-0.0012397,0.0012404,0.0006132
1445.0000,-0.0026533,-0.0012429,0.0012437,0.0006149
1445.5000,-0.0026604,-0.0012462,0.0012470,0.0006165
1446.0000,-0.0026674,-0.0012493,0.0012503,0.0006182
1446.5000,-0.0026744,-0.0012525,0.0012536,0.0006198
1447.0000,-0.0026814,-0.0012557,0.0012569,0.0006214
1447.5000,-0.0026884,-0.0012589,0.0012602,0.0006230
1448.0000,-0.0026954,-0.0012620,0.0012635,0.0006247
1448.5000,-0.0027023,-0.0012651,0.0012667,0.0006263
1449.0000,-0.0027092,-0.0012683,0.0012700,0.0006279
1449.5000,-0.0027161,-0.0012714,0.0012732,0.0006295
1450.0000,-0.0027228,-0.0012745,0.0012764,0.0006310
1450.5000,-0.0027296,-0.0012776,0.0012796,0.0006326
1451.0000,-0.0027364,-0.0012806,0.0012828,0.0006342
1451.5000,-0.0027432,-0.0012837,0.0012860,0.0006358
1452.0000,-0.0027500,-0.0012868,0.0012892,0.0006374
1452.5000,-0.0027566,-0.0012898,0.0012923,0.0006389
1453.0000,-0.0027634,-0.0012928,0.0012955,0.0006405
1453.5000,-0.0027700,-0.0012958,0.0012986,0.0006420
1454.0000,-0.0027766,-0.0012988,0.0013017,0.0006436
1454.5000,-0.0027832,-0.0013018,0.0013048,0.0006451
1455.0000,-0.0027898,-0.0013048,0.0013079,0.0006466
1455.5000,-0.0027963,-0.0013078,0.0013110,0.0006481
1456.0000,-0.0028029,-0.0013107,0.0013141,0.0006497
1456.5000,-0.0028094,-0.0013137,0.0013172,0.0006512
1457.0000,-0.0028159,-0.0013166,0.0013202,0.0006527
1457.5000,-0.0028223,-0.0013195,0.0013232,0.0006542
1458.0000,-0.0028287,-0.0013224,0.0013262,0.0006557
1458.5000,-0.0028350,-0.0013253,0.0013292,0.0006571
1459.0000,-0.0028414,-0.0013282,0.0013322,0.0006586
1459.5000,-0.0028477,-0.0013310,0.0013352,0.0006601
1460.0000,-0.0028540,-0.0013338,0.0013382,0.0006615
1460.5000,-0.0028602,-0.0013367,0.0013411,0.0006630
1461.0000,-0.0028665,-0.0013395,0.0013441,0.0006645
1461.5000,-0.0028726,-0.0013423,0.0013469,0.0006659
1462.0000,-0.0028788,-0.0013451,0.0013498,0.0006673
1462.5000,-0.0028849,-0.0013478,0.0013527,0.0006687
1463.0000,-0.0028910,-0.0013506,0.0013556,0.0006702
1463.5000,-0.0028971,-0.0013533,0.0013585,0.0006716
1464.0000,-0.0029030,-0.0013560,0.0013613,0.0006730
1464.5000,-0.0029090,-0.0013588,0.0013641,0.0006743
1465.0000,-0.0029150,-0.0013614,0.0013669,0.0006757
1465.5000,-0.0029209,-0.0013641,0.0013697,0.0006771
1466.0000,-0.0029268,-0.0013668,0.0013725,0.0006785
1466.5000,-0.0029327,-0.0013695,0.0013752,0.0006799
1467.0000,-0.0029385,-0.0013721,0.0013780,0.0006812
1467.5000,-0.0029443,-0.0013747,0.0013807,0.0006825
1468.0000,-0.0029500,-0.0013773,0.0013834,0.0006839
1468.5000,-0.0029557,-0.0013799,0.0013861,0.0006852
1469.0000,-0.0029615,-0.0013825,0.0013888,0.0006866
1469.5000,-0.0029671,-0.0013850,0.0013915,0.0006878
1470.0000,-0.0029727,-0.0013875,0.0013941,0.0006891
1470.5000,-0.0029782,-0.0013900,0.0013967,0.0006904
1471.0000,-0.0029837,-0.0013925,0.0013993,0.0006917
1471.5000,-0.0029892,-0.0013950,0.0014019,0.0006930
1472.0000,-0.0029947,-0.0013974,0.0014044,0.0006943
1472.5000,-0.0030001,-0.0013999,0.0014070,0.0006955
1473.0000,-0.0030055,-0.0014023,0.0014095,0.0006968
1473.5000,-0.0030109,-0.0014048,0.0014121,0.0006980
1474.0000,-0.0030162,-0.0014071,0.0014146,0.0006993
1474.5000,-0.0030214,-0.0014095,0.0014171,0.0007005
1475.0000,-0.0030267,-0.0014119,0.0014195,0.0007017
1475.5000,-0.0030319,-0.0014143,0.0014220,0.0007029
1476.0000,-0.0030370,-0.0014166,0.0014244,0.0007041
1476.5000,-0.0030421,-0.0014188,0.0014268,0.0007053
1477.0000,-0.0030472,-0.0014212,0.0014292,0.0007065
1477.5000,-0.0030522,-0.0014234,0.0014316,0.0007076
1478.0000,-0.0030572,-0.0014256,0.0014339,0.0007088
1478.5000,-0.0030621,-0.0014279,0.0014363,0.0007099
1479.0000,-0.0030671,-0.0014301,0.0014386,0.0007111
1479.5000,-0.0030719,-0.0014323,0.0014409,0.0007122
1480.0000,-0.0030768,-0.0014345,0.0014432,0.0007133
1480.5000,-0.0030815,-0.0014366,0.0014454,0.0007144
1481.0000,-0.0030863,-0.0014388,0.0014477,0.0007155
1481.5000,-0.0030911,-0.0014409,0.0014499,0.0007166
1482.0000,-0.0030957,-0.0014430,0.0014521,0.0007177
1482.5000,-0.0031003,-0.0014451,0.0014543,0.0007188
1483.0000,-0.0031049,-0.0014472,0.0014564,0.0007199
1483.5000,-0.0031094,-0.0014492,0.0014586,0.0007209
1484.0000,-0.0031139,-0.0014512,0.0014607,0.0007219
1484.5000,-0.0031183,-0.0014532,0.0014627,0.0007230
1485.0000,-0.0031228,-0.0014552,0.0014649,0.0007240
1485.5000,-0.0031271,-0.0014572,0.0014669,0.0007250
1486.0000,-0.0031315,-0.0014592,0.0014689,0.0007260
1486.5000,-0.0031357,-0.0014611,0.0014710,0.0007270
1487.0000,-0.0031400,-0.0014630,0.0014730,0.0007280
1487.5000,-0.0031442,-0.0014649,0.0014750,0.0007290
1488.0000,-0.0031483,-0.0014667,0.0014769,0.0007300
1488.5000,-0.0031525,-0.0014686,0.0014789,0.0007309
1489.0000,-0.0031565,-0.0014704,0.0014808,0.0007319
1489.5000,-0.0031605,-0.0014723,0.0014826,0.0007328
1490.0000,-0.0031645,-0.0014740,0.0014845,0.0007337
1490.5000,-0.0031684,-0.0014758,0.0014864,0.0007346
1491.0000,-0.0031722,-0.0014775,0.0014882,0.0007355
1491.5000,-0.0031760,-0.0014793,0.0014900,0.0007364
1492.0000,-0.0031799,-0.0014810,0.0014918,0.0007373
1492.5000,-0.0031836,-0.0014827,0.0014936,0.0007381
1493.0000,-0.0031873,-0.0014843,0.0014953,0.0007390
1493.5000,-0.0031909,-0.0014860,0.0014970,0.0007398
1494.0000,-0.0031945,-0.0014876,0.0014987,0.0007407
1494.5000,-0.0031981,-0.0014892,0.0015004,0.0007415
1495.0000,-0.0032016,-0.0014908,0.0015021,0.0007423
1495.5000,-0.0032051,-0.0014923,0.0015037,0.0007431
1496.0000,-0.0032085,-0.0014939,0.0015053,0.0007439
1496.5000,-0.0032119,-0.0014953,0.0015069,0.0007447
1497.0000,-0.0032151,-0.0014969,0.0015084,0.0007455
1497.5000,-0.0032184,-0.0014983,0.0015100,0.0007462
1498.0000,-0.0032216,-0.0014998,0.0015115,0.0007470
1498.5000,-0.0032248,-0.0015012,0.0015130,0.0007477
1499.0000,-0.0032279,-0.0015026,0.0015145,0.0007484
1499.5000,-0.0032310,-0.0015040,0.0015160,0.0007491
1500.0000,-0.0032341,-0.0015054,0.0015174,0.0007498
1500.5000,-0.0032371,-0.0015067,0.0015188,0.0007505
1501.0000,-0.0032400,-0.0015080,0.0015202,0.0007512
1501.5000,-0.0032428,-0.0015093,0.0015215,0.0007519
1502.0000,-0.0032457,-0.0015106,0.0015229,0.0007525
1502.5000,-0.0032485,-0.0015118,0.0015242,0.0007532
1503.0000,-0.0032512,-0.0015131,0.0015255,0.0007538
1503.5000,-0.0032539,-0.0015143,0.0015268,0.0007545
1504.0000,-0.0032566,-0.0015155,0.0015280,0.0007551
1504.5000,-0.0032591,-0.0015166,0.0015292,0.0007557
1505.0000,-0.0032617,-0.0015178,0.0015305,0.0007563
1505.5000,-0.0032642,-0.0015189,0.0015317,0.0007568
1506.0000,-0.0032666,-0.0015200,0.0015328,0.0007574
1506.5000,-0.0032690,-0.0015210,0.0015339,0.0007579
1507.0000,-0.0032714,-0.0015221,0.0015350,0.0007585
1507.5000,-0.0032736,-0.0015231,0.0015361,0.0007590
1508.0000,-0.0032759,-0.0015241,0.0015372,0.0007595
1508.5000,-0.0032780,-0.0015251,0.0015382,0.0007600
1509.0000,-0.0032802,-0.0015260,0.0015392,0.0007605
1509.5000,-0.0032824,-0.0015270,0.0015402,0.0007610
1510.0000,-0.0032844,-0.0015279,0.0015412,0.0007615
1510.5000,-0.0032863,-0.0015288,0.0015421,0.0007620
1511.0000,-0.0032883,-0.0015297,0.0015430,0.0007624
1511.5000,-0.0032902,-0.0015305,0.0015439,0.0007628
1512.0000,-0.0032920,-0.0015313,0.0015448,0.0007632
1512.5000,-0.0032938,-0.0015321,0.0015456,0.0007637
1513.0000,-0.0032955,-0.0015329,0.0015465,0.0007641
1513.5000,-0.0032972,-0.0015337,0.0015473,0.0007644
1514.0000,-0.0032988,-0.0015344,0.0015480,0.0007648
1514.5000,-0.0033004,-0.0015351,0.0015488,0.0007652
1515.0000,-0.0033020,-0.0015358,0.0015495,0.0007656
1515.5000,-0.0033034,-0.0015364,0.0015502,0.0007659
1516.0000,-0.0033048,-0.0015371,0.0015509,0.0007662
1516.5000,-0.0033062,-0.0015377,0.0015515,0.0007665
1517.0000,-0.0033076,-0.0015383,0.0015522,0.0007668
1517.5000,-0.0033087,-0.0015388,0.0015527,0.0007671
1518.0000,-0.0033100,-0.0015394,0.0015533,0.0007674
1518.5000,-0.0033111,-0.0015399,0.0015539,0.0007676
1519.0000,-0.0033123,-0.0015404,0.0015544,0.0007679
1519.5000,-0.0033134,-0.0015409,0.0015549,0.0007682
1520.0000,-0.0033144,-0.0015413,0.0015554,0.0007684
1520.5000,-0.0033153,-0.0015417,0.0015559,0.0007686
1521.0000,-0.0033162,-0.0015421,0.0015563,0.0007688
1521.5000,-0.0033170,-0.0015425,0.0015567,0.0007690
1522.0000,-0.0033179,-0.0015429,0.0015571,0.0007692
1522.5000,-0.0033186,-0.0015432,0.0015574,0.0007693
1523.0000,-0.0033192,-0.0015435,0.0015577,0.0007695
1523.5000,-0.0033199,-0.0015438,0.0015581,0.0007696
1524.0000,-0.0033205,-0.0015441,0.0015584,0.0007698
1524.5000,-0.0033211,-0.0015443,0.0015586,0.0007699
1525.0000,-0.0033215,-0.0015445,0.0015588,0.0007700
1525.5000,-0.0033220,-0.0015447,0.0015591,0.0007701
1526.0000,-0.0033223,-0.0015448,0.0015592,0.0007702
1526.5000,-0.0033226,-0.0015450,0.0015594,0.0007702
1527.0000,-0.0033230,-0.0015451,0.0015595,0.0007703
1527.5000,-0.0033232,-0.0015452,0.0015596,0.0007704
1528.0000,-0.0033233,-0.0015452,0.0015597,0.0007704
1528.5000,-0.0033234,-0.0015453,0.0015598,0.0007704
1529.0000,-0.0033235,-0.0015453,0.0015598,0.0007704
1529.5000,-0.0033235,-0.0015453,0.0015598,0.0007704
1530.0000,-0.0033234,-0.0015453,0.0015598,0.0007704
1530.5000,-0.0033234,-0.0015452,0.0015598,0.0007704
1531.0000,-0.0033233,-0.0015451,0.0015597,0.0007703
1531.5000,-0.0033230,-0.0015451,0.0015597,0.0007703
1532.0000,-0.0033228,-0.0015449,0.0015595,0.0007702
1532.5000,-0.0033225,-0.0015448,0.0015594,0.0007702
1533.0000,-0.0033221,-0.0015446,0.0015592,0.0007701
1533.5000,-0.0033217,-0.0015444,0.0015590,0.0007699
1534.0000,-0.0033213,-0.0015442,0.0015589,0.0007699
1534.5000,-0.0033207,-0.0015439,0.0015586,0.0007697
1535.0000,-0.0033201,-0.0015437,0.0015583,0.0007696
1535.5000,-0.0033195,-0.0015434,0.0015580,0.0007694
1536.0000,-0.0033188,-0.0015431,0.0015577,0.0007693
1536.5000,-0.0033181,-0.0015427,0.0015574,0.0007691
1537.0000,-0.0033173,-0.0015424,0.0015570,0.0007689
1537.5000,-0.0033165,-0.0015420,0.0015567,0.0007687
1538.0000,-0.0033156,-0.0015416,0.0015562,0.0007685
1538.5000,-0.0033147,-0.0015411,0.0015558,0.0007683
1539.0000,-0.0033137,-0.0015407,0.0015553,0.0007680
1539.5000,-0.0033127,-0.0015402,0.0015549,0.0007678
1540.0000,-0.0033116,-0.0015397,0.0015544,0.0007675
1540.5000,-0.0033104,-0.0015392,0.0015538,0.0007673
1541.0000,-0.0033093,-0.0015387,0.0015533,0.0007670
1541.5000,-0.0033080,-0.0015381,0.0015527,0.0007667
1542.0000,-0.0033067,-0.0015375,0.0015521,0.0007664
1542.5000,-0.0033053,-0.0015369,0.0015514,0.0007661
1543.0000,-0.0033039,-0.0015362,0.0015508,0.0007657
1543.5000,-0.0033025,-0.0015356,0.0015501,0.0007654
1544.0000,-0.0033010,-0.0015349,0.0015494,0.0007650
1544.5000,-0.0032994,-0.0015342,0.0015487,0.0007647
1545.0000,-0.0032978,-0.0015334,0.0015479,0.0007643
1545.5000,-0.0032961,-0.0015327,0.0015472,0.0007639
1546.0000,-0.0032944,-0.0015319,0.0015464,0.0007635
1546.5000,-0.0032927,-0.0015311,0.0015455,0.0007631
1547.0000,-0.0032909,-0.0015303,0.0015447,0.0007627
1547.5000,-0.0032890,-0.0015294,0.0015438,0.0007622
1548.0000,-0.0032871,-0.0015285,0.0015429,0.0007618
1548.5000,-0.0032851,-0.0015276,0.0015420,0.0007613
1549.0000,-0.0032832,-0.0015268,0.0015411,0.0007608
1549.5000,-0.0032810,-0.0015258,0.0015401,0.0007604
1550.0000,-0.0032790,-0.0015249,0.0015391,0.0007599
1550.5000,-0.0032768,-0.0015238,0.0015381,0.0007593
1551.0000,-0.0032746,-0.0015229,0.0015371,0.0007588
1551.5000,-0.0032723,-0.0015218,0.0015360,0.0007583
1552.0000,-0.0032700,-0.0015207,0.0015349,0.0007577
1552.5000,-0.0032676,-0.0015197,0.0015338,0.0007572
1553.0000,-0.0032652,-0.0015186,0.0015327,0.0007566
1553.5000,-0.0032627,-0.0015175,0.0015315,0.0007560
1554.0000,-0.0032602,-0.0015163,0.0015303,0.0007555
1554.5000,-0.0032577,-0.0015152,0.0015291,0.0007549
1555.0000,-0.0032550,-0.0015140,0.0015279,0.0007542
1555.5000,-0.0032524,-0.0015128,0.0015267,0.0007536
1556.0000,-0.0032496,-0.0015115,0.0015254,0.0007530
1556.5000,-0.0032469,-0.0015103,0.0015241,0.0007523
1557.0000,-0.0032441,-0.0015090,0.0015228,0.0007517
1557.5000,-0.0032413,-0.0015077,0.0015215,0.0007510
1558.0000,-0.0032384,-0.0015064,0.0015201,0.0007503
1558.5000,-0.0032354,-0.0015050,0.0015187,0.0007496
1559.0000,-0.0032324,-0.0015037,0.0015173,0.0007489
1559.5000,-0.0032293,-0.0015023,0.0015159,0.0007482
1560.0000,-0.0032262,-0.0015009,0.0015144,0.0007475
1560.5000,-0.0032231,-0.0014994,0.0015129,0.0007468
1561.0000,-0.0032199,-0.0014980,0.0015115,0.0007460
1561.5000,-0.0032167,-0.0014965,0.0015099,0.0007453
1562.0000,-0.0032134,-0.0014950,0.0015084,0.0007445
1562.5000,-0.0032101,-0.0014935,0.0015068,0.0007437
1563.0000,-0.0032066,-0.0014920,0.0015052,0.0007429
1563.5000,-0.0032032,-0.0014904,0.0015036,0.0007421
1564.0000,-0.0031998,-0.0014889,0.0015020,0.0007413
1564.5000,-0.0031963,-0.0014873,0.0015003,0.0007405
1565.0000,-0.0031927,-0.0014856,0.0014987,0.0007396
1565.5000,-0.0031891,-0.0014840,0.0014970,0.0007388
1566.0000,-0.0031855,-0.0014823,0.0014953,0.0007379
1566.5000,-0.0031817,-0.0014807,0.0014935,0.0007371
1567.0000,-0.0031780,-0.0014790,0.0014918,0.0007362
1567.5000,-0.0031742,-0.0014772,0.0014900,0.0007353
1568.0000,-0.0031704,-0.0014755,0.0014882,0.0007344
1568.5000,-0.0031665,-0.0014737,0.0014864,0.0007335
1569.0000,-0.0031625,-0.0014719,0.0014845,0.0007326
1569.5000,-0.0031586,-0.0014702,0.0014827,0.0007316
1570.0000,-0.0031545,-0.0014683,0.0014808,0.0007307
1570.5000,-0.0031505,-0.0014665,0.0014788,0.0007297
1571.0000,-0.0031464,-0.0014646,0.0014769,0.0007288
1571.5000,-0.0031422,-0.0014627,0.0014750,0.0007278
1572.0000,-0.0031380,-0.0014608,0.0014730,0.0007268
1572.5000,-0.0031338,-0.0014589,0.0014710,0.0007258
1573.0000,-0.0031295,-0.0014570,0.0014690,0.0007248
1573.5000,-0.0031252,-0.0014550,0.0014670,0.0007238
1574.0000,-0.0031209,-0.0014531,0.0014650,0.0007228
1574.5000,-0.0031165,-0.0014511,0.0014629,0.0007218
1575.0000,-0.0031121,-0.0014490,0.0014608,0.0007207
1575.5000,-0.0031075,-0.0014470,0.0014587,0.0007197
1576.0000,-0.0031030,-0.0014450,0.0014566,0.0007186
1576.5000,-0.0030984,-0.0014429,0.0014544,0.0007176
1577.0000,-0.0030938,-0.0014408,0.0014523,0.0007165
1577.5000,-0.0030891,-0.0014386,0.0014500,0.0007154
1578.0000,-0.0030844,-0.0014365,0.0014478,0.0007143
1578.5000,-0.0030797,-0.0014344,0.0014456,0.0007132
1579.0000,-0.0030749,-0.0014322,0.0014434,0.0007121
1579.5000,-0.0030702,-0.0014300,0.0014412,0.0007109
1580.0000,-0.0030653,-0.0014278,0.0014389,0.0007098
1580.5000,-0.0030603,-0.0014256,0.0014365,0.0007086
1581.0000,-0.0030555,-0.0014234,0.0014343,0.0007075
1581.5000,-0.0030505,-0.0014211,0.0014319,0.0007064
1582.0000,-0.0030454,-0.0014188,0.0014295,0.0007052
1582.5000,-0.0030404,-0.0014165,0.0014271,0.0007040
1583.0000,-0.0030352,-0.0014142,0.0014247,0.0007028
1583.5000,-0.0030301,-0.0014119,0.0014223,0.0007016
1584.0000,-0.0030250,-0.0014095,0.0014199,0.0007004
1584.5000,-0.0030198,-0.0014072,0.0014175,0.0006992
1585.0000,-0.0030145,-0.0014048,0.0014150,0.0006980
1585.5000,-0.0030092,-0.0014024,0.0014125,0.0006967
1586.0000,-0.0030039,-0.0014000,0.0014100,0.0006955
1586.5000,-0.0029986,-0.0013976,0.0014075,0.0006942
1587.0000,-0.0029932,-0.0013951,0.0014050,0.0006930
1587.5000,-0.0029877,-0.0013926,0.0014024,0.0006917
1588.0000,-0.0029823,-0.0013902,0.0013999,0.0006904
1588.5000,-0.0029768,-0.0013877,0.0013973,0.0006891
1589.0000,-0.0029712,-0.0013851,0.0013947,0.0006879
1589.5000,-0.0029657,-0.0013826,0.0013921,0.0006865
1590.0000,-0.0029600,-0.0013801,0.0013894,0.0006852
1590.5000,-0.0029544,-0.0013775,0.0013868,0.0006839
1591.0000,-0.0029488,-0.0013749,0.0013841,0.0006826
1591.5000,-0.0029431,-0.0013723,0.0013814,0.0006813
1592.0000,-0.0029373,-0.0013697,0.0013788,0.0006799
1592.5000,-0.0029315,-0.0013671,0.0013760,0.0006786
1593.0000,-0.0029258,-0.0013645,0.0013734,0.0006772
1593.5000,-0.0029199,-0.0013618,0.0013706,0.0006758
1594.0000,-0.0029141,-0.0013592,0.0013678,0.0006745
1594.5000,-0.0029081,-0.0013565,0.0013650,0.0006731
1595.0000,-0.0029021,-0.0013538,0.0013622,0.0006717
1595.5000,-0.0028961,-0.0013511,0.0013594,0.0006703
1596.0000,-0.0028901,-0.0013483,0.0013566,0.0006689
1596.5000,-0.0028841,-0.0013456,0.0013538,0.0006675
1597.0000,-0.0028780,-0.0013428,0.0013509,0.0006661
1597.5000,-0.0028719,-0.0013400,0.0013480,0.0006646
1598.0000,-0.0028658,-0.0013373,0.0013451,0.0006632
1598.5000,-0.0028596,-0.0013345,0.0013423,0.0006618
1599.0000,-0.0028534,-0.0013316,0.0013394,0.0006603
1599.5000,-0.0028472,-0.0013288,0.0013364,0.0006589
1600.0000,-0.0028409,-0.0013260,0.0013335,0.0006574
1600.5000,-0.0028346,-0.0013231,0.0013305,0.0006559
1601.0000,-0.0028283,-0.0013203,0.0013276,0.0006545
1601.5000,-0.0028220,-0.0013174,0.0013246,0.0006530
1602.0000,-0.0028156,-0.0013145,0.0013215,0.0006515
1602.5000,-0.0028092,-0.0013116,0.0013186,0.0006500
1603.0000,-0.0028027,-0.0013086,0.0013155,0.0006485
1603.5000,-0.0027963,-0.0013057,0.0013125,0.0006470
1604.0000,-0.0027898,-0.0013028,0.0013094,0.0006455
1604.5000,-0.0027833,-0.0012998,0.0013064,0.0006440
1605.0000,-0.0027768,-0.0012968,0.0013033,0.0006425
1605.5000,-0.0027701,-0.0012938,0.0013002,0.0006409
1606.0000,-0.0027636,-0.0012909,0.0012971,0.0006394
1606.5000,-0.0027570,-0.0012878,0.0012940,0.0006378
1607.0000,-0.0027503,-0.0012848,0.0012909,0.0006363
1607.5000,-0.0027436,-0.0012818,0.0012878,0.0006347
1608.0000,-0.0027369,-0.0012787,0.0012846,0.0006332
1608.5000,-0.0027302,-0.0012757,0.0012814,0.0006316
1609.0000,-0.0027234,-0.0012726,0.0012782,0.0006300
1609.5000,-0.0027167,-0.0012696,0.0012751,0.0006284
1610.0000,-0.0027099,-0.0012665,0.0012719,0.0006268
1610.5000,-0.0027030,-0.0012633,0.0012687,0.0006253
1611.0000,-0.0026962,-0.0012602,0.0012655,0.0006236
1611.5000,-0.0026894,-0.0012571,0.0012623,0.0006220
1612.0000,-0.0026824,-0.0012539,0.0012590,0.0006204
1612.5000,-0.0026755,-0.0012508,0.0012557,0.0006188
1613.0000,-0.0026686,-0.0012477,0.0012525,0.0006172
1613.5000,-0.0026616,-0.0012445,0.0012492,0.0006156
1614.0000,-0.0026546,-0.0012413,0.0012459,0.0006139
1614.5000,-0.0026476,-0.0012381,0.0012427,0.0006123
1615.0000,-0.0026406,-0.0012349,0.0012393,0.0006107
1615.5000,-0.0026335,-0.0012317,0.0012360,0.0006090
1616.0000,-0.0026265,-0.0012285,0.0012327,0.0006074
1616.5000,-0.0026193,-0.0012253,0.0012293,0.0006057
1617.0000,-0.0026123,-0.0012221,0.0012260,0.0006041
1617.5000,-0.0026051,-0.0012188,0.0012226,0.0006024
1618.0000,-0.0025979,-0.0012155,0.0012193,0.0006007
1618.5000,-0.0025908,-0.0012123,0.0012159,0.0005991
1619.0000,-0.0025836,-0.0012090,0.0012125,0.0005974
1619.5000,-0.0025764,-0.0012058,0.0012092,0.0005957
1620.0000,-0.0025692,-0.0012025,0.0012058,0.0005940
1620.5000,-0.0025620,-0.0011992,0.0012024,0.0005924
1621.0000,-0.0025547,-0.0011959,0.0011990,0.0005907
1621.5000,-0.0025474,-0.0011925,0.0011955,0.0005890
1622.0000,-0.0025401,-0.0011892,0.0011921,0.0005873
1622.5000,-0.0025328,-0.0011859,0.0011886,0.0005856
1623.0000,-0.0025254,-0.0011826,0.0011852,0.0005839
1623.5000,-0.0025181,-0.0011792,0.0011817,0.0005821
1624.0000,-0.0025107,-0.0011758,0.0011783,0.0005804
1624.5000,-0.0025033,-0.0011725,0.0011748,0.0005787
1625.0000,-0.0024959,-0.0011691,0.0011714,0.0005770
1625.5000,-0.0024885,-0.0011658,0.0011679,0.0005753
1626.0000,-0.0024811,-0.0011624,0.0011644,0.0005735
1626.5000,-0.0024737,-0.0011590,0.0011609,0.0005718
1627.0000,-0.0024662,-0.0011556,0.0011573,0.0005701
1627.5000,-0.0024587,-0.0011521,0.0011538,0.0005683
1628.0000,-0.0024512,-0.0011487,0.0011503,0.0005666
1628.5000,-0.0024437,-0.0011453,0.0011468,0.0005648
1629.0000,-0.0024362,-0.0011419,0.0011433,0.0005631
1629.5000,-0.0024287,-0.0011385,0.0011397,0.0005613
1630.0000,-0.0024211,-0.0011350,0.0011362,0.0005596
1630.5000,-0.0024136,-0.0011316,0.0011326,0.0005578
1631.0000,-0.0024061,-0.0011282,0.0011291,0.0005560
1631.5000,-0.0023985,-0.0011247,0.0011255,0.0005543
1632.0000,-0.0023909,-0.0011213,0.0011220,0.0005525
1632.5000,-0.0023834,-0.0011178,0.0011184,0.0005507
1633.0000,-0.0023757,-0.0011143,0.0011148,0.0005490
1633.5000,-0.0023681,-0.0011108,0.0011112,0.0005472
1634.0000,-0.0023604,-0.0011074,0.0011076,0.0005454
1634.5000,-0.0023528,-0.0011039,0.0011040,0.0005436
1635.0000,-0.0023452,-0.0011004,0.0011005,0.0005419
1635.5000,-0.0023375,-0.0010969,0.0010968,0.0005401
1636.0000,-0.0023298,-0.0010934,0.0010932,0.0005383
1636.5000,-0.0023221,-0.0010899,0.0010896,0.0005365
1637.0000,-0.0023144,-0.0010864,0.0010860,0.0005347
1637.5000,-0.0023067,-0.0010829,0.0010824,0.0005329
1638.0000,-0.0022990,-0.0010794,0.0010788,0.0005311
1638.5000,-0.0022913,-0.0010758,0.0010751,0.0005293
1639.0000,-0.0022836,-0.0010723,0.0010715,0.0005275
1639.5000,-0.0022759,-0.0010688,0.0010679,0.0005257
1640.0000,-0.0022681,-0.0010653,0.0010642,0.0005239
1640.5000,-0.0022603,-0.0010617,0.0010606,0.0005221
1641.0000,-0.0022526,-0.0010582,0.0010569,0.0005203
1641.5000,-0.0022448,-0.0010547,0.0010533,0.0005185
1642.0000,-0.0022371,-0.0010511,0.0010496,0.0005167
1642.5000,-0.0022292,-0.0010475,0.0010460,0.0005149
1643.0000,-0.0022215,-0.0010440,0.0010423,0.0005131
1643.5000,-0.0022137,-0.0010404,0.0010387,0.0005113
1644.0000,-0.0022059,-0.0010369,0.0010350,0.0005095
1644.5000,-0.0021982,-0.0010333,0.0010314,0.0005077
1645.0000,-0.0021903,-0.0010298,0.0010277,0.0005058
1645.5000,-0.0021826,-0.0010262,0.0010240,0.0005040
1646.0000,-0.0021747,-0.0010226,0.0010203,0.0005022
1646.5000,-0.0021670,-0.0010191,0.0010167,0.0005004
1647.0000,-0.0021591,-0.0010155,0.0010130,0.0004986
1647.5000,-0.0021514,-0.0010119,0.0010093,0.0004968
1648.0000,-0.0021435,-0.0010083,0.0010056,0.0004949
1648.5000,-0.0021356,-0.0010048,0.0010020,0.0004931
1649.0000,-0.0021278,-0.0010012,0.0009983,0.0004913
1649.5000,-0.0021200,-0.0009976,0.0009946,0.0004895
1650.0000,-0.0021122,-0.0009940,0.0009909,0.0004877
1650.5000,-0.0021044,-0.0009904,0.0009873,0.0004858
1651.0000,-0.0020965,-0.0009869,0.0009836,0.0004840
1651.5000,-0.0020888,-0.0009833,0.0009799,0.0004822
1652.0000,-0.0020809,-0.0009797,0.0009762,0.0004804
1652.5000,-0.0020731,-0.0009761,0.0009725,0.0004785
1653.0000,-0.0020652,-0.0009726,0.0009689,0.0004767
1653.5000,-0.0020574,-0.0009690,0.0009652,0.0004749
1654.0000,-0.0020495,-0.0009654,0.0009615,0.0004731
1654.5000,-0.0020417,-0.0009618,0.0009578,0.0004712
1655.0000,-0.0020338,-0.0009582,0.0009541,0.0004694
1655.5000,-0.0020260,-0.0009546,0.0009504,0.0004676
1656.0000,-0.0020182,-0.0009510,0.0009467,0.0004658
1656.5000,-0.0020104,-0.0009475,0.0009431,0.0004640
1657.0000,-0.0020026,-0.0009439,0.0009394,0.0004621
1657.5000,-0.0019947,-0.0009403,0.0009357,0.0004603
1658.0000,-0.0019869,-0.0009367,0.0009321,0.0004585
1658.5000,-0.0019791,-0.0009331,0.0009284,0.0004567
1659.0000,-0.0019712,-0.0009295,0.0009247,0.0004549
1659.5000,-0.0019634,-0.0009260,0.0009210,0.0004530
1660.0000,-0.0019555,-0.0009223,0.0009173,0.0004512
1660.5000,-0.0019477,-0.0009188,0.0009136,0.0004494
1661.0000,-0.0019399,-0.0009152,0.0009100,0.0004476
1661.5000,-0.0019321,-0.0009116,0.0009063,0.0004458
1662.0000,-0.0019244,-0.0009081,0.0009026,0.0004440
1662.5000,-0.0019165,-0.0009045,0.0008990,0.0004422
1663.0000,-0.0019087,-0.0009009,0.0008953,0.0004404
1663.5000,-0.0019010,-0.0008973,0.0008917,0.0004385
1664.0000,-0.0018932,-0.0008938,0.0008880,0.0004367
1664.5000,-0.0018854,-0.0008902,0.0008843,0.0004349
1665.0000,-0.0018776,-0.0008866,0.0008807,0.0004331
1665.5000,-0.0018699,-0.0008830,0.0008770,0.0004313
1666.0000,-0.0018621,-0.0008795,0.0008734,0.0004295
1666.5000,-0.0018543,-0.0008759,0.0008697,0.0004277
1667.0000,-0.0018466,-0.0008724,0.0008661,0.0004259
1667.5000,-0.0018388,-0.0008688,0.0008624,0.0004241
1668.0000,-0.0018311,-0.0008653,0.0008588,0.0004223
1668.5000,-0.0018233,-0.0008617,0.0008552,0.0004205
1669.0000,-0.0018156,-0.0008582,0.0008515,0.0004187
1669.5000,-0.0018079,-0.0008546,0.0008479,0.0004169
1670.0000,-0.0018002,-0.0008511,0.0008443,0.0004151
1670.5000,-0.0017925,-0.0008476,0.0008407,0.0004133
1671.0000,-0.0017848,-0.0008440,0.0008370,0.0004115
1671.5000,-0.0017770,-0.0008405,0.0008334,0.0004097
1672.0000,-0.0017693,-0.0008369,0.0008298,0.0004080
1672.5000,-0.0017617,-0.0008334,0.0008262,0.0004062
1673.0000,-0.0017540,-0.0008299,0.0008226,0.0004044
1673.5000,-0.0017464,-0.0008264,0.0008190,0.0004026
1674.0000,-0.0017388,-0.0008229,0.0008154,0.0004008
1674.5000,-0.0017312,-0.0008194,0.0008118,0.0003991
1675.0000,-0.0017235,-0.0008159,0.0008082,0.0003973
1675.5000,-0.0017158,-0.0008123,0.0008046,0.0003955
1676.0000,-0.0017083,-0.0008089,0.0008011,0.0003938
1676.5000,-0.0017007,-0.0008054,0.0007975,0.0003920
1677.0000,-0.0016931,-0.0008019,0.0007939,0.0003902
1677.5000,-0.0016855,-0.0007984,0.0007904,0.0003885
1678.0000,-0.0016779,-0.0007949,0.0007868,0.0003867
1678.5000,-0.0016704,-0.0007914,0.0007833,0.0003850
1679.0000,-0.0016628,-0.0007879,0.0007797,0.0003832
1679.5000,-0.0016553,-0.0007845,0.0007762,0.0003814
1680.0000,-0.0016478,-0.0007810,0.0007727,0.0003797
1680.5000,-0.0016402,-0.0007776,0.0007691,0.0003779
1681.0000,-0.0016327,-0.0007741,0.0007656,0.0003762
1681.5000,-0.0016252,-0.0007706,0.0007621,0.0003745
1682.0000,-0.0016178,-0.0007672,0.0007586,0.0003727
1682.5000,-0.0016103,-0.0007638,0.0007550,0.0003710
1683.0000,-0.0016029,-0.0007603,0.0007516,0.0003693
1683.5000,-0.0015954,-0.0007569,0.0007480,0.0003676
1684.0000,-0.0015880,-0.0007535,0.0007445,0.0003658
1684.5000,-0.0015806,-0.0007501,0.0007411,0.0003641
1685.0000,-0.0015731,-0.0007466,0.0007376,0.0003624
1685.5000,-0.0015658,-0.0007432,0.0007341,0.0003607
1686.0000,-0.0015584,-0.0007398,0.0007306,0.0003590
1686.5000,-0.0015510,-0.0007364,0.0007272,0.0003572
1687.0000,-0.0015437,-0.0007331,0.0007237,0.0003555
1687.5000,-0.0015362,-0.0007296,0.0007202,0.0003538
1688.0000,-0.0015290,-0.0007263,0.0007168,0.0003521
1688.5000,-0.0015216,-0.0007229,0.0007133,0.0003504
1689.0000,-0.0015143,-0.0007196,0.0007100,0.0003487
1689.5000,-0.0015071,-0.0007162,0.0007065,0.0003471
1690.0000,-0.0014998,-0.0007129,0.0007031,0.0003454
1690.5000,-0.0014925,-0.0007095,0.0006997,0.0003437
1691.0000,-0.0014853,-0.0007062,0.0006963,0.0003420
1691.5000,-0.0014781,-0.0007028,0.0006929,0.0003403
1692.0000,-0.0014709,-0.0006995,0.0006895,0.0003387
1692.5000,-0.0014637,-0.0006962,0.0006861,0.0003370
1693.0000,-0.0014565,-0.0006929,0.0006828,0.0003353
1693.5000,-0.0014493,-0.0006895,0.0006794,0.0003337
1694.0000,-0.0014422,-0.0006863,0.0006761,0.0003320
1694.5000,-0.0014350,-0.0006830,0.0006726,0.0003304
1695.0000,-0.0014280,-0.0006797,0.0006693,0.0003287
1695.5000,-0.0014208,-0.0006764,0.0006660,0.0003270
1696.0000,-0.0014137,-0.0006731,0.0006627,0.0003254
1696.5000,-0.0014067,-0.0006699,0.0006594,0.0003238
1697.0000,-0.0013996,-0.0006666,0.0006561,0.0003221
1697.5000,-0.0013926,-0.0006633,0.0006527,0.0003205
1698.0000,-0.0013856,-0.0006601,0.0006495,0.0003189
1698.5000,-0.0013786,-0.0006569,0.0006462,0.0003173
1699.0000,-0.0013715,-0.0006536,0.0006428,0.0003156
1699.5000,-0.0013647,-0.0006504,0.0006396,0.0003140
1700.0000,-0.0013577,-0.0006472,0.0006364,0.0003124
1700.5000,-0.0013508,-0.0006440,0.0006331,0.0003108
1701.0000,-0.0013438,-0.0006408,0.0006298,0.0003092
1701.5000,-0.0013369,-0.0006376,0.0006266,0.0003076
1702.0000,-0.0013301,-0.0006344,0.0006233,0.0003060
1702.5000,-0.0013232,-0.0006312,0.0006201,0.0003044
1703.0000,-0.0013163,-0.0006281,0.0006169,0.0003028
1703.5000,-0.0013095,-0.0006249,0.0006137,0.0003012
1704.0000,-0.0013027,-0.0006217,0.0006105,0.0002997
1704.5000,-0.0012959,-0.0006186,0.0006073,0.0002981
1705.0000,-0.0012891,-0.0006155,0.0006041,0.0002965
1705.5000,-0.0012823,-0.0006123,0.0006009,0.0002950
1706.0000,-0.0012756,-0.0006092,0.0005977,0.0002934
1706.5000,-0.0012688,-0.0006061,0.0005946,0.0002918
1707.0000,-0.0012622,-0.0006030,0.0005915,0.0002903
1707.5000,-0.0012555,-0.0005999,0.0005883,0.0002887
1708.0000,-0.0012488,-0.0005968,0.0005852,0.0002872
1708.5000,-0.0012422,-0.0005937,0.0005821,0.0002856
1709.0000,-0.0012355,-0.0005906,0.0005789,0.0002841
1709.5000,-0.0012290,-0.0005876,0.0005759,0.0002826
1710.0000,-0.0012224,-0.0005845,0.0005727,0.0002811
1710.5000,-0.0012158,-0.0005815,0.0005697,0.0002795
1711.0000,-0.0012093,-0.0005784,0.0005666,0.0002780
1711.5000,-0.0012027,-0.0005754,0.0005635,0.0002765
1712.0000,-0.0011962,-0.0005724,0.0005605,0.0002750
1712.5000,-0.0011897,-0.0005693,0.0005574,0.0002735
1713.0000,-0.0011832,-0.0005664,0.0005544,0.0002720
1713.5000,-0.0011767,-0.0005633,0.0005513,0.0002705
1714.0000,-0.0011703,-0.0005604,0.0005483,0.0002690
1714.5000,-0.0011640,-0.0005574,0.0005453,0.0002675
1715.0000,-0.0011575,-0.0005544,0.0005423,0.0002660
1715.5000,-0.0011512,-0.0005514,0.0005393,0.0002646
1716.0000,-0.0011449,-0.0005485,0.0005364,0.0002631
1716.5000,-0.0011385,-0.0005455,0.0005334,0.0002616
1717.0000,-0.0011322,-0.0005426,0.0005304,0.0002602
1717.5000,-0.0011260,-0.0005397,0.0005275,0.0002587
1718.0000,-0.0011197,-0.0005368,0.0005245,0.0002573
1718.5000,-0.0011134,-0.0005339,0.0005215,0.0002558
1719.0000,-0.0011071,-0.0005309,0.0005186,0.0002544
1719.5000,-0.0011009,-0.0005281,0.0005157,0.0002530
1720.0000,-0.0010947,-0.0005252,0.0005128,0.0002515
1720.5000,-0.0010886,-0.0005223,0.0005099,0.0002501
1721.0000,-0.0010824,-0.0005195,0.0005070,0.0002486
1721.5000,-0.0010763,-0.0005166,0.0005042,0.0002472
1722.0000,-0.0010702,-0.0005138,0.0005013,0.0002458
1722.5000,-0.0010641,-0.0005110,0.0004984,0.0002444
1723.0000,-0.0010580,-0.0005081,0.0004956,0.0002430
1723.5000,-0.0010519,-0.0005053,0.0004927,0.0002416
1724.0000,-0.0010460,-0.0005025,0.0004899,0.0002402
1724.5000,-0.0010399,-0.0004997,0.0004871,0.0002388
1725.0000,-0.0010340,-0.0004969,0.0004843,0.0002374
1725.5000,-0.0010280,-0.0004941,0.0004815,0.0002361
1726.0000,-0.0010221,-0.0004914,0.0004787,0.0002347
1726.5000,-0.0010161,-0.0004886,0.0004759,0.0002333
1727.0000,-0.0010103,-0.0004859,0.0004731,0.0002320
1727.5000,-0.0010044,-0.0004831,0.0004704,0.0002306
1728.0000,-0.0009984,-0.0004803,0.0004676,0.0002292
1728.5000,-0.0009927,-0.0004776,0.0004649,0.0002279
1729.0000,-0.0009869,-0.0004750,0.0004621,0.0002266
1729.5000,-0.0009811,-0.0004722,0.0004594,0.0002252
1730.0000,-0.0009753,-0.0004695,0.0004567,0.0002239
1730.5000,-0.0009695,-0.0004669,0.0004540,0.0002226
1731.0000,-0.0009638,-0.0004641,0.0004513,0.0002212
1731.5000,-0.0009582,-0.0004615,0.0004487,0.0002199
1732.0000,-0.0009524,-0.0004588,0.0004460,0.0002186
1732.5000,-0.0009468,-0.0004562,0.0004433,0.0002173
1733.0000,-0.0009411,-0.0004535,0.0004406,0.0002160
1733.5000,-0.0009356,-0.0004510,0.0004381,0.0002147
1734.0000,-0.0009299,-0.0004483,0.0004354,0.0002134
1734.5000,-0.0009244,-0.0004457,0.0004328,0.0002121
1735.0000,-0.0009187,-0.0004431,0.0004301,0.0002108
1735.5000,-0.0009133,-0.0004405,0.0004276,0.0002096
1736.0000,-0.0009078,-0.0004380,0.0004250,0.0002083
1736.5000,-0.0009022,-0.0004354,0.0004224,0.0002070
1737.0000,-0.0008968,-0.0004328,0.0004198,0.0002057
1737.5000,-0.0008914,-0.0004303,0.0004173,0.0002045
1738.0000,-0.0008860,-0.0004278,0.0004148,0.0002032
1738.5000,-0.0008805,-0.0004252,0.0004122,0.0002020
1739.0000,-0.0008751,-0.0004227,0.0004097,0.0002007
1739.5000,-0.0008698,-0.0004202,0.0004072,0.0001995
1740.0000,-0.0008645,-0.0004177,0.0004047,0.0001983
1740.5000,-0.0008592,-0.0004152,0.0004022,0.0001970
1741.0000,-0.0008539,-0.0004127,0.0003997,0.0001958
1741.5000,-0.0008486,-0.0004102,0.0003972,0.0001946
1742.0000,-0.0008433,-0.0004078,0.0003948,0.0001934
1742.5000,-0.0008381,-0.0004054,0.0003923,0.0001922
1743.0000,-0.0008329,-0.0004029,0.0003899,0.0001910
1743.5000,-0.0008277,-0.0004005,0.0003874,0.0001898
1744.0000,-0.0008226,-0.0003980,0.0003850,0.0001886
1744.5000,-0.0008175,-0.0003957,0.0003826,0.0001874
1745.0000,-0.0008124,-0.0003933,0.0003802,0.0001862
1745.5000,-0.0008072,-0.0003909,0.0003778,0.0001851
1746.0000,-0.0008022,-0.0003885,0.0003754,0.0001839
1746.5000,-0.0007971,-0.0003861,0.0003731,0.0001827
1747.0000,-0.0007921,-0.0003837,0.0003707,0.0001816
1747.5000,-0.0007871,-0.0003814,0.0003684,0.0001804
1748.0000,-0.0007821,-0.0003791,0.0003660,0.0001793
1748.5000,-0.0007771,-0.0003767,0.0003637,0.0001781
1749.0000,-0.0007722,-0.0003744,0.0003614,0.0001770
1749.5000,-0.0007673,-0.0003721,0.0003591,0.0001758
1750.0000,-0.0007624,-0.0003697,0.0003568,0.0001747
1750.5000,-0.0007575,-0.0003675,0.0003545,0.0001736
1751.0000,-0.0007527,-0.0003652,0.0003522,0.0001725
1751.5000,-0.0007478,-0.0003629,0.0003499,0.0001713
1752.0000,-0.0007430,-0.0003607,0.0003477,0.0001702
1752.5000,-0.0007382,-0.0003584,0.0003454,0.0001691
1753.0000,-0.0007335,-0.0003562,0.0003432,0.0001680
1753.5000,-0.0007288,-0.0003539,0.0003410,0.0001669
1754.0000,-0.0007240,-0.0003517,0.0003387,0.0001658
1754.5000,-0.0007193,-0.0003495,0.0003366,0.0001648
1755.0000,-0.0007147,-0.0003473,0.0003344,0.0001637
1755.5000,-0.0007100,-0.0003451,0.0003322,0.0001626
1756.0000,-0.0007054,-0.0003429,0.0003300,0.0001616
1756.5000,-0.0007007,-0.0003408,0.0003279,0.0001605
1757.0000,-0.0006962,-0.0003386,0.0003257,0.0001594
1757.5000,-0.0006916,-0.0003364,0.0003236,0.0001584
1758.0000,-0.0006870,-0.0003343,0.0003214,0.0001573
1758.5000,-0.0006825,-0.0003322,0.0003193,0.0001563
1759.0000,-0.0006780,-0.0003300,0.0003172,0.0001552
1759.5000,-0.0006736,-0.0003280,0.0003151,0.0001542
1760.0000,-0.0006691,-0.0003258,0.0003130,0.0001532
1760.5000,-0.0006647,-0.0003238,0.0003109,0.0001522
1761.0000,-0.0006602,-0.0003216,0.0003088,0.0001511
1761.5000,-0.0006559,-0.0003196,0.0003068,0.0001501
1762.0000,-0.0006515,-0.0003175,0.0003047,0.0001491
1762.5000,-0.0006471,-0.0003155,0.0003027,0.0001481
1763.0000,-0.0006428,-0.0003134,0.0003007,0.0001471
1763.5000,-0.0006385,-0.0003114,0.0002986,0.0001461
1764.0000,-0.0006342,-0.0003094,0.0002966,0.0001452
1764.5000,-0.0006299,-0.0003073,0.0002946,0.0001441
1765.0000,-0.0006257,-0.0003053,0.0002927,0.0001432
1765.5000,-0.0006214,-0.0003033,0.0002906,0.0001422
1766.0000,-0.0006172,-0.0003013,0.0002887,0.0001412
1766.5000,-0.0006131,-0.0002994,0.0002867,0.0001403
1767.0000,-0.0006089,-0.0002974,0.0002847,0.0001393
1767.5000,-0.0006047,-0.0002954,0.0002828,0.0001384
1768.0000,-0.0006006,-0.0002934,0.0002808,0.0001374
1768.5000,-0.0005965,-0.0002915,0.0002789,0.0001365
1769.0000,-0.0005924,-0.0002896,0.0002770,0.0001355
1769.5000,-0.0005884,-0.0002877,0.0002752,0.0001346
1770.0000,-0.0005844,-0.0002858,0.0002732,0.0001337
1770.5000,-0.0005804,-0.0002839,0.0002714,0.0001327
1771.0000,-0.0005764,-0.0002820,0.0002695,0.0001318
1771.5000,-0.0005724,-0.0002801,0.0002676,0.0001309
1772.0000,-0.0005685,-0.0002782,0.0002658,0.0001300
1772.5000,-0.0005645,-0.0002763,0.0002639,0.0001291
1773.0000,-0.0005606,-0.0002745,0.0002621,0.0001282
1773.5000,-0.0005567,-0.0002726,0.0002603,0.0001273
1774.0000,-0.0005529,-0.0002708,0.0002585,0.0001264
1774.5000,-0.0005490,-0.0002689,0.0002566,0.0001255
1775.0000,-0.0005452,-0.0002672,0.0002549,0.0001246
1775.5000,-0.0005413,-0.0002653,0.0002531,0.0001237
1776.0000,-0.0005375,-0.0002635,0.0002513,0.0001229
1776.5000,-0.0005338,-0.0002617,0.0002495,0.0001220
1777.0000,-0.0005300,-0.0002599,0.0002477,0.0001212
1777.5000,-0.0005263,-0.0002582,0.0002460,0.0001203
1778.0000,-0.0005226,-0.0002564,0.0002443,0.0001194
1778.5000,-0.0005190,-0.0002547,0.0002426,0.0001186
1779.0000,-0.0005153,-0.0002529,0.0002408,0.0001178
1779.5000,-0.0005116,-0.0002512,0.0002391,0.0001169
1780.0000,-0.0005080,-0.0002495,0.0002374,0.0001161
1780.5000,-0.0005043,-0.0002477,0.0002357,0.0001152
1781.0000,-0.0005008,-0.0002461,0.0002340,0.0001144
1781.5000,-0.0004972,-0.0002444,0.0002324,0.0001136
1782.0000,-0.0004937,-0.0002427,0.0002307,0.0001128
1782.5000,-0.0004901,-0.0002410,0.0002291,0.0001120
1783.0000,-0.0004866,-0.0002393,0.0002274,0.0001112
1783.5000,-0.0004831,-0.0002376,0.0002258,0.0001104
1784.0000,-0.0004796,-0.0002360,0.0002241,0.0001096
1784.5000,-0.0004761,-0.0002343,0.0002225,0.0001088
1785.0000,-0.0004728,-0.0002327,0.0002209,0.0001080
1785.5000,-0.0004694,-0.0002311,0.0002193,0.0001072
1786.0000,-0.0004660,-0.0002295,0.0002178,0.0001064
1786.5000,-0.0004626,-0.0002278,0.0002162,0.0001056
1787.0000,-0.0004593,-0.0002262,0.0002146,0.0001049
1787.5000,-0.0004559,-0.0002247,0.0002130,0.0001041
1788.0000,-0.0004526,-0.0002231,0.0002115,0.0001033
1788.5000,-0.0004493,-0.0002215,0.0002099,0.0001026
1789.0000,-0.0004460,-0.0002199,0.0002084,0.0001018
1789.5000,-0.0004428,-0.0002184,0.0002069,0.0001011
1790.0000,-0.0004396,-0.0002168,0.0002053,0.0001004
1790.5000,-0.0004364,-0.0002153,0.0002038,0.0000996
1791.0000,-0.0004332,-0.0002137,0.0002023,0.0000989
1791.5000,-0.0004299,-0.0002122,0.0002008,0.0000981
1792.0000,-0.0004268,-0.0002107,0.0001994,0.0000974
1792.5000,-0.0004237,-0.0002092,0.0001979,0.0000967
1793.0000,-0.0004205,-0.0002077,0.0001964,0.0000960
1793.5000,-0.0004174,-0.0002062,0.0001949,0.0000953
1794.0000,-0.0004143,-0.0002047,0.0001935,0.0000945
1794.5000,-0.0004112,-0.0002033,0.0001920,0.0000938
1795.0000,-0.0004081,-0.0002018,0.0001906,0.0000931
1795.5000,-0.0004051,-0.0002004,0.0001892,0.0000924
1796.0000,-0.0004021,-0.0001989,0.0001878,0.0000917
1796.5000,-0.0003991,-0.0001974,0.0001864,0.0000910
1797.0000,-0.0003961,-0.0001960,0.0001850,0.0000904
1797.5000,-0.0003932,-0.0001946,0.0001836,0.0000897
1798.0000,-0.0003902,-0.0001932,0.0001822,0.0000890
1798.5000,-0.0003873,-0.0001918,0.0001808,0.0000883
1799.0000,-0.0003843,-0.0001904,0.0001795,0.0000876
1799.5000,-0.0003814,-0.0001890,0.0001781,0.0000870
1800.0000,-0.0003785,-0.0001876,0.0001767,0.0000863
1800.5000,-0.0003757,-0.0001863,0.0001754,0.0000857
1801.0000,-0.0003729,-0.0001849,0.0001741,0.0000850
1801.5000,-0.0003700,-0.0001835,0.0001728,0.0000844
1802.0000,-0.0003672,-0.0001822,0.0001714,0.0000837
1802.5000,-0.0003644,-0.0001808,0.0001701,0.0000831
1803.0000,-0.0003617,-0.0001795,0.0001689,0.0000825
1803.5000,-0.0003589,-0.0001782,0.0001676,0.0000818
1804.0000,-0.0003562,-0.0001769,0.0001662,0.0000812
1804.5000,-0.0003535,-0.0001756,0.0001650,0.0000806
1805.0000,-0.0003508,-0.0001742,0.0001638,0.0000799
1805.5000,-0.0003481,-0.0001730,0.0001625,0.0000793
1806.0000,-0.0003454,-0.0001716,0.0001612,0.0000787
1806.5000,-0.0003427,-0.0001704,0.0001600,0.0000781
1807.0000,-0.0003401,-0.0001691,0.0001587,0.0000775
1807.5000,-0.0003375,-0.0001678,0.0001575,0.0000769
1808.0000,-0.0003349,-0.0001666,0.0001563,0.0000763
1808.5000,-0.0003323,-0.0001653,0.0001551,0.0000757
1809.0000,-0.0003297,-0.0001641,0.0001539,0.0000751
1809.5000,-0.0003272,-0.0001629,0.0001527,0.0000745
1810.0000,-0.0003246,-0.0001617,0.0001515,0.0000740
1810.5000,-0.0003221,-0.0001604,0.0001503,0.0000734
1811.0000,-0.0003196,-0.0001592,0.0001491,0.0000728
1811.5000,-0.0003171,-0.0001580,0.0001480,0.0000722
1812.0000,-0.0003146,-0.0001568,0.0001468,0.0000717
1812.5000,-0.0003121,-0.0001556,0.0001456,0.0000711
1813.0000,-0.0003097,-0.0001544,0.0001445,0.0000705
1813.5000,-0.0003073,-0.0001533,0.0001434,0.0000700
1814.0000,-0.0003049,-0.0001521,0.0001423,0.0000694
1814.5000,-0.0003024,-0.0001509,0.0001411,0.0000689
1815.0000,-0.0003000,-0.0001498,0.0001399,0.0000683
1815.5000,-0.0002976,-0.0001486,0.0001388,0.0000678
1816.0000,-0.0002953,-0.0001475,0.0001377,0.0000673
1816.5000,-0.0002930,-0.0001464,0.0001367,0.0000667
1817.0000,-0.0002907,-0.0001452,0.0001356,0.0000662
1817.5000,-0.0002884,-0.0001441,0.0001345,0.0000657
1818.0000,-0.0002861,-0.0001430,0.0001334,0.0000651
1818.5000,-0.0002838,-0.0001419,0.0001324,0.0000646
1819.0000,-0.0002816,-0.0001408,0.0001313,0.0000641
1819.5000,-0.0002793,-0.0001397,0.0001302,0.0000636
1820.0000,-0.0002771,-0.0001386,0.0001292,0.0000631
1820.5000,-0.0002749,-0.0001376,0.0001282,0.0000626
1821.0000,-0.0002727,-0.0001365,0.0001272,0.0000621
1821.5000,-0.0002705,-0.0001354,0.0001261,0.0000616
1822.0000,-0.0002683,-0.0001344,0.0001251,0.0000611
1822.5000,-0.0002662,-0.0001334,0.0001241,0.0000606
1823.0000,-0.0002640,-0.0001323,0.0001231,0.0000601
1823.5000,-0.0002618,-0.0001313,0.0001221,0.0000596
1824.0000,-0.0002597,-0.0001302,0.0001211,0.0000591
1824.5000,-0.0002576,-0.0001292,0.0001201,0.0000586
1825.0000,-0.0002555,-0.0001282,0.0001191,0.0000582
1825.5000,-0.0002535,-0.0001272,0.0001182,0.0000577
1826.0000,-0.0002514,-0.0001262,0.0001172,0.0000572
1826.5000,-0.0002494,-0.0001252,0.0001163,0.0000567
1827.0000,-0.0002474,-0.0001242,0.0001153,0.0000563
1827.5000,-0.0002453,-0.0001232,0.0001144,0.0000558
1828.0000,-0.0002434,-0.0001223,0.0001134,0.0000554
1828.5000,-0.0002413,-0.0001213,0.0001125,0.0000549
1829.0000,-0.0002393,-0.0001203,0.0001115,0.0000544
1829.5000,-0.0002374,-0.0001193,0.0001106,0.0000540
1830.0000,-0.0002355,-0.0001184,0.0001097,0.0000536
1830.5000,-0.0002335,-0.0001174,0.0001088,0.0000531
1831.0000,-0.0002316,-0.0001165,0.0001079,0.0000527
1831.5000,-0.0002297,-0.0001156,0.0001070,0.0000522
1832.0000,-0.0002278,-0.0001147,0.0001061,0.0000518
1832.5000,-0.0002259,-0.0001137,0.0001052,0.0000514
1833.0000,-0.0002240,-0.0001128,0.0001044,0.0000509
1833.5000,-0.0002222,-0.0001120,0.0001035,0.0000505
1834.0000,-0.0002204,-0.0001111,0.0001027,0.0000501
1834.5000,-0.0002185,-0.0001102,0.0001018,0.0000497
1835.0000,-0.0002167,-0.0001092,0.0001010,0.0000493
1835.5000,-0.0002149,-0.0001084,0.0001001,0.0000488
1836.0000,-0.0002131,-0.0001075,0.0000993,0.0000484
1836.5000,-0.0002113,-0.0001066,0.0000984,0.0000481
1837.0000,-0.0002095,-0.0001058,0.0000976,0.0000476
1837.5000,-0.0002078,-0.0001049,0.0000968,0.0000472
1838.0000,-0.0002060,-0.0001041,0.0000960,0.0000468
1838.5000,-0.0002043,-0.0001032,0.0000952,0.0000465
1839.0000,-0.0002026,-0.0001024,0.0000944,0.0000461
1839.5000,-0.0002009,-0.0001016,0.0000936,0.0000457
1840.0000,-0.0001992,-0.0001007,0.0000928,0.0000453
1840.5000,-0.0001975,-0.0000999,0.0000920,0.0000449
1841.0000,-0.0001958,-0.0000991,0.0000912,0.0000445
1841.5000,-0.0001942,-0.0000983,0.0000904,0.0000441
1842.0000,-0.0001925,-0.0000975,0.0000897,0.0000438
1842.5000,-0.0001910,-0.0000967,0.0000890,0.0000434
1843.0000,-0.0001894,-0.0000959,0.0000882,0.0000430
1843.5000,-0.0001877,-0.0000951,0.0000874,0.0000426
1844.0000,-0.0001861,-0.0000943,0.0000867,0.0000423
1844.5000,-0.0001845,-0.0000935,0.0000859,0.0000419
1845.0000,-0.0001829,-0.0000927,0.0000851,0.0000416
1845.5000,-0.0001814,-0.0000920,0.0000844,0.0000412
1846.0000,-0.0001798,-0.0000912,0.0000837,0.0000409
1846.5000,-0.0001783,-0.0000904,0.0000830,0.0000405
1847.0000,-0.0001768,-0.0000897,0.0000823,0.0000402
1847.5000,-0.0001752,-0.0000890,0.0000816,0.0000398
1848.0000,-0.0001737,-0.0000882,0.0000809,0.0000395
1848.5000,-0.0001722,-0.0000874,0.0000801,0.0000391
1849.0000,-0.0001708,-0.0000867,0.0000795,0.0000388
1849.5000,-0.0001693,-0.0000860,0.0000788,0.0000384
1850.0000,-0.0001679,-0.0000853,0.0000781,0.0000381
1850.5000,-0.0001663,-0.0000845,0.0000774,0.0000378
1851.0000,-0.0001650,-0.0000839,0.0000768,0.0000375
1851.5000,-0.0001635,-0.0000832,0.0000761,0.0000371
1852.0000,-0.0001621,-0.0000825,0.0000754,0.0000368
1852.5000,-0.0001607,-0.0000818,0.0000748,0.0000365
1853.0000,-0.0001593,-0.0000811,0.0000741,0.0000362
1853.5000,-0.0001579,-0.0000804,0.0000734,0.0000358
1854.0000,-0.0001565,-0.0000797,0.0000728,0.0000355
1854.5000,-0.0001551,-0.0000790,0.0000721,0.0000352
1855.0000,-0.0001537,-0.0000783,0.0000715,0.0000349
1855.5000,-0.0001524,-0.0000777,0.0000708,0.0000346
1856.0000,-0.0001511,-0.0000770,0.0000703,0.0000343
1856.5000,-0.0001498,-0.0000764,0.0000696,0.0000340
1857.0000,-0.0001484,-0.0000757,0.0000690,0.0000337
1857.5000,-0.0001471,-0.0000751,0.0000684,0.0000334
1858.0000,-0.0001458,-0.0000744,0.0000678,0.0000331
1858.5000,-0.0001445,-0.0000738,0.0000672,0.0000328
1859.0000,-0.0001433,-0.0000732,0.0000666,0.0000325
1859.5000,-0.0001420,-0.0000726,0.0000660,0.0000322
1860.0000,-0.0001407,-0.0000719,0.0000654,0.0000319
1860.5000,-0.0001395,-0.0000713,0.0000649,0.0000317
1861.0000,-0.0001382,-0.0000707,0.0000643,0.0000314
1861.5000,-0.0001370,-0.0000701,0.0000637,0.0000311
1862.0000,-0.0001358,-0.0000695,0.0000631,0.0000308
1862.5000,-0.0001345,-0.0000689,0.0000626,0.0000305
1863.0000,-0.0001333,-0.0000683,0.0000620,0.0000302
1863.5000,-0.0001322,-0.0000677,0.0000614,0.0000300
1864.0000,-0.0001310,-0.0000671,0.0000609,0.0000297
1864.5000,-0.0001298,-0.0000665,0.0000603,0.0000295
1865.0000,-0.0001286,-0.0000659,0.0000598,0.0000292
1865.5000,-0.0001275,-0.0000653,0.0000593,0.0000289
1866.0000,-0.0001263,-0.0000648,0.0000587,0.0000287
1866.5000,-0.0001252,-0.0000642,0.0000582,0.0000284
1867.0000,-0.0001240,-0.0000636,0.0000576,0.0000281
1867.5000,-0.0001230,-0.0000631,0.0000571,0.0000279
1868.0000,-0.0001218,-0.0000625,0.0000566,0.0000276
1868.5000,-0.0001207,-0.0000620,0.0000560,0.0000274
1869.0000,-0.0001195,-0.0000614,0.0000555,0.0000271
1869.5000,-0.0001185,-0.0000609,0.0000550,0.0000269
1870.0000,-0.0001174,-0.0000604,0.0000545,0.0000266
1870.5000,-0.0001164,-0.0000598,0.0000541,0.0000264
1871.0000,-0.0001153,-0.0000593,0.0000536,0.0000262
1871.5000,-0.0001143,-0.0000588,0.0000531,0.0000259
1872.0000,-0.0001132,-0.0000583,0.0000526,0.0000257
1872.5000,-0.0001122,-0.0000577,0.0000521,0.0000255
1873.0000,-0.0001112,-0.0000572,0.0000516,0.0000252
1873.5000,-0.0001101,-0.0000567,0.0000511,0.0000250
1874.0000,-0.0001091,-0.0000562,0.0000507,0.0000247
1874.5000,-0.0001082,-0.0000558,0.0000502,0.0000245
1875.0000,-0.0001071,-0.0000552,0.0000497,0.0000243
1875.5000,-0.0001061,-0.0000547,0.0000493,0.0000241
1876.0000,-0.0001051,-0.0000542,0.0000488,0.0000239
1876.5000,-0.0001042,-0.0000537,0.0000483,0.0000236
1877.0000,-0.0001032,-0.0000533,0.0000479,0.0000234
1877.5000,-0.0001022,-0.0000528,0.0000474,0.0000232
1878.0000,-0.0001013,-0.0000523,0.0000470,0.0000230
1878.5000,-0.0001003,-0.0000518,0.0000465,0.0000228
1879.0000,-0.0000995,-0.0000514,0.0000461,0.0000226
1879.5000,-0.0000985,-0.0000509,0.0000457,0.0000223
1880.0000,-0.0000976,-0.0000505,0.0000453,0.0000221
1880.5000,-0.0000967,-0.0000500,0.0000448,0.0000219
1881.0000,-0.0000958,-0.0000495,0.0000444,0.0000217
1881.5000,-0.0000949,-0.0000491,0.0000440,0.0000215
1882.0000,-0.0000940,-0.0000487,0.0000436,0.0000213
1882.5000,-0.0000931,-0.0000482,0.0000432,0.0000211
1883.0000,-0.0000922,-0.0000478,0.0000428,0.0000209
1883.5000,-0.0000914,-0.0000473,0.0000424,0.0000207
1884.0000,-0.0000905,-0.0000469,0.0000420,0.0000205
1884.5000,-0.0000896,-0.0000465,0.0000416,0.0000203
1885.0000,-0.0000888,-0.0000460,0.0000411,0.0000201
1885.5000,-0.0000880,-0.0000457,0.0000408,0.0000200
1886.0000,-0.0000871,-0.0000452,0.0000404,0.0000198
1886.5000,-0.0000864,-0.0000448,0.0000400,0.0000196
1887.0000,-0.0000855,-0.0000444,0.0000396,0.0000194
1887.5000,-0.0000847,-0.0000440,0.0000392,0.0000192
1888.0000,-0.0000839,-0.0000436,0.0000389,0.0000190
1888.5000,-0.0000831,-0.0000432,0.0000385,0.0000188
1889.0000,-0.0000822,-0.0000427,0.0000381,0.0000187
1889.5000,-0.0000815,-0.0000424,0.0000378,0.0000185
1890.0000,-0.0000807,-0.0000419,0.0000374,0.0000183
1890.5000,-0.0000800,-0.0000416,0.0000371,0.0000181
1891.0000,-0.0000792,-0.0000412,0.0000367,0.0000179
1891.5000,-0.0000784,-0.0000408,0.0000363,0.0000178
1892.0000,-0.0000777,-0.0000404,0.0000360,0.0000176
1892.5000,-0.0000769,-0.0000400,0.0000356,0.0000174
1893.0000,-0.0000761,-0.0000396,0.0000353,0.0000172
1893.5000,-0.0000755,-0.0000393,0.0000349,0.0000171
1894.0000,-0.0000747,-0.0000389,0.0000346,0.0000169
1894.5000,-0.0000740,-0.0000386,0.0000343,0.0000168
1895.0000,-0.0000732,-0.0000382,0.0000339,0.0000166
1895.5000,-0.0000726,-0.0000378,0.0000336,0.0000165
1896.0000,-0.0000718,-0.0000375,0.0000333,0.0000163
1896.5000,-0.0000712,-0.0000371,0.0000329,0.0000161
1897.0000,-0.0000704,-0.0000367,0.0000326,0.0000160
1897.5000,-0.0000697,-0.0000364,0.0000323,0.0000158
1898.0000,-0.0000690,-0.0000360,0.0000320,0.0000156
1898.5000,-0.0000684,-0.0000357,0.0000316,0.0000155
1899.0000,-0.0000677,-0.0000354,0.0000313,0.0000154
1899.5000,-0.0000670,-0.0000350,0.0000310,0.0000152
1900.0000,-0.0000663,-0.0000347,0.0000307,0.0000150
1900.5000,-0.0000657,-0.0000344,0.0000304,0.0000149
1901.0000,-0.0000650,-0.0000341,0.0000301,0.0000148
1901.5000,-0.0000644,-0.0000337,0.0000298,0.0000146
1902.0000,-0.0000638,-0.0000334,0.0000295,0.0000145
1902.5000,-0.0000632,-0.0000331,0.0000292,0.0000143
1903.0000,-0.0000625,-0.0000328,0.0000289,0.0000142
1903.5000,-0.0000619,-0.0000324,0.0000286,0.0000140
1904.0000,-0.0000613,-0.0000321,0.0000283,0.0000139
1904.5000,-0.0000607,-0.0000318,0.0000280,0.0000137
1905.0000,-0.0000601,-0.0000315,0.0000278,0.0000136
1905.5000,-0.0000595,-0.0000312,0.0000275,0.0000135
1906.0000,-0.0000589,-0.0000309,0.0000273,0.0000133
1906.5000,-0.0000583,-0.0000306,0.0000269,0.0000132
1907.0000,-0.0000577,-0.0000303,0.0000266,0.0000131
1907.5000,-0.0000572,-0.0000300,0.0000264,0.0000130
1908.0000,-0.0000566,-0.0000297,0.0000262,0.0000128
1908.5000,-0.0000560,-0.0000294,0.0000259,0.0000127
1909.0000,-0.0000554,-0.0000291,0.0000256,0.0000126
1909.5000,-0.0000549,-0.0000288,0.0000253,0.0000125
1910.0000,-0.0000544,-0.0000286,0.0000251,0.0000123
1910.5000,-0.0000538,-0.0000283,0.0000248,0.0000122
1911.0000,-0.0000533,-0.0000280,0.0000246,0.0000121
1911.5000,-0.0000527,-0.0000277,0.0000243,0.0000119
1912.0000,-0.0000522,-0.0000274,0.0000241,0.0000118
1912.5000,-0.0000517,-0.0000272,0.0000239,0.0000117
1913.0000,-0.0000511,-0.0000269,0.0000236,0.0000116
1913.5000,-0.0000506,-0.0000266,0.0000233,0.0000115
1914.0000,-0.0000501,-0.0000264,0.0000231,0.0000113
1914.5000,-0.0000495,-0.0000261,0.0000229,0.0000112
1915.0000,-0.0000491,-0.0000259,0.0000227,0.0000111
1915.5000,-0.0000485,-0.0000256,0.0000224,0.0000110
1916.0000,-0.0000480,-0.0000253,0.0000221,0.0000109
1916.5000,-0.0000475,-0.0000251,0.0000219,0.0000108
1917.0000,-0.0000470,-0.0000248,0.0000217,0.0000107
1917.5000,-0.0000465,-0.0000246,0.0000215,0.0000106
1918.0000,-0.0000460,-0.0000243,0.0000212,0.0000104
1918.5000,-0.0000456,-0.0000241,0.0000210,0.0000103
1919.0000,-0.0000451,-0.0000239,0.0000208,0.0000102
1919.5000,-0.0000446,-0.0000236,0.0000206,0.0000101
1920.0000,-0.0000442,-0.0000234,0.0000204,0.0000100
1920.5000,-0.0000437,-0.0000231,0.0000202,0.0000099
1921.0000,-0.0000432,-0.0000229,0.0000199,0.0000098
1921.5000,-0.0000428,-0.0000227,0.0000197,0.0000097
1922.0000,-0.0000423,-0.0000224,0.0000195,0.0000096
1922.5000,-0.0000419,-0.0000222,0.0000193,0.0000095
1923.0000,-0.0000415,-0.0000220,0.0000191,0.0000094
1923.5000,-0.0000410,-0.0000217,0.0000189,0.0000093
1924.0000,-0.0000406,-0.0000216,0.0000187,0.0000092
1924.5000,-0.0000402,-0.0000213,0.0000185,0.0000091
1925.0000,-0.0000397,-0.0000211,0.0000183,0.0000090
1925.5000,-0.0000393,-0.0000208,0.0000181,0.0000089
1926.0000,-0.0000389,-0.0000206,0.0000179,0.0000088
1926.5000,-0.0000385,-0.0000204,0.0000177,0.0000087
1927.0000,-0.0000381,-0.0000202,0.0000175,0.0000086
1927.5000,-0.0000376,-0.0000200,0.0000173,0.0000085
1928.0000,-0.0000373,-0.0000198,0.0000172,0.0000085
1928.5000,-0.0000369,-0.0000196,0.0000170,0.0000084
1929.0000,-0.0000365,-0.0000194,0.0000168,0.0000083
1929.5000,-0.0000361,-0.0000192,0.0000166,0.0000082
1930.0000,-0.0000357,-0.0000190,0.0000165,0.0000081
1930.5000,-0.0000353,-0.0000188,0.0000162,0.0000080
1931.0000,-0.0000350,-0.0000186,0.0000161,0.0000080
1931.5000,-0.0000346,-0.0000184,0.0000159,0.0000079
1932.0000,-0.0000342,-0.0000182,0.0000157,0.0000078
1932.5000,-0.0000338,-0.0000180,0.0000156,0.0000077
1933.0000,-0.0000335,-0.0000178,0.0000154,0.0000076
1933.5000,-0.0000331,-0.0000176,0.0000152,0.0000075
1934.0000,-0.0000327,-0.0000174,0.0000150,0.0000074
1934.5000,-0.0000323,-0.0000172,0.0000148,0.0000074
1935.0000,-0.0000321,-0.0000171,0.0000148,0.0000073
1935.5000,-0.0000317,-0.0000169,0.0000146,0.0000072
1936.0000,-0.0000313,-0.0000167,0.0000144,0.0000071
1936.5000,-0.0000310,-0.0000165,0.0000142,0.0000070
1937.0000,-0.0000306,-0.0000163,0.0000141,0.0000069
1937.5000,-0.0000303,-0.0000162,0.0000139,0.0000069
1938.0000,-0.0000300,-0.0000160,0.0000138,0.0000068
1938.5000,-0.0000296,-0.0000158,0.0000136,0.0000067
1939.0000,-0.0000293,-0.0000156,0.0000134,0.0000067
1939.5000,-0.0000290,-0.0000155,0.0000133,0.0000066
1940.0000,-0.0000286,-0.0000153,0.0000131,0.0000065
1940.5000,-0.0000283,-0.0000152,0.0000130,0.0000064
1941.0000,-0.0000280,-0.0000150,0.0000129,0.0000064
1941.5000,-0.0000277,-0.0000148,0.0000127,0.0000063
1942.0000,-0.0000274,-0.0000147,0.0000126,0.0000062
1942.5000,-0.0000270,-0.0000145,0.0000124,0.0000061
1943.0000,-0.0000268,-0.0000143,0.0000123,0.0000061
1943.5000,-0.0000265,-0.0000142,0.0000122,0.0000060
1944.0000,-0.0000262,-0.0000140,0.0000120,0.0000060
1944.5000,-0.0000258,-0.0000138,0.0000119,0.0000059
1945.0000,-0.0000256,-0.0000137,0.0000118,0.0000058
1945.5000,-0.0000253,-0.0000135,0.0000116,0.0000057
1946.0000,-0.0000250,-0.0000134,0.0000115,0.0000057
1946.5000,-0.0000247,-0.0000132,0.0000114,0.0000056
1947.0000,-0.0000244,-0.0000131,0.0000112,0.0000055
1947.5000,-0.0000241,-0.0000129,0.0000111,0.0000055
1948.0000,-0.0000239,-0.0000128,0.0000110,0.0000054
1948.5000,-0.0000235,-0.0000127,0.0000108,0.0000054
1949.0000,-0.0000233,-0.0000125,0.0000107,0.0000053
1949.5000,-0.0000230,-0.0000124,0.0000106,0.0000052
1950.0000,-0.0000228,-0.0000122,0.0000104,0.0000052
1950.5000,-0.0000225,-0.0000121,0.0000103,0.0000051
1951.0000,-0.0000222,-0.0000120,0.0000102,0.0000050
1951.5000,-0.0000219,-0.0000118,0.0000101,0.0000050
1952.0000,-0.0000217,-0.0000117,0.0000100,0.0000049
1952.5000,-0.0000215,-0.0000115,0.0000099,0.0000049
1953.0000,-0.0000212,-0.0000114,0.0000097,0.0000048
1953.5000,-0.0000210,-0.0000113,0.0000096,0.0000048
1954.0000,-0.0000207,-0.0000111,0.0000095,0.0000047
1954.5000,-0.0000204,-0.0000110,0.0000094,0.0000046
1955.0000,-0.0000202,-0.0000109,0.0000093,0.0000046
1955.5000,-0.0000200,-0.0000107,0.0000092,0.0000045
1956.0000,-0.0000198,-0.0000106,0.0000091,0.0000045
1956.5000,-0.0000196,-0.0000105,0.0000090,0.0000044
1957.0000,-0.0000192,-0.0000104,0.0000088,0.0000044
1957.5000,-0.0000191,-0.0000102,0.0000087,0.0000043
1958.0000,-0.0000188,-0.0000101,0.0000086,0.0000043
1958.5000,-0.0000186,-0.0000100,0.0000085,0.0000042
1959.0000,-0.0000183,-0.0000098,0.0000084,0.0000041
1959.5000,-0.0000181,-0.0000098,0.0000083,0.0000041
1960.0000,-0.0000179,-0.0000097,0.0000082,0.0000041
1960.5000,-0.0000177,-0.0000095,0.0000081,0.0000040
1961.0000,-0.0000175,-0.0000094,0.0000080,0.0000040
1961.5000,-0.0000174,-0.0000093,0.0000080,0.0000039
1962.0000,-0.0000171,-0.0000092,0.0000078,0.0000039
1962.5000,-0.0000168,-0.0000091,0.0000077,0.0000038
1963.0000,-0.0000167,-0.0000090,0.0000076,0.0000038
1963.5000,-0.0000165,-0.0000089,0.0000075,0.0000037
1964.0000,-0.0000162,-0.0000087,0.0000074,0.0000037
1964.5000,-0.0000161,-0.0000087,0.0000074,0.0000037
1965.0000,-0.0000158,-0.0000086,0.0000073,0.0000036
1965.5000,-0.0000157,-0.0000085,0.0000072,0.0000036
1966.0000,-0.0000155,-0.0000084,0.0000071,0.0000035
1966.5000,-0.0000153,-0.0000082,0.0000070,0.0000035
1967.0000,-0.0000150,-0.0000081,0.0000069,0.0000034
1967.5000,-0.0000149,-0.0000080,0.0000068,0.0000034
1968.0000,-0.0000147,-0.0000079,0.0000067,0.0000033
1968.5000,-0.0000145,-0.0000078,0.0000067,0.0000033
1969.0000,-0.0000143,-0.0000077,0.0000065,0.0000032
1969.5000,-0.0000141,-0.0000077,0.0000064,0.0000032
1970.0000,-0.0000139,-0.0000075,0.0000063,0.0000032
1970.5000,-0.0000138,-0.0000075,0.0000063,0.0000031
1971.0000,-0.0000136,-0.0000073,0.0000062,0.0000031
1971.5000,-0.0000134,-0.0000072,0.0000061,0.0000030
1972.0000,-0.0000132,-0.0000072,0.0000061,0.0000030
1972.5000,-0.0000131,-0.0000071,0.0000060,0.0000030
1973.0000,-0.0000129,-0.0000070,0.0000059,0.0000029
1973.5000,-0.0000127,-0.0000069,0.0000058,0.0000029
1974.0000,-0.0000125,-0.0000068,0.0000057,0.0000028
1974.5000,-0.0000124,-0.0000067,0.0000057,0.0000028
1975.0000,-0.0000122,-0.0000066,0.0000056,0.0000028
1975.5000,-0.0000120,-0.0000065,0.0000055,0.0000027
1976.0000,-0.0000119,-0.0000064,0.0000054,0.0000027
1976.5000,-0.0000118,-0.0000064,0.0000054,0.0000027
1977.0000,-0.0000116,-0.0000063,0.0000053,0.0000026
1977.5000,-0.0000114,-0.0000062,0.0000052,0.0000026
1978.0000,-0.0000113,-0.0000061,0.0000052,0.0000026
1978.5000,-0.0000111,-0.0000061,0.0000051,0.0000025
1979.0000,-0.0000110,-0.0000060,0.0000050,0.0000025
1979.5000,-0.0000108,-0.0000059,0.0000050,0.0000024
1980.0000,-0.0000107,-0.0000058,0.0000049,0.0000024
1980.5000,-0.0000106,-0.0000057,0.0000048,0.0000024
1981.0000,-0.0000105,-0.0000057,0.0000048,0.0000024
1981.5000,-0.0000102,-0.0000055,0.0000047,0.0000023
1982.0000,-0.0000101,-0.0000055,0.0000046,0.0000023
1982.5000,-0.0000100,-0.0000054,0.0000046,0.0000023
1983.0000,-0.0000098,-0.0000053,0.0000045,0.0000022
1983.5000,-0.0000097,-0.0000052,0.0000044,0.0000022
1984.0000,-0.0000095,-0.0000052,0.0000043,0.0000022
1984.5000,-0.0000094,-0.0000051,0.0000043,0.0000021
1985.0000,-0.0000093,-0.0000050,0.0000042,0.0000021
1985.5000,-0.0000092,-0.0000050,0.0000042,0.0000021
1986.0000,-0.0000090,-0.0000049,0.0000041,0.0000020
1986.5000,-0.0000089,-0.0000048,0.0000041,0.0000020
1987.0000,-0.0000088,-0.0000047,0.0000040,0.0000020
1987.5000,-0.0000086,-0.0000046,0.0000039,0.0000019
1988.0000,-0.0000085,-0.0000046,0.0000039,0.0000019
1988.5000,-0.0000084,-0.0000045,0.0000039,0.0000019
1989.0000,-0.0000083,-0.0000045,0.0000038,0.0000019
1989.5000,-0.0000082,-0.0000044,0.0000038,0.0000018
1990.0000,-0.0000080,-0.0000043,0.0000037,0.0000018
1990.5000,-0.0000079,-0.0000043,0.0000036,0.0000018
1991.0000,-0.0000078,-0.0000042,0.0000036,0.0000017
1991.5000,-0.0000077,-0.0000041,0.0000036,0.0000017
1992.0000,-0.0000076,-0.0000041,0.0000035,0.0000017
1992.5000,-0.0000075,-0.0000040,0.0000034,0.0000017
1993.0000,-0.0000074,-0.0000040,0.0000034,0.0000016
1993.5000,-0.0000073,-0.0000039,0.0000033,0.0000016
1994.0000,-0.0000072,-0.0000039,0.0000033,0.0000016
1994.5000,-0.0000070,-0.0000038,0.0000032,0.0000016
1995.0000,-0.0000070,-0.0000038,0.0000032,0.0000016
1995.5000,-0.0000068,-0.0000037,0.0000031,0.0000015
1996.0000,-0.0000067,-0.0000036,0.0000031,0.0000015
1996.5000,-0.0000066,-0.0000036,0.0000030,0.0000015
1997.0000,-0.0000065,-0.0000035,0.0000030,0.0000015
1997.5000,-0.0000064,-0.0000034,0.0000029,0.0000014
1998.0000,-0.0000063,-0.0000034,0.0000029,0.0000014
1998.5000,-0.0000062,-0.0000033,0.0000029,0.0000014
1999.0000,-0.0000061,-0.0000033,0.0000028,0.0000014
1999.5000,-0.0000060,-0.0000032,0.0000028,0.0000013
2000.0000,-0.0000059,-0.0000032,0.0000027,0.0000013
2000.5000,-0.0000058,-0.0000031,0.0000027,0.0000013
2001.0000,-0.0000057,-0.0000031,0.0000026,0.0000013
2001.5000,-0.0000056,-0.0000030,0.0000026,0.0000013
2002.0000,-0.0000055,-0.0000030,0.0000025,0.0000012
2002.5000,-0.0000054,-0.0000029,0.0000025,0.0000012
2003.0000,-0.0000053,-0.0000028,0.0000024,0.0000012
2003.5000,-0.0000052,-0.0000028,0.0000024,0.0000012
2004.0000,-0.0000051,-0.0000027,0.0000024,0.0000012
2004.5000,-0.0000051,-0.0000027,0.0000024,0.0000011
2005.0000,-0.0000049,-0.0000026,0.0000023,0.0000011
2005.5000,-0.0000049,-0.0000026,0.0000022,0.0000011
2006.0000,-0.0000048,-0.0000026,0.0000022,0.0000011
2006.5000,-0.0000047,-0.0000025,0.0000022,0.0000011
2007.0000,-0.0000046,-0.0000025,0.0000021,0.0000010
2007.5000,-0.0000045,-0.0000024,0.0000021,0.0000010
2008.0000,-0.0000044,-0.0000023,0.0000020,0.0000010
2008.5000,-0.0000044,-0.0000023,0.0000020,0.0000010
2009.0000,-0.0000043,-0.0000023,0.0000020,0.0000009
2009.5000,-0.0000042,-0.0000022,0.0000019,0.0000009
2010.0000,-0.0000041,-0.0000022,0.0000019,0.0000009
2010.5000,-0.0000040,-0.0000022,0.0000018,0.0000009
2011.0000,-0.0000039,-0.0000021,0.0000018,0.0000009
2011.5000,-0.0000038,-0.0000020,0.0000017,0.0000008
2012.0000,-0.0000037,-0.0000020,0.0000017,0.0000008
2012.5000,-0.0000037,-0.0000019,0.0000017,0.0000008
2013.0000,-0.0000035,-0.0000019,0.0000016,0.0000008
2013.5000,-0.0000034,-0.0000018,0.0000015,0.0000008
2014.0000,-0.0000033,-0.0000018,0.0000015,0.0000008
2014.5000,-0.0000032,-0.0000017,0.0000014,0.0000007
2015.0000,-0.0000031,-0.0000017,0.0000014,0.0000007
2015.5000,-0.0000031,-0.0000017,0.0000014,0.0000007
2016.0000,-0.0000029,-0.0000016,0.0000013,0.0000007
2016.5000,-0.0000029,-0.0000015,0.0000013,0.0000006
2017.0000,-0.0000028,-0.0000014,0.0000012,0.0000006
2017.5000,-0.0000027,-0.0000014,0.0000012,0.0000006
2018.0000,-0.0000026,-0.0000014,0.0000012,0.0000006
2018.5000,-0.0000025,-0.0000013,0.0000011,0.0000006
2019.0000,-0.0000024,-0.0000013,0.0000011,0.0000005
2019.5000,-0.0000023,-0.0000012,0.0000010,0.0000005
2020.0000,-0.0000021,-0.0000011,0.0000009,0.0000005
2020.5000,-0.0000020,-0.0000011,0.0000009,0.0000005
2021.0000,-0.0000020,-0.0000010,0.0000008,0.0000005
2021.5000,-0.0000019,-0.0000010,0.0000008,0.0000004
2022.0000,-0.0000018,-0.0000009,0.0000007,0.0000004
2022.5000,-0.0000016,-0.0000008,0.0000007,0.0000004
2023.0000,-0.0000015,-0.0000008,0.0000006,0.0000004
2023.5000,-0.0000014,-0.0000007,0.0000005,0.0000003
2024.0000,-0.0000013,-0.0000007,0.0000005,0.0000003
2024.5000,-0.0000012,-0.0000006,0.0000005,0.0000003
2025.0000,-0.0000011,-0.0000005,0.0000004,0.0000003
2025.5000,-0.0000010,-0.0000005,0.0000003,0.0000002
2026.0000,-0.0000009,-0.0000004,0.0000003,0.0000002
2026.5000,-0.0000008,-0.0000004,0.0000003,0.0000002
2027.0000,-0.0000007,-0.0000003,0.0000002,0.0000002
2027.5000,-0.0000005,-0.0000002,0.0000002,0.0000001
2028.0000,-0.0000004,-0.0000002,0.0000001,0.0000001
2028.5000,-0.0000003,-0.0000001,-0.0000000,0.0000001
2029.0000,-0.0000002,-0.0000000,-0.0000001,0.0000001
2029.5000,-0.0000000,0.0000000,-0.0000001,0.0000001
2030.0000,0.0000001,0.0000001,-0.0000002,0.0000000
2030.5000,0.0000002,0.0000002,-0.0000002,-0.0000000
2031.0000,0.0000003,0.0000003,-0.0000003,-0.0000000
2031.5000,0.0000004,0.0000003,-0.0000004,-0.0000000
2032.0000,0.0000005,0.0000004,-0.0000004,-0.0000001
2032.5000,0.0000006,0.0000005,-0.0000005,-0.0000001
2033.0000,0.0000008,0.0000006,-0.0000006,-0.0000001
2033.5000,0.0000010,0.0000006,-0.0000006,-0.0000002
2034.0000,0.0000011,0.0000007,-0.0000007,-0.0000002
2034.5000,0.0000013,0.0000008,-0.0000008,-0.0000002
2035.0000,0.0000014,0.0000009,-0.0000009,-0.0000002
2035.5000,0.0000016,0.0000009,-0.0000009,-0.0000003
2036.0000,0.0000016,0.0000010,-0.0000010,-0.0000003
2036.5000,0.0000018,0.0000011,-0.0000011,-0.0000003
2037.0000,0.0000019,0.0000012,-0.0000012,-0.0000003
2037.5000,0.0000021,0.0000013,-0.0000012,-0.0000004
2038.0000,0.0000022,0.0000014,-0.0000013,-0.0000004
2038.5000,0.0000024,0.0000014,-0.0000014,-0.0000004
2039.0000,0.0000025,0.0000015,-0.0000014,-0.0000005
2039.5000,0.0000026,0.0000016,-0.0000015,-0.0000005
2040.0000,0.0000028,0.0000017,-0.0000016,-0.0000005
2040.5000,0.0000030,0.0000018,-0.0000017,-0.0000006
2041.0000,0.0000031,0.0000018,-0.0000018,-0.0000006
2041.5000,0.0000033,0.0000020,-0.0000019,-0.0000006
2042.0000,0.0000034,0.0000020,-0.0000019,-0.0000007
2042.5000,0.0000036,0.0000021,-0.0000020,-0.0000007
2043.0000,0.0000038,0.0000022,-0.0000021,-0.0000007
2043.5000,0.0000040,0.0000024,-0.0000022,-0.0000008
2044.0000,0.0000042,0.0000024,-0.0000023,-0.0000008
2044.5000,0.0000043,0.0000025,-0.0000024,-0.0000008
2045.0000,0.0000045,0.0000026,-0.0000025,-0.0000009
2045.5000,0.0000046,0.0000027,-0.0000026,-0.0000009
2046.0000,0.0000049,0.0000028,-0.0000027,-0.0000010
2046.5000,0.0000051,0.0000029,-0.0000028,-0.0000010
2047.0000,0.0000052,0.0000030,-0.0000028,-0.0000010
2047.5000,0.0000054,0.0000031,-0.0000030,-0.0000010
2048.0000,0.0000056,0.0000033,-0.0000031,-0.0000011
2048.5000,0.0000058,0.0000034,-0.0000032,-0.0000011
2049.0000,0.0000060,0.0000034,-0.0000033,-0.0000012
2049.5000,0.0000062,0.0000036,-0.0000034,-0.0000012
2050.0000,0.0000064,0.0000037,-0.0000035,-0.0000012
2050.5000,0.0000066,0.0000038,-0.0000036,-0.0000013
2051.0000,0.0000068,0.0000039,-0.0000037,-0.0000013
2051.5000,0.0000070,0.0000040,-0.0000039,-0.0000014
2052.0000,0.0000072,0.0000042,-0.0000040,-0.0000014
2052.5000,0.0000074,0.0000043,-0.0000041,-0.0000014
2053.0000,0.0000077,0.0000044,-0.0000042,-0.0000015
2053.5000,0.0000079,0.0000046,-0.0000044,-0.0000016
2054.0000,0.0000081,0.0000047,-0.0000045,-0.0000016
2054.5000,0.0000084,0.0000048,-0.0000046,-0.0000016
2055.0000,0.0000086,0.0000050,-0.0000048,-0.0000017
2055.5000,0.0000088,0.0000051,-0.0000049,-0.0000017
2056.0000,0.0000091,0.0000052,-0.0000050,-0.0000018
2056.5000,0.0000094,0.0000054,-0.0000052,-0.0000018
2057.0000,0.0000095,0.0000055,-0.0000053,-0.0000018
2057.5000,0.0000098,0.0000056,-0.0000054,-0.0000019
2058.0000,0.0000101,0.0000058,-0.0000056,-0.0000019
2058.5000,0.0000104,0.0000060,-0.0000058,-0.0000020
2059.0000,0.0000106,0.0000061,-0.0000059,-0.0000020
2059.5000,0.0000109,0.0000062,-0.0000060,-0.0000021
2060.0000,0.0000111,0.0000064,-0.0000062,-0.0000021
2060.5000,0.0000114,0.0000065,-0.0000063,-0.0000022
2061.0000,0.0000117,0.0000067,-0.0000065,-0.0000023
2061.5000,0.0000120,0.0000068,-0.0000067,-0.0000023
2062.0000,0.0000123,0.0000070,-0.0000068,-0.0000024
2062.5000,0.0000126,0.0000072,-0.0000070,-0.0000024
2063.0000,0.0000129,0.0000074,-0.0000072,-0.0000025
2063.5000,0.0000131,0.0000075,-0.0000073,-0.0000025
2064.0000,0.0000135,0.0000077,-0.0000075,-0.0000026
2064.5000,0.0000138,0.0000079,-0.0000077,-0.0000026
2065.0000,0.0000141,0.0000081,-0.0000079,-0.0000027
2065.5000,0.0000144,0.0000082,-0.0000080,-0.0000027
2066.0000,0.0000147,0.0000084,-0.0000082,-0.0000028
2066.5000,0.0000150,0.0000086,-0.0000084,-0.0000028
2067.0000,0.0000154,0.0000088,-0.0000086,-0.0000029
2067.5000,0.0000157,0.0000090,-0.0000088,-0.0000030
2068.0000,0.0000160,0.0000092,-0.0000090,-0.0000030
2068.5000,0.0000163,0.0000094,-0.0000092,-0.0000031
2069.0000,0.0000167,0.0000096,-0.0000094,-0.0000032
2069.5000,0.0000171,0.0000098,-0.0000096,-0.0000032
2070.0000,0.0000175,0.0000100,-0.0000098,-0.0000033
2070.5000,0.0000178,0.0000102,-0.0000100,-0.0000034
2071.0000,0.0000182,0.0000104,-0.0000102,-0.0000034
2071.5000,0.0000186,0.0000107,-0.0000105,-0.0000035
2072.0000,0.0000190,0.0000108,-0.0000107,-0.0000036
2072.5000,0.0000193,0.0000110,-0.0000109,-0.0000036
2073.0000,0.0000198,0.0000113,-0.0000111,-0.0000037
2073.5000,0.0000201,0.0000115,-0.0000114,-0.0000038
2074.0000,0.0000205,0.0000117,-0.0000116,-0.0000038
2074.5000,0.0000210,0.0000120,-0.0000118,-0.0000039
2075.0000,0.0000214,0.0000122,-0.0000121,-0.0000040
2075.5000,0.0000217,0.0000124,-0.0000123,-0.0000041
2076.0000,0.0000222,0.0000127,-0.0000126,-0.0000041
2076.5000,0.0000226,0.0000129,-0.0000128,-0.0000042
2077.0000,0.0000230,0.0000131,-0.0000131,-0.0000043
2077.5000,0.0000235,0.0000134,-0.0000134,-0.0000044
2078.0000,0.0000240,0.0000137,-0.0000136,-0.0000044
2078.5000,0.0000244,0.0000139,-0.0000139,-0.0000045
2079.0000,0.0000249,0.0000142,-0.0000142,-0.0000046
2079.5000,0.0000254,0.0000145,-0.0000145,-0.0000047
2080.0000,0.0000258,0.0000147,-0.0000147,-0.0000048
2080.5000,0.0000263,0.0000150,-0.0000150,-0.0000048
2081.0000,0.0000268,0.0000153,-0.0000153,-0.0000049
2081.5000,0.0000273,0.0000156,-0.0000156,-0.0000050
2082.0000,0.0000278,0.0000158,-0.0000160,-0.0000051
2082.5000,0.0000284,0.0000161,-0.0000163,-0.0000052
2083.0000,0.0000288,0.0000164,-0.0000166,-0.0000053
2083.5000,0.0000294,0.0000167,-0.0000169,-0.0000054
2084.0000,0.0000299,0.0000170,-0.0000172,-0.0000055
2084.5000,0.0000304,0.0000173,-0.0000175,-0.0000056
2085.0000,0.0000310,0.0000177,-0.0000179,-0.0000057
2085.5000,0.0000316,0.0000180,-0.0000183,-0.0000058
2086.0000,0.0000322,0.0000183,-0.0000186,-0.0000059
2086.5000,0.0000328,0.0000186,-0.0000190,-0.0000060
2087.0000,0.0000333,0.0000189,-0.0000193,-0.0000061
2087.5000,0.0000340,0.0000193,-0.0000197,-0.0000062
2088.0000,0.0000346,0.0000196,-0.0000201,-0.0000063
2088.5000,0.0000352,0.0000200,-0.0000204,-0.0000064
2089.0000,0.0000358,0.0000204,-0.0000208,-0.0000065
2089.5000,0.0000365,0.0000207,-0.0000212,-0.0000066
2090.0000,0.0000371,0.0000211,-0.0000216,-0.0000067
2090.5000,0.0000378,0.0000215,-0.0000220,-0.0000068
2091.0000,0.0000384,0.0000218,-0.0000224,-0.0000069
2091.5000,0.0000392,0.0000222,-0.0000229,-0.0000070
2092.0000,0.0000398,0.0000226,-0.0000233,-0.0000071
2092.5000,0.0000405,0.0000230,-0.0000237,-0.0000072
2093.0000,0.0000412,0.0000234,-0.0000241,-0.0000074
2093.5000,0.0000420,0.0000238,-0.0000246,-0.0000075
2094.0000,0.0000426,0.0000242,-0.0000250,-0.0000076
2094.5000,0.0000434,0.0000247,-0.0000255,-0.0000077
2095.0000,0.0000442,0.0000251,-0.0000260,-0.0000078
2095.5000,0.0000449,0.0000255,-0.0000264,-0.0000080
2096.0000,0.0000457,0.0000259,-0.0000269,-0.0000081
2096.5000,0.0000464,0.0000264,-0.0000274,-0.0000082
2097.0000,0.0000473,0.0000268,-0.0000279,-0.0000084
2097.5000,0.0000480,0.0000273,-0.0000284,-0.0000085
2098.0000,0.0000489,0.0000277,-0.0000289,-0.0000086
2098.5000,0.0000497,0.0000282,-0.0000294,-0.0000088
2099.0000,0.0000505,0.0000287,-0.0000299,-0.0000089
2099.5000,0.0000514,0.0000292,-0.0000305,-0.0000090
2100.0000,0.0000523,0.0000297,-0.0000310,-0.0000092
2100.5000,0.0000531,0.0000302,-0.0000315,-0.0000093
2101.0000,0.0000540,0.0000307,-0.0000321,-0.0000095
2101.5000,0.0000549,0.0000312,-0.0000327,-0.0000096
2102.0000,0.0000559,0.0000317,-0.0000333,-0.0000097
2102.5000,0.0000568,0.0000323,-0.0000338,-0.0000099
2103.0000,0.0000577,0.0000328,-0.0000344,-0.0000100
2103.5000,0.0000587,0.0000333,-0.0000350,-0.0000102
2104.0000,0.0000596,0.0000339,-0.0000356,-0.0000103
2104.5000,0.0000606,0.0000345,-0.0000363,-0.0000105
2105.0000,0.0000616,0.0000350,-0.0000369,-0.0000107
2105.5000,0.0000627,0.0000356,-0.0000376,-0.0000108
2106.0000,0.0000637,0.0000362,-0.0000382,-0.0000110
2106.5000,0.0000647,0.0000367,-0.0000389,-0.0000111
2107.0000,0.0000658,0.0000374,-0.0000395,-0.0000113
2107.5000,0.0000669,0.0000380,-0.0000402,-0.0000115
2108.0000,0.0000680,0.0000386,-0.0000409,-0.0000116
2108.5000,0.0000690,0.0000392,-0.0000416,-0.0000118
2109.0000,0.0000702,0.0000399,-0.0000424,-0.0000120
2109.5000,0.0000714,0.0000405,-0.0000431,-0.0000121
2110.0000,0.0000725,0.0000412,-0.0000438,-0.0000123
2110.5000,0.0000737,0.0000418,-0.0000446,-0.0000125
2111.0000,0.0000749,0.0000425,-0.0000454,-0.0000127
2111.5000,0.0000761,0.0000432,-0.0000462,-0.0000129
2112.0000,0.0000773,0.0000439,-0.0000469,-0.0000131
2112.5000,0.0000785,0.0000446,-0.0000477,-0.0000133
2113.0000,0.0000798,0.0000453,-0.0000485,-0.0000135
2113.5000,0.0000811,0.0000460,-0.0000494,-0.0000137
2114.0000,0.0000824,0.0000468,-0.0000502,-0.0000138
2114.5000,0.0000837,0.0000475,-0.0000511,-0.0000141
2115.0000,0.0000850,0.0000483,-0.0000519,-0.0000142
2115.5000,0.0000864,0.0000490,-0.0000528,-0.0000144
2116.0000,0.0000878,0.0000498,-0.0000537,-0.0000147
2116.5000,0.0000892,0.0000506,-0.0000547,-0.0000149
2117.0000,0.0000906,0.0000514,-0.0000555,-0.0000151
2117.5000,0.0000920,0.0000522,-0.0000565,-0.0000153
2118.0000,0.0000935,0.0000530,-0.0000574,-0.0000155
2118.5000,0.0000950,0.0000539,-0.0000584,-0.0000157
2119.0000,0.0000965,0.0000547,-0.0000594,-0.0000159
2119.5000,0.0000980,0.0000555,-0.0000604,-0.0000161
2120.0000,0.0000996,0.0000564,-0.0000614,-0.0000164
2120.5000,0.0001011,0.0000573,-0.0000624,-0.0000166
2121.0000,0.0001027,0.0000582,-0.0000635,-0.0000169
2121.5000,0.0001044,0.0000591,-0.0000646,-0.0000171
2122.0000,0.0001060,0.0000601,-0.0000656,-0.0000173
2122.5000,0.0001076,0.0000610,-0.0000667,-0.0000176
2123.0000,0.0001093,0.0000620,-0.0000678,-0.0000178
2123.5000,0.0001110,0.0000630,-0.0000689,-0.0000181
2124.0000,0.0001128,0.0000639,-0.0000701,-0.0000183
2124.5000,0.0001146,0.0000649,-0.0000713,-0.0000186
2125.0000,0.0001163,0.0000659,-0.0000725,-0.0000188
2125.5000,0.0001181,0.0000669,-0.0000737,-0.0000191
2126.0000,0.0001200,0.0000680,-0.0000749,-0.0000193
2126.5000,0.0001218,0.0000690,-0.0000761,-0.0000196
2127.0000,0.0001238,0.0000701,-0.0000774,-0.0000199
2127.5000,0.0001257,0.0000712,-0.0000787,-0.0000201
2128.0000,0.0001276,0.0000723,-0.0000800,-0.0000204
2128.5000,0.0001297,0.0000734,-0.0000813,-0.0000207
2129.0000,0.0001316,0.0000745,-0.0000826,-0.0000210
2129.5000,0.0001337,0.0000757,-0.0000840,-0.0000213
2130.0000,0.0001357,0.0000768,-0.0000853,-0.0000215
2130.5000,0.0001378,0.0000780,-0.0000867,-0.0000218
2131.0000,0.0001399,0.0000792,-0.0000882,-0.0000221
2131.5000,0.0001421,0.0000805,-0.0000896,-0.0000224
2132.0000,0.0001443,0.0000817,-0.0000911,-0.0000227
2132.5000,0.0001465,0.0000829,-0.0000926,-0.0000230
2133.0000,0.0001488,0.0000842,-0.0000941,-0.0000234
2133.5000,0.0001510,0.0000855,-0.0000956,-0.0000237
2134.0000,0.0001533,0.0000868,-0.0000971,-0.0000240
2134.5000,0.0001556,0.0000881,-0.0000987,-0.0000243
2135.0000,0.0001581,0.0000895,-0.0001003,-0.0000246
2135.5000,0.0001605,0.0000908,-0.0001020,-0.0000250
2136.0000,0.0001629,0.0000922,-0.0001036,-0.0000253
2136.5000,0.0001654,0.0000936,-0.0001053,-0.0000256
2137.0000,0.0001679,0.0000950,-0.0001070,-0.0000260
2137.5000,0.0001705,0.0000965,-0.0001088,-0.0000263
2138.0000,0.0001731,0.0000979,-0.0001105,-0.0000267
2138.5000,0.0001757,0.0000994,-0.0001123,-0.0000270
2139.0000,0.0001784,0.0001009,-0.0001141,-0.0000274
2139.5000,0.0001811,0.0001024,-0.0001160,-0.0000277
2140.0000,0.0001839,0.0001040,-0.0001178,-0.0000281
2140.5000,0.0001867,0.0001055,-0.0001198,-0.0000285
2141.0000,0.0001896,0.0001072,-0.0001217,-0.0000288
2141.5000,0.0001924,0.0001087,-0.0001236,-0.0000292
2142.0000,0.0001953,0.0001104,-0.0001256,-0.0000296
2142.5000,0.0001982,0.0001120,-0.0001276,-0.0000300
2143.0000,0.0002012,0.0001137,-0.0001297,-0.0000304
2143.5000,0.0002042,0.0001154,-0.0001318,-0.0000308
2144.0000,0.0002073,0.0001171,-0.0001338,-0.0000312
2144.5000,0.0002104,0.0001189,-0.0001360,-0.0000316
2145.0000,0.0002136,0.0001207,-0.0001381,-0.0000320
2145.5000,0.0002168,0.0001225,-0.0001404,-0.0000324
2146.0000,0.0002201,0.0001243,-0.0001426,-0.0000328
2146.5000,0.0002234,0.0001262,-0.0001449,-0.0000332
2147.0000,0.0002267,0.0001280,-0.0001472,-0.0000337
2147.5000,0.0002301,0.0001300,-0.0001495,-0.0000341
2148.0000,0.0002336,0.0001319,-0.0001519,-0.0000346
2148.5000,0.0002371,0.0001338,-0.0001543,-0.0000350
2149.0000,0.0002406,0.0001358,-0.0001568,-0.0000354
2149.5000,0.0002442,0.0001378,-0.0001593,-0.0000359
2150.0000,0.0002478,0.0001399,-0.0001618,-0.0000364
2150.5000,0.0002515,0.0001420,-0.0001643,-0.0000368
2151.0000,0.0002553,0.0001441,-0.0001670,-0.0000373
2151.5000,0.0002591,0.0001462,-0.0001696,-0.0000378
2152.0000,0.0002630,0.0001484,-0.0001723,-0.0000383
2152.5000,0.0002669,0.0001506,-0.0001750,-0.0000388
2153.0000,0.0002708,0.0001528,-0.0001778,-0.0000392
2153.5000,0.0002749,0.0001551,-0.0001806,-0.0000397
2154.0000,0.0002789,0.0001573,-0.0001834,-0.0000403
2154.5000,0.0002830,0.0001597,-0.0001863,-0.0000408
2155.0000,0.0002872,0.0001620,-0.0001892,-0.0000413
2155.5000,0.0002915,0.0001644,-0.0001921,-0.0000418
2156.0000,0.0002958,0.0001668,-0.0001952,-0.0000423
2156.5000,0.0003001,0.0001692,-0.0001982,-0.0000429
2157.0000,0.0003045,0.0001717,-0.0002013,-0.0000434
2157.5000,0.0003091,0.0001742,-0.0002045,-0.0000440
2158.0000,0.0003137,0.0001768,-0.0002077,-0.0000445
2158.5000,0.0003182,0.0001794,-0.0002109,-0.0000450
2159.0000,0.0003229,0.0001820,-0.0002142,-0.0000456
2159.5000,0.0003277,0.0001847,-0.0002175,-0.0000462
2160.0000,0.0003325,0.0001874,-0.0002209,-0.0000468
2160.5000,0.0003374,0.0001901,-0.0002244,-0.0000474
2161.0000,0.0003424,0.0001929,-0.0002279,-0.0000479
2161.5000,0.0003474,0.0001957,-0.0002314,-0.0000485
2162.0000,0.0003525,0.0001985,-0.0002350,-0.0000492
2162.5000,0.0003577,0.0002015,-0.0002387,-0.0000498
2163.0000,0.0003629,0.0002044,-0.0002424,-0.0000504
2163.5000,0.0003682,0.0002073,-0.0002461,-0.0000510
2164.0000,0.0003736,0.0002104,-0.0002499,-0.0000517
2164.5000,0.0003790,0.0002134,-0.0002537,-0.0000523
2165.0000,0.0003845,0.0002165,-0.0002577,-0.0000529
2165.5000,0.0003901,0.0002196,-0.0002616,-0.0000536
2166.0000,0.0003959,0.0002228,-0.0002657,-0.0000543
2166.5000,0.0004016,0.0002260,-0.0002698,-0.0000549
2167.0000,0.0004074,0.0002293,-0.0002739,-0.0000556
2167.5000,0.0004134,0.0002326,-0.0002782,-0.0000563
2168.0000,0.0004194,0.0002360,-0.0002824,-0.0000570
2168.5000,0.0004255,0.0002394,-0.0002868,-0.0000577
2169.0000,0.0004317,0.0002428,-0.0002912,-0.0000584
2169.5000,0.0004379,0.0002463,-0.0002957,-0.0000591
2170.0000,0.0004443,0.0002499,-0.0003002,-0.0000599
2170.5000,0.0004507,0.0002535,-0.0003048,-0.0000606
2171.0000,0.0004573,0.0002572,-0.0003094,-0.0000613
2171.5000,0.0004639,0.0002609,-0.0003142,-0.0000621
2172.0000,0.0004706,0.0002646,-0.0003190,-0.0000628
2172.5000,0.0004774,0.0002684,-0.0003238,-0.0000636
2173.0000,0.0004843,0.0002722,-0.0003288,-0.0000644
2173.5000,0.0004912,0.0002761,-0.0003338,-0.0000652
2174.0000,0.0004983,0.0002801,-0.0003389,-0.0000660
2174.5000,0.0005055,0.0002841,-0.0003440,-0.0000668
2175.0000,0.0005128,0.0002882,-0.0003492,-0.0000676
2175.5000,0.0005202,0.0002923,-0.0003546,-0.0000684
2176.0000,0.0005276,0.0002965,-0.0003599,-0.0000692
2176.5000,0.0005352,0.0003007,-0.0003654,-0.0000700
2177.0000,0.0005428,0.0003049,-0.0003709,-0.0000709
2177.5000,0.0005507,0.0003093,-0.0003765,-0.0000717
2178.0000,0.0005586,0.0003137,-0.0003822,-0.0000726
2178.5000,0.0005665,0.0003182,-0.0003880,-0.0000735
2179.0000,0.0005747,0.0003227,-0.0003939,-0.0000744
2179.5000,0.0005829,0.0003273,-0.0003998,-0.0000753
2180.0000,0.0005912,0.0003320,-0.0004058,-0.0000762
2180.5000,0.0005996,0.0003367,-0.0004119,-0.0000771
2181.0000,0.0006081,0.0003414,-0.0004181,-0.0000780
2181.5000,0.0006168,0.0003462,-0.0004244,-0.0000789
2182.0000,0.0006256,0.0003511,-0.0004307,-0.0000799
2182.5000,0.0006345,0.0003561,-0.0004372,-0.0000808
2183.0000,0.0006435,0.0003611,-0.0004437,-0.0000818
2183.5000,0.0006526,0.0003662,-0.0004504,-0.0000828
2184.0000,0.0006619,0.0003714,-0.0004571,-0.0000837
2184.5000,0.0006712,0.0003766,-0.0004639,-0.0000847
2185.0000,0.0006808,0.0003819,-0.0004709,-0.0000857
2185.5000,0.0006904,0.0003873,-0.0004779,-0.0000868
2186.0000,0.0007002,0.0003927,-0.0004850,-0.0000878
2186.5000,0.0007101,0.0003983,-0.0004922,-0.0000888
2187.0000,0.0007201,0.0004038,-0.0004996,-0.0000899
2187.5000,0.0007302,0.0004095,-0.0005070,-0.0000909
2188.0000,0.0007406,0.0004153,-0.0005145,-0.0000920
2188.5000,0.0007510,0.0004210,-0.0005221,-0.0000931
2189.0000,0.0007616,0.0004269,-0.0005299,-0.0000942
2189.5000,0.0007723,0.0004329,-0.0005378,-0.0000953
2190.0000,0.0007831,0.0004389,-0.0005457,-0.0000964
2190.5000,0.0007941,0.0004451,-0.0005538,-0.0000975
2191.0000,0.0008053,0.0004513,-0.0005619,-0.0000987
2191.5000,0.0008166,0.0004576,-0.0005702,-0.0000998
2192.0000,0.0008280,0.0004639,-0.0005786,-0.0001010
2192.5000,0.0008396,0.0004704,-0.0005871,-0.0001022
2193.0000,0.0008513,0.0004769,-0.0005957,-0.0001034
2193.5000,0.0008633,0.0004835,-0.0006045,-0.0001046
2194.0000,0.0008753,0.0004902,-0.0006134,-0.0001058
2194.5000,0.0008875,0.0004970,-0.0006224,-0.0001071
2195.0000,0.0008999,0.0005039,-0.0006315,-0.0001083
2195.5000,0.0009124,0.0005109,-0.0006407,-0.0001095
2196.0000,0.0009251,0.0005179,-0.0006501,-0.0001108
2196.5000,0.0009379,0.0005251,-0.0006596,-0.0001121
2197.0000,0.0009510,0.0005323,-0.0006692,-0.0001134
2197.5000,0.0009642,0.0005397,-0.0006790,-0.0001147
2198.0000,0.0009776,0.0005471,-0.0006888,-0.0001160
2198.5000,0.0009911,0.0005546,-0.0006989,-0.0001174
2199.0000,0.0010048,0.0005623,-0.0007090,-0.0001187
2199.5000,0.0010187,0.0005700,-0.0007193,-0.0001201
2200.0000,0.0010328,0.0005778,-0.0007297,-0.0001215
2200.5000,0.0010471,0.0005858,-0.0007403,-0.0001229
2201.0000,0.0010615,0.0005937,-0.0007510,-0.0001243
2201.5000,0.0010761,0.0006019,-0.0007619,-0.0001257
2202.0000,0.0010909,0.0006101,-0.0007729,-0.0001271
2202.5000,0.0011059,0.0006184,-0.0007840,-0.0001286
2203.0000,0.0011211,0.0006269,-0.0007953,-0.0001300
2203.5000,0.0011365,0.0006354,-0.0008067,-0.0001315
2204.0000,0.0011521,0.0006441,-0.0008183,-0.0001330
2204.5000,0.0011679,0.0006529,-0.0008301,-0.0001346
2205.0000,0.0011838,0.0006617,-0.0008420,-0.0001361
2205.5000,0.0012000,0.0006707,-0.0008540,-0.0001376
2206.0000,0.0012164,0.0006798,-0.0008663,-0.0001392
2206.5000,0.0012330,0.0006890,-0.0008787,-0.0001408
2207.0000,0.0012498,0.0006984,-0.0008912,-0.0001424
2207.5000,0.0012668,0.0007078,-0.0009039,-0.0001440
2208.0000,0.0012841,0.0007174,-0.0009168,-0.0001456
2208.5000,0.0013015,0.0007271,-0.0009298,-0.0001472
2209.0000,0.0013192,0.0007369,-0.0009430,-0.0001489
2209.5000,0.0013371,0.0007468,-0.0009565,-0.0001506
2210.0000,0.0013553,0.0007569,-0.0009700,-0.0001523
2210.5000,0.0013736,0.0007670,-0.0009838,-0.0001540
2211.0000,0.0013921,0.0007773,-0.0009977,-0.0001557
2211.5000,0.0014109,0.0007878,-0.0010118,-0.0001574
2212.0000,0.0014300,0.0007983,-0.0010261,-0.0001592
2212.5000,0.0014493,0.0008090,-0.0010406,-0.0001610
2213.0000,0.0014689,0.0008199,-0.0010553,-0.0001628
2213.5000,0.0014886,0.0008308,-0.0010701,-0.0001646
2214.0000,0.0015086,0.0008419,-0.0010851,-0.0001664
2214.5000,0.0015289,0.0008531,-0.0011004,-0.0001682
2215.0000,0.0015494,0.0008645,-0.0011158,-0.0001701
2215.5000,0.0015701,0.0008760,-0.0011314,-0.0001720
2216.0000,0.0015911,0.0008876,-0.0011472,-0.0001739
2216.5000,0.0016123,0.0008994,-0.0011632,-0.0001758
2217.0000,0.0016339,0.0009113,-0.0011795,-0.0001777
2217.5000,0.0016557,0.0009234,-0.0011959,-0.0001797
2218.0000,0.0016778,0.0009357,-0.0012126,-0.0001817
2218.5000,0.0017001,0.0009480,-0.0012294,-0.0001837
2219.0000,0.0017227,0.0009606,-0.0012465,-0.0001857
2219.5000,0.0017456,0.0009732,-0.0012638,-0.0001877
2220.0000,0.0017687,0.0009860,-0.0012813,-0.0001898
2220.5000,0.0017922,0.0009990,-0.0012990,-0.0001919
2221.0000,0.0018159,0.0010121,-0.0013169,-0.0001940
2221.5000,0.0018399,0.0010254,-0.0013351,-0.0001961
2222.0000,0.0018642,0.0010389,-0.0013535,-0.0001982
2222.5000,0.0018888,0.0010525,-0.0013722,-0.0002004
2223.0000,0.0019137,0.0010663,-0.0013910,-0.0002026
2223.5000,0.0019389,0.0010802,-0.0014101,-0.0002048
2224.0000,0.0019643,0.0010943,-0.0014294,-0.0002070
2224.5000,0.0019901,0.0011086,-0.0014490,-0.0002092
2225.0000,0.0020162,0.0011230,-0.0014688,-0.0002115
2225.5000,0.0020426,0.0011376,-0.0014888,-0.0002138
2226.0000,0.0020693,0.0011524,-0.0015091,-0.0002161
2226.5000,0.0020964,0.0011674,-0.0015297,-0.0002184
2227.0000,0.0021237,0.0011825,-0.0015505,-0.0002208
2227.5000,0.0021514,0.0011978,-0.0015715,-0.0002232
2228.0000,0.0021794,0.0012133,-0.0015929,-0.0002256
2228.5000,0.0022077,0.0012289,-0.0016144,-0.0002280
2229.0000,0.0022364,0.0012448,-0.0016362,-0.0002304
2229.5000,0.0022654,0.0012609,-0.0016583,-0.0002329
2230.0000,0.0022947,0.0012771,-0.0016807,-0.0002354
2230.5000,0.0023244,0.0012935,-0.0017033,-0.0002379
2231.0000,0.0023544,0.0013101,-0.0017263,-0.0002404
2231.5000,0.0023848,0.0013269,-0.0017494,-0.0002430
2232.0000,0.0024155,0.0013438,-0.0017728,-0.0002456
2232.5000,0.0024466,0.0013610,-0.0017966,-0.0002482
2233.0000,0.0024780,0.0013784,-0.0018206,-0.0002508
2233.5000,0.0025098,0.0013960,-0.0018449,-0.0002535
2234.0000,0.0025420,0.0014137,-0.0018695,-0.0002562
2234.5000,0.0025746,0.0014317,-0.0018944,-0.0002589
2235.0000,0.0026075,0.0014499,-0.0019196,-0.0002616
2235.5000,0.0026408,0.0014683,-0.0019451,-0.0002644
2236.0000,0.0026744,0.0014869,-0.0019709,-0.0002672
2236.5000,0.0027085,0.0015057,-0.0019970,-0.0002700
2237.0000,0.0027429,0.0015247,-0.0020233,-0.0002728
2237.5000,0.0027778,0.0015440,-0.0020500,-0.0002757
2238.0000,0.0028130,0.0015634,-0.0020771,-0.0002786
2238.5000,0.0028486,0.0015831,-0.0021044,-0.0002815
2239.0000,0.0028846,0.0016029,-0.0021320,-0.0002844
2239.5000,0.0029211,0.0016231,-0.0021600,-0.0002874
2240.0000,0.0029579,0.0016434,-0.0021882,-0.0002904
2240.5000,0.0029951,0.0016639,-0.0022169,-0.0002934
2241.0000,0.0030327,0.0016847,-0.0022458,-0.0002964
2241.5000,0.0030709,0.0017058,-0.0022751,-0.0002995
2242.0000,0.0031093,0.0017270,-0.0023047,-0.0003026
2242.5000,0.0031482,0.0017484,-0.0023346,-0.0003057
2243.0000,0.0031875,0.0017701,-0.0023649,-0.0003089
2243.5000,0.0032273,0.0017921,-0.0023955,-0.0003121
2244.0000,0.0032676,0.0018143,-0.0024265,-0.0003153
2244.5000,0.0033082,0.0018367,-0.0024578,-0.0003185
2245.0000,0.0033494,0.0018594,-0.0024895,-0.0003218
2245.5000,0.0033909,0.0018823,-0.0025215,-0.0003251
2246.0000,0.0034328,0.0019054,-0.0025539,-0.0003284
2246.5000,0.0034753,0.0019289,-0.0025867,-0.0003318
2247.0000,0.0035183,0.0019525,-0.0026198,-0.0003352
2247.5000,0.0035616,0.0019765,-0.0026533,-0.0003386
2248.0000,0.0036055,0.0020006,-0.0026871,-0.0003421
2248.5000,0.0036498,0.0020250,-0.0027213,-0.0003455
2249.0000,0.0036945,0.0020497,-0.0027558,-0.0003490
2249.5000,0.0037398,0.0020747,-0.0027908,-0.0003526
2250.0000,0.0037855,0.0020999,-0.0028262,-0.0003562
2250.5000,0.0038318,0.0021254,-0.0028619,-0.0003598
2251.0000,0.0038785,0.0021511,-0.0028981,-0.0003634
2251.5000,0.0039256,0.0021771,-0.0029346,-0.0003671
2252.0000,0.0039734,0.0022034,-0.0029715,-0.0003708
2252.5000,0.0040216,0.0022300,-0.0030088,-0.0003745
2253.0000,0.0040703,0.0022569,-0.0030465,-0.0003783
2253.5000,0.0041196,0.0022840,-0.0030847,-0.0003821
2254.0000,0.0041693,0.0023114,-0.0031232,-0.0003859
2254.5000,0.0042196,0.0023391,-0.0031622,-0.0003898
2255.0000,0.0042704,0.0023671,-0.0032015,-0.0003937
2255.5000,0.0043217,0.0023953,-0.0032413,-0.0003976
2256.0000,0.0043735,0.0024239,-0.0032815,-0.0004016
2256.5000,0.0044258,0.0024527,-0.0033221,-0.0004056
2257.0000,0.0044787,0.0024818,-0.0033632,-0.0004096
2257.5000,0.0045322,0.0025112,-0.0034046,-0.0004136
2258.0000,0.0045861,0.0025410,-0.0034465,-0.0004177
2258.5000,0.0046407,0.0025710,-0.0034889,-0.0004219
2259.0000,0.0046957,0.0026013,-0.0035317,-0.0004261
2259.5000,0.0047514,0.0026319,-0.0035749,-0.0004302
2260.0000,0.0048075,0.0026629,-0.0036186,-0.0004345
2260.5000,0.0048643,0.0026941,-0.0036627,-0.0004388
2261.0000,0.0049217,0.0027256,-0.0037073,-0.0004431
2261.5000,0.0049795,0.0027575,-0.0037523,-0.0004474
2262.0000,0.0050379,0.0027897,-0.0037978,-0.0004518
2262.5000,0.0050971,0.0028222,-0.0038437,-0.0004562
2263.0000,0.0051566,0.0028550,-0.0038901,-0.0004607
2263.5000,0.0052168,0.0028881,-0.0039370,-0.0004652
2264.0000,0.0052777,0.0029216,-0.0039843,-0.0004697
2264.5000,0.0053391,0.0029553,-0.0040322,-0.0004743
2265.0000,0.0054010,0.0029894,-0.0040804,-0.0004788
2265.5000,0.0054636,0.0030238,-0.0041292,-0.0004835
2266.0000,0.0055268,0.0030586,-0.0041785,-0.0004882
2266.5000,0.0055906,0.0030937,-0.0042282,-0.0004929
2267.0000,0.0056550,0.0031291,-0.0042785,-0.0004977
2267.5000,0.0057200,0.0031649,-0.0043292,-0.0005024
2268.0000,0.0057856,0.0032010,-0.0043804,-0.0005073
2268.5000,0.0058519,0.0032374,-0.0044321,-0.0005121
2269.0000,0.0059188,0.0032742,-0.0044843,-0.0005170
2269.5000,0.0059864,0.0033113,-0.0045370,-0.0005220
2270.0000,0.0060545,0.0033488,-0.0045902,-0.0005270
2270.5000,0.0061233,0.0033866,-0.0046439,-0.0005320
2271.0000,0.0061928,0.0034248,-0.0046982,-0.0005371
2271.5000,0.0062628,0.0034633,-0.0047530,-0.0005422
2272.0000,0.0063335,0.0035022,-0.0048082,-0.0005473
2272.5000,0.0064050,0.0035415,-0.0048640,-0.0005526
2273.0000,0.0064769,0.0035810,-0.0049203,-0.0005578
2273.5000,0.0065497,0.0036210,-0.0049771,-0.0005631
2274.0000,0.0066230,0.0036613,-0.0050345,-0.0005684
2274.5000,0.0066970,0.0037019,-0.0050924,-0.0005737
2275.0000,0.0067717,0.0037430,-0.0051508,-0.0005791
2275.5000,0.0068471,0.0037844,-0.0052098,-0.0005846
2276.0000,0.0069231,0.0038262,-0.0052693,-0.0005900
2276.5000,0.0069999,0.0038683,-0.0053294,-0.0005956
2277.0000,0.0070773,0.0039108,-0.0053899,-0.0006012
2277.5000,0.0071554,0.0039537,-0.0054511,-0.0006068
2278.0000,0.0072341,0.0039970,-0.0055128,-0.0006124
2278.5000,0.0073136,0.0040406,-0.0055750,-0.0006181
2279.0000,0.0073938,0.0040847,-0.0056378,-0.0006239
2279.5000,0.0074746,0.0041291,-0.0057012,-0.0006297
2280.0000,0.0075561,0.0041739,-0.0057651,-0.0006354
2280.5000,0.0076385,0.0042191,-0.0058296,-0.0006413
2281.0000,0.0077214,0.0042646,-0.0058946,-0.0006472
2281.5000,0.0078052,0.0043106,-0.0059603,-0.0006532
2282.0000,0.0078896,0.0043569,-0.0060265,-0.0006592
2282.5000,0.0079747,0.0044037,-0.0060932,-0.0006653
2283.0000,0.0080605,0.0044508,-0.0061605,-0.0006714
2283.5000,0.0081471,0.0044983,-0.0062284,-0.0006775
2284.0000,0.0082344,0.0045462,-0.0062969,-0.0006837
2284.5000,0.0083225,0.0045945,-0.0063660,-0.0006900
2285.0000,0.0084112,0.0046433,-0.0064357,-0.0006963
2285.5000,0.0085007,0.0046924,-0.0065060,-0.0007026
2286.0000,0.0085909,0.0047419,-0.0065768,-0.0007090
2286.5000,0.0086819,0.0047918,-0.0066482,-0.0007154
2287.0000,0.0087737,0.0048422,-0.0067202,-0.0007219
2287.5000,0.0088661,0.0048929,-0.0067928,-0.0007284
2288.0000,0.0089592,0.0049440,-0.0068660,-0.0007350
2288.5000,0.0090532,0.0049956,-0.0069398,-0.0007416
2289.0000,0.0091479,0.0050475,-0.0070142,-0.0007482
2289.5000,0.0092434,0.0050999,-0.0070892,-0.0007550
2290.0000,0.0093396,0.0051527,-0.0071648,-0.0007617
2290.5000,0.0094366,0.0052059,-0.0072410,-0.0007685
2291.0000,0.0095343,0.0052595,-0.0073178,-0.0007754
2291.5000,0.0096328,0.0053135,-0.0073952,-0.0007823
2292.0000,0.0097321,0.0053679,-0.0074733,-0.0007893
2292.5000,0.0098322,0.0054228,-0.0075519,-0.0007963
2293.0000,0.0099330,0.0054781,-0.0076312,-0.0008034
2293.5000,0.0100346,0.0055338,-0.0077111,-0.0008105
2294.0000,0.0101369,0.0055899,-0.0077915,-0.0008176
2294.5000,0.0102401,0.0056465,-0.0078727,-0.0008249
2295.0000,0.0103440,0.0057035,-0.0079544,-0.0008321
2295.5000,0.0104487,0.0057609,-0.0080367,-0.0008394
2296.0000,0.0105541,0.0058187,-0.0081197,-0.0008468
2296.5000,0.0106604,0.0058770,-0.0082033,-0.0008542
2297.0000,0.0107675,0.0059356,-0.0082875,-0.0008617
2297.5000,0.0108753,0.0059948,-0.0083723,-0.0008692
2298.0000,0.0109839,0.0060543,-0.0084578,-0.0008768
2298.5000,0.0110933,0.0061143,-0.0085439,-0.0008845
2299.0000,0.0112035,0.0061747,-0.0086306,-0.0008921
2299.5000,0.0113145,0.0062355,-0.0087179,-0.0008999
2300.0000,0.0114263,0.0062968,-0.0088059,-0.0009077
2300.5000,0.0115388,0.0063585,-0.0088945,-0.0009155
2301.0000,0.0116521,0.0064205,-0.0089837,-0.0009234
2301.5000,0.0117663,0.0064832,-0.0090736,-0.0009313
2302.0000,0.0118813,0.0065462,-0.0091640,-0.0009394
2302.5000,0.0119971,0.0066096,-0.0092552,-0.0009474
2303.0000,0.0121136,0.0066734,-0.0093469,-0.0009555
2303.5000,0.0122310,0.0067378,-0.0094393,-0.0009637
2304.0000,0.0123491,0.0068025,-0.0095323,-0.0009719
2304.5000,0.0124681,0.0068677,-0.0096260,-0.0009802
2305.0000,0.0125878,0.0069333,-0.0097203,-0.0009886
2305.5000,0.0127084,0.0069993,-0.0098152,-0.0009969
2306.0000,0.0128297,0.0070658,-0.0099108,-0.0010054
2306.5000,0.0129519,0.0071328,-0.0100070,-0.0010139
2307.0000,0.0130749,0.0072001,-0.0101038,-0.0010225
2307.5000,0.0131987,0.0072679,-0.0102013,-0.0010311
2308.0000,0.0133233,0.0073362,-0.0102994,-0.0010397
2308.5000,0.0134486,0.0074048,-0.0103980,-0.0010485
2309.0000,0.0135748,0.0074739,-0.0104974,-0.0010573
2309.5000,0.0137018,0.0075434,-0.0105974,-0.0010661
2310.0000,0.0138295,0.0076135,-0.0106981,-0.0010750
2310.5000,0.0139581,0.0076839,-0.0107993,-0.0010840
2311.0000,0.0140876,0.0077548,-0.0109012,-0.0010930
2311.5000,0.0142177,0.0078260,-0.0110038,-0.0011021
2312.0000,0.0143487,0.0078978,-0.0111069,-0.0011112
2312.5000,0.0144805,0.0079700,-0.0112107,-0.0011204
2313.0000,0.0146130,0.0080425,-0.0113151,-0.0011296
2313.5000,0.0147464,0.0081156,-0.0114201,-0.0011389
2314.0000,0.0148806,0.0081890,-0.0115258,-0.0011483
2314.5000,0.0150156,0.0082630,-0.0116321,-0.0011577
2315.0000,0.0151513,0.0083373,-0.0117390,-0.0011672
2315.5000,0.0152879,0.0084120,-0.0118465,-0.0011767
2316.0000,0.0154253,0.0084872,-0.0119547,-0.0011864
2316.5000,0.0155634,0.0085629,-0.0120635,-0.0011960
2317.0000,0.0157023,0.0086389,-0.0121729,-0.0012057
2317.5000,0.0158421,0.0087154,-0.0122829,-0.0012155
2318.0000,0.0159826,0.0087923,-0.0123936,-0.0012253
2318.5000,0.0161239,0.0088697,-0.0125048,-0.0012352
2319.0000,0.0162659,0.0089475,-0.0126167,-0.0012452
2319.5000,0.0164088,0.0090257,-0.0127292,-0.0012552
2320.0000,0.0165525,0.0091043,-0.0128422,-0.0012653
2320.5000,0.0166968,0.0091834,-0.0129559,-0.0012754
2321.0000,0.0168421,0.0092628,-0.0130702,-0.0012857
2321.5000,0.0169881,0.0093427,-0.0131851,-0.0012959
2322.0000,0.0171349,0.0094231,-0.0133006,-0.0013063
2322.5000,0.0172823,0.0095038,-0.0134167,-0.0013166
2323.0000,0.0174307,0.0095850,-0.0135334,-0.0013271
2323.5000,0.0175797,0.0096665,-0.0136507,-0.0013376
2324.0000,0.0177295,0.0097485,-0.0137686,-0.0013482
2324.5000,0.0178801,0.0098309,-0.0138871,-0.0013588
2325.0000,0.0180314,0.0099137,-0.0140062,-0.0013695
2325.5000,0.0181835,0.0099970,-0.0141258,-0.0013803
2326.0000,0.0183363,0.0100806,-0.0142461,-0.0013911
2326.5000,0.0184898,0.0101647,-0.0143668,-0.0014020
2327.0000,0.0186442,0.0102491,-0.0144882,-0.0014129
2327.5000,0.0187992,0.0103340,-0.0146102,-0.0014239
2328.0000,0.0189550,0.0104192,-0.0147327,-0.0014350
2328.5000,0.0191116,0.0105049,-0.0148558,-0.0014461
2329.0000,0.0192688,0.0105909,-0.0149795,-0.0014573
2329.5000,0.0194268,0.0106774,-0.0151037,-0.0014686
2330.0000,0.0195856,0.0107643,-0.0152285,-0.0014799
2330.5000,0.0197451,0.0108515,-0.0153539,-0.0014913
2331.0000,0.0199052,0.0109391,-0.0154798,-0.0015028
2331.5000,0.0200661,0.0110272,-0.0156062,-0.0015143
2332.0000,0.0202278,0.0111157,-0.0157333,-0.0015259
2332.5000,0.0203901,0.0112045,-0.0158608,-0.0015375
2333.0000,0.0205531,0.0112937,-0.0159889,-0.0015492
2333.5000,0.0207168,0.0113833,-0.0161175,-0.0015610
2334.0000,0.0208813,0.0114732,-0.0162467,-0.0015728
2334.5000,0.0210464,0.0115636,-0.0163764,-0.0015847
2335.0000,0.0212121,0.0116543,-0.0165066,-0.0015967
2335.5000,0.0213786,0.0117454,-0.0166373,-0.0016087
2336.0000,0.0215457,0.0118368,-0.0167685,-0.0016208
2336.5000,0.0217136,0.0119286,-0.0169003,-0.0016329
2337.0000,0.0218821,0.0120208,-0.0170325,-0.0016451
2337.5000,0.0220512,0.0121134,-0.0171653,-0.0016574
2338.0000,0.0222210,0.0122063,-0.0172986,-0.0016697
2338.5000,0.0223915,0.0122996,-0.0174323,-0.0016821
2339.0000,0.0225626,0.0123932,-0.0175666,-0.0016946
2339.5000,0.0227344,0.0124872,-0.0177013,-0.0017071
2340.0000,0.0229068,0.0125815,-0.0178366,-0.0017197
2340.5000,0.0230799,0.0126763,-0.0179723,-0.0017324
2341.0000,0.0232535,0.0127713,-0.0181085,-0.0017451
2341.5000,0.0234279,0.0128667,-0.0182451,-0.0017579
2342.0000,0.0236027,0.0129623,-0.0183822,-0.0017708
2342.5000,0.0237783,0.0130584,-0.0185198,-0.0017837
2343.0000,0.0239544,0.0131548,-0.0186578,-0.0017967
2343.5000,0.0241311,0.0132515,-0.0187963,-0.0018097
2344.0000,0.0243084,0.0133485,-0.0189352,-0.0018228
2344.5000,0.0244864,0.0134459,-0.0190745,-0.0018360
2345.0000,0.0246649,0.0135436,-0.0192144,-0.0018492
2345.5000,0.0248440,0.0136416,-0.0193546,-0.0018625
2346.0000,0.0250237,0.0137399,-0.0194953,-0.0018759
2346.5000,0.0252038,0.0138385,-0.0196363,-0.0018893
2347.0000,0.0253847,0.0139375,-0.0197778,-0.0019028
2347.5000,0.0255660,0.0140367,-0.0199197,-0.0019163
2348.0000,0.0257479,0.0141362,-0.0200620,-0.0019300
2348.5000,0.0259304,0.0142361,-0.0202047,-0.0019436
2349.0000,0.0261133,0.0143362,-0.0203478,-0.0019574
2349.5000,0.0262969,0.0144367,-0.0204913,-0.0019712
2350.0000,0.0264809,0.0145374,-0.0206352,-0.0019851
2350.5000,0.0266655,0.0146384,-0.0207794,-0.0019990
2351.0000,0.0268505,0.0147397,-0.0209240,-0.0020130
2351.5000,0.0270361,0.0148413,-0.0210690,-0.0020271
2352.0000,0.0272222,0.0149431,-0.0212144,-0.0020412
2352.5000,0.0274087,0.0150452,-0.0213601,-0.0020554
2353.0000,0.0275958,0.0151476,-0.0215061,-0.0020696
2353.5000,0.0277833,0.0152503,-0.0216525,-0.0020839
2354.0000,0.0279713,0.0153532,-0.0217992,-0.0020983
2354.5000,0.0281598,0.0154564,-0.0219463,-0.0021127
2355.0000,0.0283487,0.0155598,-0.0220937,-0.0021272
2355.5000,0.0285380,0.0156635,-0.0222414,-0.0021418
2356.0000,0.0287279,0.0157674,-0.0223894,-0.0021564
2356.5000,0.0289182,0.0158715,-0.0225378,-0.0021711
2357.0000,0.0291088,0.0159760,-0.0226864,-0.0021858
2357.5000,0.0292999,0.0160806,-0.0228353,-0.0022006
2358.0000,0.0294914,0.0161855,-0.0229845,-0.0022155
2358.5000,0.0296834,0.0162906,-0.0231341,-0.0022304
2359.0000,0.0298757,0.0163959,-0.0232838,-0.0022454
2359.5000,0.0300685,0.0165014,-0.0234339,-0.0022604
2360.0000,0.0302615,0.0166071,-0.0235842,-0.0022755
2360.5000,0.0304550,0.0167131,-0.0237349,-0.0022907
2361.0000,0.0306489,0.0168193,-0.0238857,-0.0023059
2361.5000,0.0308432,0.0169257,-0.0240368,-0.0023212
2362.0000,0.0310377,0.0170323,-0.0241881,-0.0023365
2362.5000,0.0312327,0.0171390,-0.0243397,-0.0023519
2363.0000,0.0314280,0.0172460,-0.0244915,-0.0023674
2363.5000,0.0316236,0.0173532,-0.0246435,-0.0023829
2364.0000,0.0318196,0.0174605,-0.0247958,-0.0023985
2364.5000,0.0320158,0.0175680,-0.0249482,-0.0024141
2365.0000,0.0322125,0.0176758,-0.0251009,-0.0024298
2365.5000,0.0324094,0.0177836,-0.0252537,-0.0024455
2366.0000,0.0326066,0.0178917,-0.0254068,-0.0024614
2366.5000,0.0328040,0.0179999,-0.0255600,-0.0024772
2367.0000,0.0330018,0.0181083,-0.0257134,-0.0024931
2367.5000,0.0331998,0.0182168,-0.0258670,-0.0025091
2368.0000,0.0333981,0.0183255,-0.0260207,-0.0025251
2368.5000,0.0335967,0.0184343,-0.0261746,-0.0025412
2369.0000,0.0337955,0.0185433,-0.0263286,-0.0025574
2369.5000,0.0339946,0.0186524,-0.0264829,-0.0025736
2370.0000,0.0341939,0.0187616,-0.0266372,-0.0025899
2370.5000,0.0343934,0.0188710,-0.0267917,-0.0026061
2371.0000,0.0345932,0.0189805,-0.0269463,-0.0026225
2371.5000,0.0347931,0.0190901,-0.0271010,-0.0026389
2372.0000,0.0349933,0.0191998,-0.0272559,-0.0026554
2372.5000,0.0351937,0.0193097,-0.0274108,-0.0026719
2373.0000,0.0353942,0.0194197,-0.0275658,-0.0026885
2373.5000,0.0355949,0.0195297,-0.0277210,-0.0027051
2374.0000,0.0357958,0.0196399,-0.0278762,-0.0027218
2374.5000,0.0359969,0.0197502,-0.0280315,-0.0027386
2375.0000,0.0361981,0.0198606,-0.0281869,-0.0027553
2375.5000,0.0363995,0.0199710,-0.0283424,-0.0027722
2376.0000,0.0366010,0.0200816,-0.0284979,-0.0027891
2376.5000,0.0368026,0.0201922,-0.0286534,-0.0028060
2377.0000,0.0370044,0.0203029,-0.0288090,-0.0028230
2377.5000,0.0372063,0.0204137,-0.0289647,-0.0028400
2378.0000,0.0374082,0.0205245,-0.0291204,-0.0028571
2378.5000,0.0376103,0.0206354,-0.0292761,-0.0028743
2379.0000,0.0378125,0.0207464,-0.0294318,-0.0028914
2379.5000,0.0380148,0.0208574,-0.0295876,-0.0029087
2380.0000,0.0382171,0.0209685,-0.0297434,-0.0029259
2380.5000,0.0384196,0.0210796,-0.0298992,-0.0029433
2381.0000,0.0386221,0.0211908,-0.0300549,-0.0029607
2381.5000,0.0388246,0.0213019,-0.0302107,-0.0029781
2382.0000,0.0390272,0.0214132,-0.0303665,-0.0029955
2382.5000,0.0392299,0.0215245,-0.0305222,-0.0030130
2383.0000,0.0394325,0.0216357,-0.0306779,-0.0030306
2383.5000,0.0396351,0.0217470,-0.0308335,-0.0030482
2384.0000,0.0398378,0.0218584,-0.0309892,-0.0030658
2384.5000,0.0400405,0.0219697,-0.0311447,-0.0030835
2385.0000,0.0402432,0.0220810,-0.0313003,-0.0031012
2385.5000,0.0404459,0.0221924,-0.0314557,-0.0031190
2386.0000,0.0406486,0.0223038,-0.0316111,-0.0031368
2386.5000,0.0408512,0.0224151,-0.0317665,-0.0031547
2387.0000,0.0410538,0.0225264,-0.0319217,-0.0031725
2387.5000,0.0412564,0.0226378,-0.0320769,-0.0031905
2388.0000,0.0414589,0.0227491,-0.0322320,-0.0032084
2388.5000,0.0416614,0.0228604,-0.0323870,-0.0032264
2389.0000,0.0418638,0.0229717,-0.0325418,-0.0032445
2389.5000,0.0420661,0.0230829,-0.0326966,-0.0032626
2390.0000,0.0422683,0.0231941,-0.0328512,-0.0032807
2390.5000,0.0424705,0.0233053,-0.0330058,-0.0032988
2391.0000,0.0426726,0.0234164,-0.0331602,-0.0033170
2391.5000,0.0428745,0.0235275,-0.0333145,-0.0033352
2392.0000,0.0430764,0.0236385,-0.0334686,-0.0033535
2392.5000,0.0432781,0.0237495,-0.0336226,-0.0033718
2393.0000,0.0434797,0.0238604,-0.0337764,-0.0033902
2393.5000,0.0436812,0.0239713,-0.0339301,-0.0034085
2394.0000,0.0438825,0.0240821,-0.0340836,-0.0034269
2394.5000,0.0440837,0.0241928,-0.0342369,-0.0034453
2395.0000,0.0442847,0.0243035,-0.0343901,-0.0034638
2395.5000,0.0444856,0.0244141,-0.0345431,-0.0034823
2396.0000,0.0446863,0.0245245,-0.0346959,-0.0035008
2396.5000,0.0448868,0.0246350,-0.0348485,-0.0035194
2397.0000,0.0450871,0.0247453,-0.0350009,-0.0035379
2397.5000,0.0452873,0.0248555,-0.0351531,-0.0035565
2398.0000,0.0454872,0.0249656,-0.0353051,-0.0035752
2398.5000,0.0456869,0.0250756,-0.0354569,-0.0035938
2399.0000,0.0458864,0.0251856,-0.0356084,-0.0036125
2399.5000,0.0460856,0.0252953,-0.0357597,-0.0036312
2400.0000,0.0462847,0.0254050,-0.0359109,-0.0036499
2400.5000,0.0464836,0.0255146,-0.0360617,-0.0036687
2401.0000,0.0466821,0.0256241,-0.0362124,-0.0036875
2401.5000,0.0468805,0.0257334,-0.0363628,-0.0037063
2402.0000,0.0470786,0.0258426,-0.0365129,-0.0037251
2402.5000,0.0472764,0.0259517,-0.0366628,-0.0037439
2403.0000,0.0474739,0.0260606,-0.0368124,-0.0037628
2403.5000,0.0476712,0.0261694,-0.0369617,-0.0037817
2404.0000,0.0478682,0.0262780,-0.0371108,-0.0038006
2404.5000,0.0480648,0.0263866,-0.0372596,-0.0038195
2405.0000,0.0482612,0.0264949,-0.0374081,-0.0038385
2405.5000,0.0484573,0.0266031,-0.0375563,-0.0038574
2406.0000,0.0486530,0.0267111,-0.0377042,-0.0038764
2406.5000,0.0488485,0.0268190,-0.0378518,-0.0038954
2407.0000,0.0490436,0.0269267,-0.0379991,-0.0039144
2407.5000,0.0492384,0.0270342,-0.0381461,-0.0039334
2408.0000,0.0494328,0.0271415,-0.0382928,-0.0039524
2408.5000,0.0496269,0.0272487,-0.0384392,-0.0039715
2409.0000,0.0498207,0.0273557,-0.0385852,-0.0039906
2409.5000,0.0500141,0.0274626,-0.0387309,-0.0040096
2410.0000,0.0502071,0.0275692,-0.0388763,-0.0040287
2410.5000,0.0503997,0.0276756,-0.0390214,-0.0040478
2411.0000,0.0505920,0.0277819,-0.0391661,-0.0040669
2411.5000,0.0507839,0.0278879,-0.0393104,-0.0040860
2412.0000,0.0509753,0.0279937,-0.0394544,-0.0041051
2412.5000,0.0511664,0.0280994,-0.0395981,-0.0041242
2413.0000,0.0513571,0.0282048,-0.0397414,-0.0041434
2413.5000,0.0515474,0.0283100,-0.0398843,-0.0041625
2414.0000,0.0517373,0.0284150,-0.0400268,-0.0041816
2414.5000,0.0519267,0.0285198,-0.0401690,-0.0042007
2415.0000,0.0521157,0.0286243,-0.0403108,-0.0042199
2415.5000,0.0523043,0.0287286,-0.0404522,-0.0042390
2416.0000,0.0524924,0.0288327,-0.0405932,-0.0042582
2416.5000,0.0526801,0.0289366,-0.0407338,-0.0042773
2417.0000,0.0528673,0.0290402,-0.0408741,-0.0042965
2417.5000,0.0530541,0.0291436,-0.0410139,-0.0043156
2418.0000,0.0532403,0.0292468,-0.0411533,-0.0043347
2418.5000,0.0534261,0.0293496,-0.0412923,-0.0043538
2419.0000,0.0536115,0.0294523,-0.0414309,-0.0043730
2419.5000,0.0537964,0.0295547,-0.0415691,-0.0043921
2420.0000,0.0539808,0.0296568,-0.0417069,-0.0044112
2420.5000,0.0541647,0.0297587,-0.0418442,-0.0044303
2421.0000,0.0543481,0.0298603,-0.0419811,-0.0044494
2421.5000,0.0545309,0.0299617,-0.0421176,-0.0044685
2422.0000,0.0547133,0.0300628,-0.0422537,-0.0044876
2422.5000,0.0548952,0.0301636,-0.0423893,-0.0045067
2423.0000,0.0550766,0.0302642,-0.0425244,-0.0045258
2423.5000,0.0552573,0.0303644,-0.0426591,-0.0045449
2424.0000,0.0554377,0.0304644,-0.0427934,-0.0045639
2424.5000,0.0556174,0.0305641,-0.0429272,-0.0045829
2425.0000,0.0557966,0.0306635,-0.0430605,-0.0046020
2425.5000,0.0559752,0.0307627,-0.0431934,-0.0046210
2426.0000,0.0561533,0.0308614,-0.0433258,-0.0046400
2426.5000,0.0563309,0.0309600,-0.0434578,-0.0046589
2427.0000,0.0565079,0.0310582,-0.0435892,-0.0046779
2427.5000,0.0566843,0.0311562,-0.0437203,-0.0046968
2428.0000,0.0568601,0.0312538,-0.0438508,-0.0047157
2428.5000,0.0570354,0.0313511,-0.0439808,-0.0047346
2429.0000,0.0572100,0.0314482,-0.0441103,-0.0047535
2429.5000,0.0573841,0.0315449,-0.0442394,-0.0047724
2430.0000,0.0575576,0.0316412,-0.0443679,-0.0047912
2430.5000,0.0577305,0.0317373,-0.0444960,-0.0048100
2431.0000,0.0579028,0.0318331,-0.0446236,-0.0048288
2431.5000,0.0580744,0.0319285,-0.0447507,-0.0048476
2432.0000,0.0582455,0.0320236,-0.0448772,-0.0048663
2432.5000,0.0584160,0.0321184,-0.0450033,-0.0048850
2433.0000,0.0585858,0.0322128,-0.0451288,-0.0049037
2433.5000,0.0587550,0.0323069,-0.0452539,-0.0049224
2434.0000,0.0589236,0.0324007,-0.0453784,-0.0049410
2434.5000,0.0590916,0.0324941,-0.0455024,-0.0049596
2435.0000,0.0592589,0.0325872,-0.0456259,-0.0049781
2435.5000,0.0594255,0.0326800,-0.0457488,-0.0049967
2436.0000,0.0595916,0.0327724,-0.0458713,-0.0050152
2436.5000,0.0597569,0.0328644,-0.0459932,-0.0050336
2437.0000,0.0599217,0.0329562,-0.0461145,-0.0050521
2437.5000,0.0600857,0.0330475,-0.0462354,-0.0050705
2438.0000,0.0602491,0.0331385,-0.0463556,-0.0050888
2438.5000,0.0604118,0.0332291,-0.0464754,-0.0051071
2439.0000,0.0605738,0.0333194,-0.0465946,-0.0051254
2439.5000,0.0607352,0.0334093,-0.0467132,-0.0051437
2440.0000,0.0608958,0.0334989,-0.0468313,-0.0051619
2440.5000,0.0610558,0.0335880,-0.0469489,-0.0051801
2441.0000,0.0612151,0.0336769,-0.0470659,-0.0051982
2441.5000,0.0613737,0.0337653,-0.0471823,-0.0052163
2442.0000,0.0615316,0.0338533,-0.0472982,-0.0052343
2442.5000,0.0616888,0.0339410,-0.0474135,-0.0052523
2443.0000,0.0618454,0.0340283,-0.0475283,-0.0052702
2443.5000,0.0620012,0.0341152,-0.0476425,-0.0052881
2444.0000,0.0621562,0.0342017,-0.0477561,-0.0053060
2444.5000,0.0623106,0.0342879,-0.0478692,-0.0053238
2445.0000,0.0624642,0.0343736,-0.0479817,-0.0053415
2445.5000,0.0626171,0.0344590,-0.0480936,-0.0053593
2446.0000,0.0627693,0.0345439,-0.0482050,-0.0053769
2446.5000,0.0629208,0.0346285,-0.0483157,-0.0053945
2447.0000,0.0630715,0.0347127,-0.0484259,-0.0054121
2447.5000,0.0632215,0.0347965,-0.0485355,-0.0054296
2448.0000,0.0633708,0.0348798,-0.0486445,-0.0054471
2448.5000,0.0635192,0.0349628,-0.0487530,-0.0054644
2449.0000,0.0636670,0.0350454,-0.0488608,-0.0054818
2449.5000,0.0638140,0.0351276,-0.0489681,-0.0054991
2450.0000,0.0639603,0.0352093,-0.0490748,-0.0055163
2450.5000,0.0641058,0.0352907,-0.0491809,-0.0055335
2451.0000,0.0642505,0.0353716,-0.0492863,-0.0055506
2451.5000,0.0643945,0.0354521,-0.0493912,-0.0055677
2452.0000,0.0645377,0.0355322,-0.0494955,-0.0055846
2452.5000,0.0646801,0.0356118,-0.0495992,-0.0056016
2453.0000,0.0648218,0.0356911,-0.0497023,-0.0056184
2453.5000,0.0649627,0.0357699,-0.0498048,-0.0056353
2454.0000,0.0651028,0.0358483,-0.0499067,-0.0056520
2454.5000,0.0652421,0.0359263,-0.0500079,-0.0056687
2455.0000,0.0653806,0.0360039,-0.0501086,-0.0056853
2455.5000,0.0655184,0.0360810,-0.0502087,-0.0057018
2456.0000,0.0656554,0.0361577,-0.0503081,-0.0057183
2456.5000,0.0657915,0.0362339,-0.0504070,-0.0057347
2457.0000,0.0659269,0.0363097,-0.0505052,-0.0057511
2457.5000,0.0660614,0.0363851,-0.0506028,-0.0057673
2458.0000,0.0661952,0.0364601,-0.0506998,-0.0057835
2458.5000,0.0663282,0.0365346,-0.0507962,-0.0057997
2459.0000,0.0664603,0.0366086,-0.0508920,-0.0058157
2459.5000,0.0665916,0.0366822,-0.0509871,-0.0058317
2460.0000,0.0667222,0.0367554,-0.0510816,-0.0058476
2460.5000,0.0668519,0.0368281,-0.0511755,-0.0058635
2461.0000,0.0669808,0.0369004,-0.0512688,-0.0058793
2461.5000,0.0671088,0.0369722,-0.0513614,-0.0058949
2462.0000,0.0672361,0.0370436,-0.0514534,-0.0059106
2462.5000,0.0673625,0.0371144,-0.0515448,-0.0059261
2463.0000,0.0674881,0.0371849,-0.0516356,-0.0059415
2463.5000,0.0676129,0.0372550,-0.0517257,-0.0059569
2464.0000,0.0677368,0.0373245,-0.0518152,-0.0059722
2464.5000,0.0678599,0.0373936,-0.0519041,-0.0059875
2465.0000,0.0679822,0.0374622,-0.0519923,-0.0060026
2465.5000,0.0681036,0.0375304,-0.0520799,-0.0060176
2466.0000,0.0682242,0.0375981,-0.0521669,-0.0060326
2466.5000,0.0683439,0.0376653,-0.0522532,-0.0060475
2467.0000,0.0684628,0.0377321,-0.0523389,-0.0060623
2467.5000,0.0685808,0.0377984,-0.0524240,-0.0060770
2468.0000,0.0686980,0.0378642,-0.0525084,-0.0060916
2468.5000,0.0688143,0.0379296,-0.0525922,-0.0061062
2469.0000,0.0689298,0.0379944,-0.0526753,-0.0061206
2469.5000,0.0690444,0.0380588,-0.0527578,-0.0061350
2470.0000,0.0691582,0.0381227,-0.0528397,-0.0061493
2470.5000,0.0692711,0.0381862,-0.0529209,-0.0061635
2471.0000,0.0693831,0.0382491,-0.0530014,-0.0061776
2471.5000,0.0694943,0.0383117,-0.0530813,-0.0061916
2472.0000,0.0696046,0.0383737,-0.0531606,-0.0062055
2472.5000,0.0697140,0.0384352,-0.0532392,-0.0062193
2473.0000,0.0698226,0.0384963,-0.0533172,-0.0062331
2473.5000,0.0699302,0.0385568,-0.0533945,-0.0062467
2474.0000,0.0700370,0.0386169,-0.0534712,-0.0062603
2474.5000,0.0701430,0.0386765,-0.0535472,-0.0062737
2475.0000,0.0702480,0.0387356,-0.0536226,-0.0062870
2475.5000,0.0703522,0.0387942,-0.0536973,-0.0063003
2476.0000,0.0704555,0.0388524,-0.0537714,-0.0063135
2476.5000,0.0705579,0.0389100,-0.0538448,-0.0063265
2477.0000,0.0706594,0.0389671,-0.0539176,-0.0063395
2477.5000,0.0707600,0.0390238,-0.0539897,-0.0063524
2478.0000,0.0708598,0.0390799,-0.0540611,-0.0063651
2478.5000,0.0709586,0.0391355,-0.0541319,-0.0063778
2479.0000,0.0710565,0.0391907,-0.0542021,-0.0063903
2479.5000,0.0711536,0.0392454,-0.0542716,-0.0064028
2480.0000,0.0712498,0.0392995,-0.0543404,-0.0064151
2480.5000,0.0713450,0.0393532,-0.0544086,-0.0064274
2481.0000,0.0714394,0.0394064,-0.0544761,-0.0064395
2481.5000,0.0715329,0.0394590,-0.0545429,-0.0064516
2482.0000,0.0716254,0.0395112,-0.0546091,-0.0064635
2482.5000,0.0717171,0.0395628,-0.0546747,-0.0064753
2483.0000,0.0718079,0.0396139,-0.0547396,-0.0064870
2483.5000,0.0718977,0.0396646,-0.0548038,-0.0064987
2484.0000,0.0719867,0.0397147,-0.0548673,-0.0065102
2484.5000,0.0720747,0.0397643,-0.0549302,-0.0065216
2485.0000,0.0721618,0.0398135,-0.0549924,-0.0065329
2485.5000,0.0722480,0.0398620,-0.0550540,-0.0065440
2486.0000,0.0723333,0.0399101,-0.0551149,-0.0065551
2486.5000,0.0724177,0.0399577,-0.0551752,-0.0065661
2487.0000,0.0725011,0.0400047,-0.0552347,-0.0065769
2487.5000,0.0725837,0.0400513,-0.0552936,-0.0065877
2488.0000,0.0726653,0.0400973,-0.0553519,-0.0065983
2488.5000,0.0727461,0.0401429,-0.0554095,-0.0066088
2489.0000,0.0728259,0.0401879,-0.0554664,-0.0066192
2489.5000,0.0729047,0.0402323,-0.0555226,-0.0066295
2490.0000,0.0729826,0.0402763,-0.0555782,-0.0066396
2490.5000,0.0730597,0.0403197,-0.0556331,-0.0066497
2491.0000,0.0731358,0.0403626,-0.0556874,-0.0066596
2491.5000,0.0732109,0.0404050,-0.0557409,-0.0066695
2492.0000,0.0732850,0.0404469,-0.0557938,-0.0066791
2492.5000,0.0733584,0.0404883,-0.0558461,-0.0066888
2493.0000,0.0734308,0.0405291,-0.0558976,-0.0066982
2493.5000,0.0735022,0.0405694,-0.0559485,-0.0067076
2494.0000,0.0735727,0.0406092,-0.0559988,-0.0067168
2494.5000,0.0736423,0.0406484,-0.0560483,-0.0067259
2495.0000,0.0737109,0.0406872,-0.0560972,-0.0067349
2495.5000,0.0737786,0.0407254,-0.0561455,-0.0067438
2496.0000,0.0738454,0.0407630,-0.0561930,-0.0067525
2496.5000,0.0739112,0.0408002,-0.0562399,-0.0067612
2497.0000,0.0739761,0.0408368,-0.0562861,-0.0067697
2497.5000,0.0740400,0.0408729,-0.0563317,-0.0067781
2498.0000,0.0741031,0.0409085,-0.0563765,-0.0067864
2498.5000,0.0741652,0.0409435,-0.0564207,-0.0067945
2499.0000,0.0742262,0.0409780,-0.0564643,-0.0068025
2499.5000,0.0742864,0.0410120,-0.0565071,-0.0068104
2500.0000,0.0743457,0.0410454,-0.0565493,-0.0068182
2500.5000,0.0744039,0.0410783,-0.0565908,-0.0068258
2501.0000,0.0744613,0.0411107,-0.0566316,-0.0068334
2501.5000,0.0745177,0.0411425,-0.0566718,-0.0068408
2502.0000,0.0745731,0.0411738,-0.0567113,-0.0068480
2502.5000,0.0746276,0.0412045,-0.0567501,-0.0068552
2503.0000,0.0746812,0.0412348,-0.0567882,-0.0068622
2503.5000,0.0747338,0.0412644,-0.0568257,-0.0068691
2504.0000,0.0747854,0.0412936,-0.0568625,-0.0068759
2504.5000,0.0748361,0.0413222,-0.0568986,-0.0068825
2505.0000,0.0748859,0.0413503,-0.0569340,-0.0068890
2505.5000,0.0749347,0.0413778,-0.0569688,-0.0068954
2506.0000,0.0749825,0.0414048,-0.0570029,-0.0069016
2506.5000,0.0750294,0.0414312,-0.0570363,-0.0069078
2507.0000,0.0750753,0.0414571,-0.0570690,-0.0069138
2507.5000,0.0751203,0.0414825,-0.0571011,-0.0069197
2508.0000,0.0751642,0.0415073,-0.0571325,-0.0069254
2508.5000,0.0752073,0.0415316,-0.0571632,-0.0069310
2509.0000,0.0752494,0.0415553,-0.0571932,-0.0069364
2509.5000,0.0752906,0.0415785,-0.0572226,-0.0069418
2510.0000,0.0753307,0.0416012,-0.0572513,-0.0069470
2510.5000,0.0753699,0.0416233,-0.0572792,-0.0069521
2511.0000,0.0754082,0.0416449,-0.0573066,-0.0069570
2511.5000,0.0754455,0.0416659,-0.0573332,-0.0069619
2512.0000,0.0754818,0.0416864,-0.0573592,-0.0069665
2512.5000,0.0755171,0.0417063,-0.0573845,-0.0069711
2513.0000,0.0755516,0.0417257,-0.0574091,-0.0069755
2513.5000,0.0755850,0.0417445,-0.0574330,-0.0069798
2514.0000,0.0756175,0.0417628,-0.0574563,-0.0069840
2514.5000,0.0756490,0.0417806,-0.0574788,-0.0069880
2515.0000,0.0756795,0.0417978,-0.0575008,-0.0069919
2515.5000,0.0757091,0.0418144,-0.0575219,-0.0069956
2516.0000,0.0757378,0.0418305,-0.0575425,-0.0069993
2516.5000,0.0757654,0.0418461,-0.0575623,-0.0070028
2517.0000,0.0757921,0.0418610,-0.0575815,-0.0070061
2517.5000,0.0758178,0.0418755,-0.0576000,-0.0070093
2518.0000,0.0758425,0.0418894,-0.0576178,-0.0070124
2518.5000,0.0758663,0.0419028,-0.0576350,-0.0070154
2519.0000,0.0758891,0.0419156,-0.0576514,-0.0070182
2519.5000,0.0759109,0.0419278,-0.0576672,-0.0070209
2520.0000,0.0759319,0.0419395,-0.0576823,-0.0070234
2520.5000,0.0759517,0.0419507,-0.0576967,-0.0070258
2521.0000,0.0759707,0.0419613,-0.0577105,-0.0070281
2521.5000,0.0759886,0.0419713,-0.0577235,-0.0070302
2522.0000,0.0760056,0.0419808,-0.0577359,-0.0070322
2522.5000,0.0760216,0.0419898,-0.0577476,-0.0070341
2523.0000,0.0760367,0.0419982,-0.0577586,-0.0070358
2523.5000,0.0760508,0.0420060,-0.0577689,-0.0070374
2524.0000,0.0760639,0.0420133,-0.0577786,-0.0070389
2524.5000,0.0760760,0.0420201,-0.0577876,-0.0070402
2525.0000,0.0760871,0.0420262,-0.0577958,-0.0070414
2525.5000,0.0760973,0.0420319,-0.0578034,-0.0070425
2526.0000,0.0761065,0.0420369,-0.0578103,-0.0070434
2526.5000,0.0761147,0.0420415,-0.0578166,-0.0070441
2527.0000,0.0761220,0.0420455,-0.0578221,-0.0070448
2527.5000,0.0761283,0.0420489,-0.0578270,-0.0070453
2528.0000,0.0761336,0.0420517,-0.0578312,-0.0070456
2528.5000,0.0761379,0.0420540,-0.0578347,-0.0070459
2529.0000,0.0761413,0.0420558,-0.0578375,-0.0070460
2529.5000,0.0761437,0.0420570,-0.0578396,-0.0070459
2530.0000,0.0761451,0.0420577,-0.0578410,-0.0070458
2530.5000,0.0761455,0.0420578,-0.0578418,-0.0070455
2531.0000,0.0761450,0.0420573,-0.0578419,-0.0070450
2531.5000,0.0761434,0.0420563,-0.0578413,-0.0070444
2532.0000,0.0761410,0.0420548,-0.0578400,-0.0070437
2532.5000,0.0761375,0.0420526,-0.0578380,-0.0070429
2533.0000,0.0761331,0.0420500,-0.0578353,-0.0070419
2533.5000,0.0761276,0.0420467,-0.0578320,-0.0070407
2534.0000,0.0761212,0.0420430,-0.0578280,-0.0070395
2534.5000,0.0761138,0.0420387,-0.0578232,-0.0070381
2535.0000,0.0761055,0.0420338,-0.0578178,-0.0070365
2535.5000,0.0760962,0.0420283,-0.0578117,-0.0070349
2536.0000,0.0760859,0.0420223,-0.0578050,-0.0070331
2536.5000,0.0760746,0.0420158,-0.0577975,-0.0070311
2537.0000,0.0760623,0.0420087,-0.0577893,-0.0070291
2537.5000,0.0760491,0.0420010,-0.0577805,-0.0070268
2538.0000,0.0760349,0.0419928,-0.0577710,-0.0070245
2538.5000,0.0760197,0.0419840,-0.0577608,-0.0070220
2539.0000,0.0760035,0.0419747,-0.0577499,-0.0070194
2539.5000,0.0759864,0.0419648,-0.0577383,-0.0070166
2540.0000,0.0759682,0.0419544,-0.0577260,-0.0070137
2540.5000,0.0759491,0.0419434,-0.0577131,-0.0070107
2541.0000,0.0759291,0.0419319,-0.0576994,-0.0070076
2541.5000,0.0759080,0.0419198,-0.0576851,-0.0070042
2542.0000,0.0758860,0.0419072,-0.0576700,-0.0070008
2542.5000,0.0758630,0.0418940,-0.0576543,-0.0069973
2543.0000,0.0758390,0.0418802,-0.0576379,-0.0069936
2543.5000,0.0758141,0.0418660,-0.0576208,-0.0069897
2544.0000,0.0757881,0.0418511,-0.0576031,-0.0069858
2544.5000,0.0757612,0.0418357,-0.0575846,-0.0069817
2545.0000,0.0757333,0.0418198,-0.0575654,-0.0069775
2545.5000,0.0757045,0.0418032,-0.0575456,-0.0069731
2546.0000,0.0756747,0.0417862,-0.0575250,-0.0069686
2546.5000,0.0756438,0.0417686,-0.0575038,-0.0069640
2547.0000,0.0756120,0.0417504,-0.0574818,-0.0069593
2547.5000,0.0755792,0.0417317,-0.0574593,-0.0069544
2548.0000,0.0755455,0.0417124,-0.0574359,-0.0069493
2548.5000,0.0755108,0.0416926,-0.0574120,-0.0069442
2549.0000,0.0754751,0.0416722,-0.0573873,-0.0069389
2549.5000,0.0754384,0.0416513,-0.0573619,-0.0069335
2550.0000,0.0754008,0.0416299,-0.0573358,-0.0069280
2550.5000,0.0753622,0.0416078,-0.0573091,-0.0069223
2551.0000,0.0753226,0.0415853,-0.0572816,-0.0069165
2551.5000,0.0752821,0.0415622,-0.0572535,-0.0069106
2552.0000,0.0752405,0.0415385,-0.0572247,-0.0069045
2552.5000,0.0751980,0.0415143,-0.0571951,-0.0068984
2553.0000,0.0751545,0.0414895,-0.0571649,-0.0068920
2553.5000,0.0751101,0.0414642,-0.0571340,-0.0068856
2554.0000,0.0750647,0.0414384,-0.0571024,-0.0068791
2554.5000,0.0750183,0.0414120,-0.0570701,-0.0068723
2555.0000,0.0749710,0.0413850,-0.0570371,-0.0068655
2555.5000,0.0749227,0.0413575,-0.0570035,-0.0068586
2556.0000,0.0748733,0.0413294,-0.0569691,-0.0068515
2556.5000,0.0748230,0.0413009,-0.0569340,-0.0068443
2557.0000,0.0747718,0.0412717,-0.0568983,-0.0068370
2557.5000,0.0747196,0.0412421,-0.0568618,-0.0068295
2558.0000,0.0746664,0.0412118,-0.0568247,-0.0068220
2558.5000,0.0746123,0.0411811,-0.0567868,-0.0068143
2559.0000,0.0745572,0.0411498,-0.0567483,-0.0068065
2559.5000,0.0745011,0.0411179,-0.0567091,-0.0067985
2560.0000,0.0744440,0.0410855,-0.0566692,-0.0067904
2560.5000,0.0743860,0.0410525,-0.0566286,-0.0067823
2561.0000,0.0743271,0.0410191,-0.0565873,-0.0067739
2561.5000,0.0742672,0.0409851,-0.0565453,-0.0067655
2562.0000,0.0742062,0.0409505,-0.0565026,-0.0067570
2562.5000,0.0741444,0.0409154,-0.0564592,-0.0067483
2563.0000,0.0740816,0.0408797,-0.0564151,-0.0067395
2563.5000,0.0740178,0.0408436,-0.0563704,-0.0067306
2564.0000,0.0739530,0.0408069,-0.0563249,-0.0067216
2564.5000,0.0738873,0.0407696,-0.0562788,-0.0067124
2565.0000,0.0738206,0.0407318,-0.0562319,-0.0067032
2565.5000,0.0737530,0.0406935,-0.0561844,-0.0066938
2566.0000,0.0736844,0.0406546,-0.0561361,-0.0066843
2566.5000,0.0736149,0.0406152,-0.0560872,-0.0066747
2567.0000,0.0735444,0.0405752,-0.0560376,-0.0066649
2567.5000,0.0734730,0.0405348,-0.0559872,-0.0066551
2568.0000,0.0734006,0.0404938,-0.0559362,-0.0066451
2568.5000,0.0733271,0.0404522,-0.0558845,-0.0066350
2569.0000,0.0732529,0.0404101,-0.0558321,-0.0066248
2569.5000,0.0731776,0.0403675,-0.0557790,-0.0066145
2570.0000,0.0731014,0.0403244,-0.0557252,-0.0066041
2570.5000,0.0730242,0.0402807,-0.0556707,-0.0065936
2571.0000,0.0729461,0.0402366,-0.0556156,-0.0065830
2571.5000,0.0728671,0.0401918,-0.0555597,-0.0065722
2572.0000,0.0727870,0.0401465,-0.0555031,-0.0065613
2572.5000,0.0727061,0.0401008,-0.0554459,-0.0065504
2573.0000,0.0726242,0.0400545,-0.0553880,-0.0065393
2573.5000,0.0725413,0.0400077,-0.0553293,-0.0065281
2574.0000,0.0724576,0.0399603,-0.0552700,-0.0065168
2574.5000,0.0723728,0.0399124,-0.0552100,-0.0065054
2575.0000,0.0722871,0.0398640,-0.0551493,-0.0064939
2575.5000,0.0722005,0.0398150,-0.0550878,-0.0064823
2576.0000,0.0721129,0.0397656,-0.0550258,-0.0064705
2576.5000,0.0720245,0.0397156,-0.0549630,-0.0064587
2577.0000,0.0719350,0.0396651,-0.0548995,-0.0064468
2577.5000,0.0718447,0.0396141,-0.0548353,-0.0064348
2578.0000,0.0717533,0.0395626,-0.0547704,-0.0064226
2578.5000,0.0716611,0.0395105,-0.0547049,-0.0064104
2579.0000,0.0715679,0.0394580,-0.0546387,-0.0063980
2579.5000,0.0714739,0.0394049,-0.0545717,-0.0063856
2580.0000,0.0713789,0.0393513,-0.0545041,-0.0063731
2580.5000,0.0712829,0.0392972,-0.0544358,-0.0063604
2581.0000,0.0711860,0.0392426,-0.0543668,-0.0063477
2581.5000,0.0710882,0.0391875,-0.0542971,-0.0063348
2582.0000,0.0709895,0.0391318,-0.0542267,-0.0063219
2582.5000,0.0708898,0.0390756,-0.0541557,-0.0063089
2583.0000,0.0707893,0.0390190,-0.0540839,-0.0062957
2583.5000,0.0706878,0.0389618,-0.0540115,-0.0062825
2584.0000,0.0705854,0.0389041,-0.0539384,-0.0062692
2584.5000,0.0704821,0.0388459,-0.0538645,-0.0062558
2585.0000,0.0703779,0.0387872,-0.0537901,-0.0062423
2585.5000,0.0702727,0.0387280,-0.0537149,-0.0062287
2586.0000,0.0701666,0.0386684,-0.0536390,-0.0062150
2586.5000,0.0700596,0.0386082,-0.0535625,-0.0062012
2587.0000,0.0699518,0.0385475,-0.0534852,-0.0061873
2587.5000,0.0698430,0.0384863,-0.0534073,-0.0061734
2588.0000,0.0697333,0.0384246,-0.0533287,-0.0061593
2588.5000,0.0696228,0.0383624,-0.0532495,-0.0061452
2589.0000,0.0695113,0.0382997,-0.0531695,-0.0061309
2589.5000,0.0693989,0.0382366,-0.0530889,-0.0061166
2590.0000,0.0692856,0.0381729,-0.0530076,-0.0061022
2590.5000,0.0691715,0.0381088,-0.0529256,-0.0060877
2591.0000,0.0690564,0.0380441,-0.0528430,-0.0060732
2591.5000,0.0689404,0.0379790,-0.0527596,-0.0060585
2592.0000,0.0688236,0.0379133,-0.0526756,-0.0060438
2592.5000,0.0687059,0.0378472,-0.0525909,-0.0060290
2593.0000,0.0685873,0.0377806,-0.0525055,-0.0060141
2593.5000,0.0684678,0.0377136,-0.0524195,-0.0059991
2594.0000,0.0683474,0.0376460,-0.0523328,-0.0059840
2594.5000,0.0682262,0.0375780,-0.0522454,-0.0059689
2595.0000,0.0681040,0.0375095,-0.0521573,-0.0059537
2595.5000,0.0679810,0.0374404,-0.0520686,-0.0059384
2596.0000,0.0678572,0.0373709,-0.0519793,-0.0059230
2596.5000,0.0677325,0.0373010,-0.0518892,-0.0059076
2597.0000,0.0676069,0.0372306,-0.0517985,-0.0058921
2597.5000,0.0674804,0.0371597,-0.0517071,-0.0058765
2598.0000,0.0673530,0.0370883,-0.0516150,-0.0058608
2598.5000,0.0672249,0.0370165,-0.0515223,-0.0058450
2599.0000,0.0670958,0.0369442,-0.0514290,-0.0058292
2599.5000,0.0669659,0.0368714,-0.0513349,-0.0058134
2600.0000,0.0668352,0.0367982,-0.0512402,-0.0057974
2600.5000,0.0667036,0.0367245,-0.0511449,-0.0057814
2601.0000,0.0665712,0.0366504,-0.0510489,-0.0057653
2601.5000,0.0664379,0.0365758,-0.0509522,-0.0057491
2602.0000,0.0663038,0.0365007,-0.0508549,-0.0057329
2602.5000,0.0661688,0.0364252,-0.0507569,-0.0057166
2603.0000,0.0660330,0.0363492,-0.0506583,-0.0057002
2603.5000,0.0658964,0.0362728,-0.0505591,-0.0056838
2604.0000,0.0657590,0.0361960,-0.0504592,-0.0056674
2604.5000,0.0656207,0.0361186,-0.0503586,-0.0056508
2605.0000,0.0654816,0.0360409,-0.0502574,-0.0056342
2605.5000,0.0653417,0.0359627,-0.0501556,-0.0056175
2606.0000,0.0652009,0.0358840,-0.0500531,-0.0056008
2606.5000,0.0650594,0.0358049,-0.0499500,-0.0055840
2607.0000,0.0649170,0.0357254,-0.0498462,-0.0055672
2607.5000,0.0647739,0.0356454,-0.0497418,-0.0055502
2608.0000,0.0646299,0.0355650,-0.0496368,-0.0055333
2608.5000,0.0644851,0.0354842,-0.0495311,-0.0055163
2609.0000,0.0643396,0.0354029,-0.0494248,-0.0054992
2609.5000,0.0641932,0.0353212,-0.0493179,-0.0054821
2610.0000,0.0640461,0.0352391,-0.0492103,-0.0054649
2610.5000,0.0638982,0.0351566,-0.0491022,-0.0054477
2611.0000,0.0637494,0.0350736,-0.0489934,-0.0054304
2611.5000,0.0636000,0.0349902,-0.0488840,-0.0054131
2612.0000,0.0634497,0.0349064,-0.0487740,-0.0053957
2612.5000,0.0632987,0.0348222,-0.0486633,-0.0053782
2613.0000,0.0631469,0.0347376,-0.0485521,-0.0053608
2613.5000,0.0629943,0.0346525,-0.0484402,-0.0053432
2614.0000,0.0628410,0.0345671,-0.0483277,-0.0053257
2614.5000,0.0626869,0.0344812,-0.0482146,-0.0053080
2615.0000,0.0625321,0.0343949,-0.0481009,-0.0052904
2615.5000,0.0623764,0.0343082,-0.0479866,-0.0052727
2616.0000,0.0622201,0.0342212,-0.0478717,-0.0052549
2616.5000,0.0620630,0.0341337,-0.0477562,-0.0052371
2617.0000,0.0619052,0.0340458,-0.0476401,-0.0052193
2617.5000,0.0617467,0.0339576,-0.0475235,-0.0052014
2618.0000,0.0615874,0.0338689,-0.0474062,-0.0051835
2618.5000,0.0614273,0.0337799,-0.0472883,-0.0051656
2619.0000,0.0612667,0.0336905,-0.0471699,-0.0051476
2619.5000,0.0611052,0.0336007,-0.0470509,-0.0051295
2620.0000,0.0609431,0.0335105,-0.0469312,-0.0051115
2620.5000,0.0607802,0.0334199,-0.0468111,-0.0050934
2621.0000,0.0606167,0.0333290,-0.0466904,-0.0050752
2621.5000,0.0604525,0.0332377,-0.0465690,-0.0050571
2622.0000,0.0602875,0.0331460,-0.0464471,-0.0050389
2622.5000,0.0601219,0.0330540,-0.0463247,-0.0050207
2623.0000,0.0599556,0.0329615,-0.0462017,-0.0050024
2623.5000,0.0597886,0.0328688,-0.0460781,-0.0049841
2624.0000,0.0596209,0.0327756,-0.0459540,-0.0049658
2624.5000,0.0594526,0.0326821,-0.0458293,-0.0049474
2625.0000,0.0592836,0.0325883,-0.0457041,-0.0049291
2625.5000,0.0591139,0.0324941,-0.0455783,-0.0049107
2626.0000,0.0589436,0.0323995,-0.0454520,-0.0048922
2626.5000,0.0587727,0.0323047,-0.0453252,-0.0048738
2627.0000,0.0586010,0.0322094,-0.0451978,-0.0048553
2627.5000,0.0584288,0.0321138,-0.0450699,-0.0048368
2628.0000,0.0582559,0.0320179,-0.0449414,-0.0048183
2628.5000,0.0580824,0.0319217,-0.0448125,-0.0047997
2629.0000,0.0579083,0.0318251,-0.0446829,-0.0047812
2629.5000,0.0577335,0.0317282,-0.0445530,-0.0047626
2630.0000,0.0575582,0.0316310,-0.0444224,-0.0047440
2630.5000,0.0573822,0.0315334,-0.0442914,-0.0047254
2631.0000,0.0572056,0.0314356,-0.0441598,-0.0047068
2631.5000,0.0570284,0.0313374,-0.0440278,-0.0046881
2632.0000,0.0568507,0.0312389,-0.0438952,-0.0046695
2632.5000,0.0566723,0.0311401,-0.0437622,-0.0046508
2633.0000,0.0564934,0.0310409,-0.0436287,-0.0046321
2633.5000,0.0563139,0.0309415,-0.0434947,-0.0046134
2634.0000,0.0561339,0.0308418,-0.0433602,-0.0045946
2634.5000,0.0559533,0.0307418,-0.0432253,-0.0045759
2635.0000,0.0557721,0.0306415,-0.0430898,-0.0045572
2635.5000,0.0555903,0.0305409,-0.0429539,-0.0045384
2636.0000,0.0554081,0.0304400,-0.0428175,-0.0045197
2636.5000,0.0552252,0.0303389,-0.0426807,-0.0045009
2637.0000,0.0550419,0.0302375,-0.0425434,-0.0044821
2637.5000,0.0548581,0.0301357,-0.0424057,-0.0044633
2638.0000,0.0546737,0.0300338,-0.0422675,-0.0044446
2638.5000,0.0544888,0.0299315,-0.0421288,-0.0044258
2639.0000,0.0543034,0.0298289,-0.0419897,-0.0044070
2639.5000,0.0541175,0.0297261,-0.0418502,-0.0043881
2640.0000,0.0539311,0.0296231,-0.0417103,-0.0043694
2640.5000,0.0537442,0.0295198,-0.0415699,-0.0043506
2641.0000,0.0535569,0.0294162,-0.0414291,-0.0043318
2641.5000,0.0533690,0.0293124,-0.0412879,-0.0043129
2642.0000,0.0531807,0.0292084,-0.0411463,-0.0042941
2642.5000,0.0529919,0.0291041,-0.0410043,-0.0042753
2643.0000,0.0528026,0.0289995,-0.0408618,-0.0042566
2643.5000,0.0526130,0.0288948,-0.0407190,-0.0042378
2644.0000,0.0524229,0.0287898,-0.0405758,-0.0042190
2644.5000,0.0522324,0.0286846,-0.0404323,-0.0042002
2645.0000,0.0520415,0.0285792,-0.0402883,-0.0041814
2645.5000,0.0518500,0.0284735,-0.0401440,-0.0041626
2646.0000,0.0516583,0.0283677,-0.0399993,-0.0041439
2646.5000,0.0514660,0.0282616,-0.0398542,-0.0041251
2647.0000,0.0512734,0.0281553,-0.0397087,-0.0041063
2647.5000,0.0510804,0.0280488,-0.0395629,-0.0040876
2648.0000,0.0508871,0.0279421,-0.0394168,-0.0040689
2648.5000,0.0506933,0.0278352,-0.0392703,-0.0040501
2649.0000,0.0504991,0.0277281,-0.0391235,-0.0040314
2649.5000,0.0503046,0.0276208,-0.0389763,-0.0040127
2650.0000,0.0501098,0.0275134,-0.0388288,-0.0039940
2650.5000,0.0499146,0.0274057,-0.0386810,-0.0039754
2651.0000,0.0497190,0.0272979,-0.0385329,-0.0039567
2651.5000,0.0495232,0.0271900,-0.0383844,-0.0039381
2652.0000,0.0493270,0.0270818,-0.0382357,-0.0039194
2652.5000,0.0491304,0.0269735,-0.0380867,-0.0039008
2653.0000,0.0489336,0.0268650,-0.0379373,-0.0038822
2653.5000,0.0487365,0.0267564,-0.0377877,-0.0038636
2654.0000,0.0485390,0.0266476,-0.0376378,-0.0038451
2654.5000,0.0483413,0.0265387,-0.0374877,-0.0038265
2655.0000,0.0481433,0.0264296,-0.0373372,-0.0038080
2655.5000,0.0479450,0.0263204,-0.0371865,-0.0037895
2656.0000,0.0477465,0.0262111,-0.0370356,-0.0037710
2656.5000,0.0475478,0.0261016,-0.0368843,-0.0037526
2657.0000,0.0473487,0.0259920,-0.0367329,-0.0037341
2657.5000,0.0471494,0.0258823,-0.0365812,-0.0037157
2658.0000,0.0469499,0.0257725,-0.0364292,-0.0036973
2658.5000,0.0467502,0.0256625,-0.0362771,-0.0036789
2659.0000,0.0465502,0.0255525,-0.0361247,-0.0036606
2659.5000,0.0463500,0.0254423,-0.0359721,-0.0036423
2660.0000,0.0461496,0.0253320,-0.0358193,-0.0036240
2660.5000,0.0459490,0.0252216,-0.0356662,-0.0036057
2661.0000,0.0457483,0.0251112,-0.0355131,-0.0035875
2661.5000,0.0455473,0.0250006,-0.0353596,-0.0035693
2662.0000,0.0453462,0.0248900,-0.0352061,-0.0035511
2662.5000,0.0451450,0.0247793,-0.0350523,-0.0035329
2663.0000,0.0449435,0.0246685,-0.0348984,-0.0035148
2663.5000,0.0447420,0.0245577,-0.0347443,-0.0034967
2664.0000,0.0445402,0.0244468,-0.0345900,-0.0034787
2664.5000,0.0443384,0.0243358,-0.0344356,-0.0034606
2665.0000,0.0441365,0.0242247,-0.0342811,-0.0034426
2665.5000,0.0439345,0.0241137,-0.0341264,-0.0034247
2666.0000,0.0437323,0.0240025,-0.0339716,-0.0034067
2666.5000,0.0435300,0.0238913,-0.0338167,-0.0033888
2667.0000,0.0433276,0.0237801,-0.0336616,-0.0033710
2667.5000,0.0431253,0.0236689,-0.0335065,-0.0033532
2668.0000,0.0429227,0.0235576,-0.0333512,-0.0033353
2668.5000,0.0427201,0.0234463,-0.0331958,-0.0033176
2669.0000,0.0425175,0.0233350,-0.0330404,-0.0032999
2669.5000,0.0423149,0.0232236,-0.0328848,-0.0032822
2670.0000,0.0421122,0.0231123,-0.0327292,-0.0032645
2670.5000,0.0419095,0.0230009,-0.0325735,-0.0032469
2671.0000,0.0417067,0.0228895,-0.0324177,-0.0032293
2671.5000,0.0415039,0.0227781,-0.0322619,-0.0032118
2672.0000,0.0413011,0.0226668,-0.0321060,-0.0031943
2672.5000,0.0410983,0.0225554,-0.0319501,-0.0031769
2673.0000,0.0408956,0.0224441,-0.0317942,-0.0031594
2673.5000,0.0406928,0.0223327,-0.0316382,-0.0031421
2674.0000,0.0404901,0.0222215,-0.0314822,-0.0031247
2674.5000,0.0402875,0.0221102,-0.0313262,-0.0031074
2675.0000,0.0400848,0.0219989,-0.0311701,-0.0030902
2675.5000,0.0398823,0.0218877,-0.0310141,-0.0030730
2676.0000,0.0396798,0.0217766,-0.0308580,-0.0030558
2676.5000,0.0394773,0.0216655,-0.0307020,-0.0030387
2677.0000,0.0392750,0.0215544,-0.0305460,-0.0030216
2677.5000,0.0390727,0.0214434,-0.0303900,-0.0030046
2678.0000,0.0388706,0.0213325,-0.0302340,-0.0029876
2678.5000,0.0386685,0.0212216,-0.0300781,-0.0029707
2679.0000,0.0384665,0.0211107,-0.0299222,-0.0029537
2679.5000,0.0382647,0.0210000,-0.0297664,-0.0029369
2680.0000,0.0380629,0.0208893,-0.0296106,-0.0029201
2680.5000,0.0378614,0.0207787,-0.0294549,-0.0029033
2681.0000,0.0376599,0.0206682,-0.0292992,-0.0028866
2681.5000,0.0374587,0.0205578,-0.0291437,-0.0028700
2682.0000,0.0372576,0.0204475,-0.0289882,-0.0028533
2682.5000,0.0370566,0.0203373,-0.0288328,-0.0028368
2683.0000,0.0368558,0.0202272,-0.0286775,-0.0028203
2683.5000,0.0366552,0.0201172,-0.0285223,-0.0028038
2684.0000,0.0364548,0.0200072,-0.0283672,-0.0027874
2684.5000,0.0362546,0.0198974,-0.0282122,-0.0027710
2685.0000,0.0360546,0.0197878,-0.0280574,-0.0027546
2685.5000,0.0358549,0.0196782,-0.0279027,-0.0027384
2686.0000,0.0356554,0.0195689,-0.0277482,-0.0027222
2686.5000,0.0354561,0.0194596,-0.0275937,-0.0027060
2687.0000,0.0352570,0.0193504,-0.0274394,-0.0026899
2687.5000,0.0350583,0.0192414,-0.0272853,-0.0026738
2688.0000,0.0348597,0.0191326,-0.0271314,-0.0026578
2688.5000,0.0346614,0.0190238,-0.0269776,-0.0026418
2689.0000,0.0344634,0.0189153,-0.0268239,-0.0026259
2689.5000,0.0342656,0.0188069,-0.0266705,-0.0026100
2690.0000,0.0340682,0.0186987,-0.0265173,-0.0025942
2690.5000,0.0338711,0.0185907,-0.0263642,-0.0025785
2691.0000,0.0336742,0.0184828,-0.0262114,-0.0025628
2691.5000,0.0334777,0.0183751,-0.0260587,-0.0025471
2692.0000,0.0332815,0.0182675,-0.0259063,-0.0025315
2692.5000,0.0330856,0.0181601,-0.0257541,-0.0025160
2693.0000,0.0328901,0.0180530,-0.0256022,-0.0025005
2693.5000,0.0326948,0.0179460,-0.0254504,-0.0024850
2694.0000,0.0325001,0.0178393,-0.0252990,-0.0024697
2694.5000,0.0323055,0.0177327,-0.0251477,-0.0024543
2695.0000,0.0321114,0.0176263,-0.0249967,-0.0024391
2695.5000,0.0319176,0.0175201,-0.0248460,-0.0024239
2696.0000,0.0317243,0.0174142,-0.0246955,-0.0024087
2696.5000,0.0315313,0.0173084,-0.0245453,-0.0023936
2697.0000,0.0313387,0.0172029,-0.0243954,-0.0023786
2697.5000,0.0311466,0.0170976,-0.0242458,-0.0023636
2698.0000,0.0309548,0.0169926,-0.0240964,-0.0023486
2698.5000,0.0307635,0.0168878,-0.0239474,-0.0023338
2699.0000,0.0305725,0.0167831,-0.0237986,-0.0023190
2699.5000,0.0303819,0.0166788,-0.0236502,-0.0023042
2700.0000,0.0301918,0.0165746,-0.0235020,-0.0022895
2700.5000,0.0300022,0.0164707,-0.0233542,-0.0022749
2701.0000,0.0298131,0.0163671,-0.0232068,-0.0022603
2701.5000,0.0296243,0.0162637,-0.0230596,-0.0022457
2702.0000,0.0294360,0.0161606,-0.0229128,-0.0022312
2702.5000,0.0292482,0.0160577,-0.0227663,-0.0022168
2703.0000,0.0290609,0.0159551,-0.0226202,-0.0022025
2703.5000,0.0288740,0.0158528,-0.0224743,-0.0021882
2704.0000,0.0286877,0.0157507,-0.0223289,-0.0021739
2704.5000,0.0285018,0.0156489,-0.0221838,-0.0021598
2705.0000,0.0283165,0.0155474,-0.0220391,-0.0021456
2705.5000,0.0281316,0.0154461,-0.0218948,-0.0021316
2706.0000,0.0279473,0.0153451,-0.0217509,-0.0021176
2706.5000,0.0277634,0.0152444,-0.0216073,-0.0021036
2707.0000,0.0275801,0.0151441,-0.0214641,-0.0020897
2707.5000,0.0273974,0.0150440,-0.0213214,-0.0020759
2708.0000,0.0272151,0.0149441,-0.0211789,-0.0020621
2708.5000,0.0270334,0.0148446,-0.0210369,-0.0020484
2709.0000,0.0268523,0.0147455,-0.0208954,-0.0020347
2709.5000,0.0266717,0.0146465,-0.0207542,-0.0020211
2710.0000,0.0264917,0.0145480,-0.0206135,-0.0020076
2710.5000,0.0263122,0.0144497,-0.0204732,-0.0019941
2711.0000,0.0261333,0.0143517,-0.0203333,-0.0019807
2711.5000,0.0259550,0.0142541,-0.0201938,-0.0019674
2712.0000,0.0257773,0.0141567,-0.0200548,-0.0019541
2712.5000,0.0256001,0.0140597,-0.0199162,-0.0019409
2713.0000,0.0254236,0.0139630,-0.0197781,-0.0019277
2713.5000,0.0252476,0.0138667,-0.0196404,-0.0019146
2714.0000,0.0250722,0.0137707,-0.0195031,-0.0019015
2714.5000,0.0248975,0.0136750,-0.0193664,-0.0018885
2715.0000,0.0247233,0.0135796,-0.0192301,-0.0018756
2715.5000,0.0245498,0.0134845,-0.0190942,-0.0018627
2716.0000,0.0243769,0.0133898,-0.0189588,-0.0018499
2716.5000,0.0242046,0.0132955,-0.0188239,-0.0018371
2717.0000,0.0240329,0.0132015,-0.0186895,-0.0018244
2717.5000,0.0238620,0.0131079,-0.0185556,-0.0018118
2718.0000,0.0236916,0.0130146,-0.0184221,-0.0017992
2718.5000,0.0235218,0.0129216,-0.0182892,-0.0017867
2719.0000,0.0233527,0.0128290,-0.0181567,-0.0017742
2719.5000,0.0231843,0.0127368,-0.0180247,-0.0017619
2720.0000,0.0230165,0.0126449,-0.0178932,-0.0017495
2720.5000,0.0228494,0.0125534,-0.0177623,-0.0017372
2721.0000,0.0226829,0.0124622,-0.0176318,-0.0017250
2721.5000,0.0225171,0.0123714,-0.0175019,-0.0017129
2722.0000,0.0223520,0.0122810,-0.0173725,-0.0017008
2722.5000,0.0221876,0.0121909,-0.0172436,-0.0016887
2723.0000,0.0220238,0.0121012,-0.0171151,-0.0016768
2723.5000,0.0218607,0.0120119,-0.0169873,-0.0016648
2724.0000,0.0216983,0.0119230,-0.0168599,-0.0016530
2724.5000,0.0215366,0.0118344,-0.0167331,-0.0016412
2725.0000,0.0213756,0.0117463,-0.0166068,-0.0016295
2725.5000,0.0212152,0.0116584,-0.0164811,-0.0016178
2726.0000,0.0210556,0.0115710,-0.0163559,-0.0016062
2726.5000,0.0208967,0.0114840,-0.0162312,-0.0015946
2727.0000,0.0207385,0.0113974,-0.0161072,-0.0015831
2727.5000,0.0205809,0.0113111,-0.0159836,-0.0015717
2728.0000,0.0204241,0.0112252,-0.0158606,-0.0015603
2728.5000,0.0202680,0.0111397,-0.0157381,-0.0015490
2729.0000,0.0201127,0.0110546,-0.0156162,-0.0015377
2729.5000,0.0199580,0.0109699,-0.0154948,-0.0015265
2730.0000,0.0198040,0.0108856,-0.0153740,-0.0015154
2730.5000,0.0196508,0.0108017,-0.0152538,-0.0015043
2731.0000,0.0194983,0.0107181,-0.0151341,-0.0014933
2731.5000,0.0193466,0.0106350,-0.0150150,-0.0014823
2732.0000,0.0191955,0.0105523,-0.0148965,-0.0014714
2732.5000,0.0190452,0.0104700,-0.0147785,-0.0014605
2733.0000,0.0188956,0.0103880,-0.0146611,-0.0014498
2733.5000,0.0187468,0.0103065,-0.0145443,-0.0014390
2734.0000,0.0185987,0.0102254,-0.0144280,-0.0014284
2734.5000,0.0184513,0.0101447,-0.0143124,-0.0014177
2735.0000,0.0183047,0.0100644,-0.0141973,-0.0014072
2735.5000,0.0181589,0.0099845,-0.0140827,-0.0013967
2736.0000,0.0180137,0.0099050,-0.0139688,-0.0013863
2736.5000,0.0178693,0.0098258,-0.0138554,-0.0013759
2737.0000,0.0177256,0.0097472,-0.0137426,-0.0013656
2737.5000,0.0175828,0.0096689,-0.0136305,-0.0013553
2738.0000,0.0174406,0.0095910,-0.0135188,-0.0013451
2738.5000,0.0172992,0.0095136,-0.0134078,-0.0013349
2739.0000,0.0171586,0.0094365,-0.0132974,-0.0013248
2739.5000,0.0170187,0.0093599,-0.0131876,-0.0013148
2740.0000,0.0168795,0.0092836,-0.0130783,-0.0013048
2740.5000,0.0167411,0.0092078,-0.0129697,-0.0012949
2741.0000,0.0166035,0.0091324,-0.0128616,-0.0012850
2741.5000,0.0164667,0.0090574,-0.0127542,-0.0012752
2742.0000,0.0163306,0.0089829,-0.0126473,-0.0012655
2742.5000,0.0161952,0.0089087,-0.0125410,-0.0012558
2743.0000,0.0160606,0.0088349,-0.0124353,-0.0012462
2743.5000,0.0159268,0.0087616,-0.0123303,-0.0012366
2744.0000,0.0157937,0.0086887,-0.0122258,-0.0012270
2744.5000,0.0156614,0.0086162,-0.0121219,-0.0012176
2745.0000,0.0155298,0.0085441,-0.0120186,-0.0012081
2745.5000,0.0153991,0.0084724,-0.0119159,-0.0011988
2746.0000,0.0152690,0.0084012,-0.0118138,-0.0011895
2746.5000,0.0151398,0.0083303,-0.0117123,-0.0011803
2747.0000,0.0150112,0.0082599,-0.0116114,-0.0011711
2747.5000,0.0148835,0.0081899,-0.0115111,-0.0011619
2748.0000,0.0147565,0.0081203,-0.0114114,-0.0011528
2748.5000,0.0146302,0.0080511,-0.0113123,-0.0011438
2749.0000,0.0145048,0.0079823,-0.0112138,-0.0011348
2749.5000,0.0143800,0.0079139,-0.0111158,-0.0011259
2750.0000,0.0142562,0.0078461,-0.0110186,-0.0011171
2750.5000,0.0141330,0.0077785,-0.0109219,-0.0011083
2751.0000,0.0140106,0.0077114,-0.0108258,-0.0010995
2751.5000,0.0138889,0.0076448,-0.0107303,-0.0010908
2752.0000,0.0137680,0.0075785,-0.0106354,-0.0010822
2752.5000,0.0136478,0.0075126,-0.0105411,-0.0010736
2753.0000,0.0135284,0.0074471,-0.0104474,-0.0010650
2753.5000,0.0134097,0.0073821,-0.0103542,-0.0010565
2754.0000,0.0132919,0.0073174,-0.0102617,-0.0010481
2754.5000,0.0131747,0.0072532,-0.0101698,-0.0010397
2755.0000,0.0130583,0.0071894,-0.0100784,-0.0010314
2755.5000,0.0129427,0.0071260,-0.0099877,-0.0010231
2756.0000,0.0128278,0.0070630,-0.0098975,-0.0010149
2756.5000,0.0127136,0.0070004,-0.0098080,-0.0010067
2757.0000,0.0126003,0.0069382,-0.0097190,-0.0009986
2757.5000,0.0124877,0.0068765,-0.0096307,-0.0009905
2758.0000,0.0123757,0.0068151,-0.0095429,-0.0009825
2758.5000,0.0122646,0.0067541,-0.0094557,-0.0009745
2759.0000,0.0121541,0.0066936,-0.0093691,-0.0009666
2759.5000,0.0120445,0.0066335,-0.0092830,-0.0009588
2760.0000,0.0119355,0.0065737,-0.0091976,-0.0009510
2760.5000,0.0118273,0.0065144,-0.0091127,-0.0009432
2761.0000,0.0117199,0.0064554,-0.0090285,-0.0009355
2761.5000,0.0116132,0.0063969,-0.0089448,-0.0009278
2762.0000,0.0115072,0.0063388,-0.0088617,-0.0009202
2762.5000,0.0114019,0.0062810,-0.0087792,-0.0009126
2763.0000,0.0112974,0.0062237,-0.0086972,-0.0009051
2763.5000,0.0111936,0.0061668,-0.0086158,-0.0008977
2764.0000,0.0110905,0.0061102,-0.0085350,-0.0008903
2764.5000,0.0109882,0.0060541,-0.0084548,-0.0008829
2765.0000,0.0108866,0.0059983,-0.0083752,-0.0008756
2765.5000,0.0107857,0.0059430,-0.0082961,-0.0008683
2766.0000,0.0106855,0.0058880,-0.0082176,-0.0008611
2766.5000,0.0105860,0.0058335,-0.0081397,-0.0008539
2767.0000,0.0104873,0.0057793,-0.0080623,-0.0008468
2767.5000,0.0103893,0.0057255,-0.0079855,-0.0008397
2768.0000,0.0102920,0.0056721,-0.0079093,-0.0008327
2768.5000,0.0101953,0.0056191,-0.0078336,-0.0008257
2769.0000,0.0100994,0.0055664,-0.0077585,-0.0008188
2769.5000,0.0100042,0.0055142,-0.0076839,-0.0008119
2770.0000,0.0099097,0.0054623,-0.0076099,-0.0008051
2770.5000,0.0098159,0.0054108,-0.0075364,-0.0007983
2771.0000,0.0097227,0.0053597,-0.0074635,-0.0007915
2771.5000,0.0096303,0.0053090,-0.0073912,-0.0007848
2772.0000,0.0095386,0.0052586,-0.0073194,-0.0007782
2772.5000,0.0094476,0.0052087,-0.0072481,-0.0007716
2773.0000,0.0093572,0.0051591,-0.0071774,-0.0007650
2773.5000,0.0092676,0.0051098,-0.0071072,-0.0007585
2774.0000,0.0091786,0.0050610,-0.0070377,-0.0007521
2774.5000,0.0090903,0.0050125,-0.0069686,-0.0007456
2775.0000,0.0090027,0.0049645,-0.0069000,-0.0007392
2775.5000,0.0089158,0.0049167,-0.0068320,-0.0007329
2776.0000,0.0088294,0.0048693,-0.0067645,-0.0007266
2776.5000,0.0087439,0.0048223,-0.0066976,-0.0007204
2777.0000,0.0086589,0.0047757,-0.0066312,-0.0007142
2777.5000,0.0085746,0.0047294,-0.0065653,-0.0007080
2778.0000,0.0084910,0.0046835,-0.0064999,-0.0007019
2778.5000,0.0084080,0.0046379,-0.0064350,-0.0006958
2779.0000,0.0083257,0.0045927,-0.0063707,-0.0006898
2779.5000,0.0082440,0.0045478,-0.0063069,-0.0006838
2780.0000,0.0081630,0.0045033,-0.0062436,-0.0006779
2780.5000,0.0080826,0.0044592,-0.0061808,-0.0006720
2781.0000,0.0080028,0.0044154,-0.0061185,-0.0006661
2781.5000,0.0079238,0.0043720,-0.0060567,-0.0006603
2782.0000,0.0078454,0.0043289,-0.0059955,-0.0006546
2782.5000,0.0077675,0.0042862,-0.0059347,-0.0006489
2783.0000,0.0076903,0.0042437,-0.0058744,-0.0006432
2783.5000,0.0076138,0.0042017,-0.0058147,-0.0006375
2784.0000,0.0075378,0.0041600,-0.0057554,-0.0006319
2784.5000,0.0074625,0.0041186,-0.0056966,-0.0006264
2785.0000,0.0073878,0.0040776,-0.0056384,-0.0006208
2785.5000,0.0073137,0.0040368,-0.0055806,-0.0006153
2786.0000,0.0072403,0.0039965,-0.0055233,-0.0006099
2786.5000,0.0071674,0.0039564,-0.0054665,-0.0006045
2787.0000,0.0070951,0.0039167,-0.0054101,-0.0005991
2787.5000,0.0070235,0.0038773,-0.0053542,-0.0005938
2788.0000,0.0069524,0.0038383,-0.0052988,-0.0005885
2788.5000,0.0068820,0.0037995,-0.0052439,-0.0005833
2789.0000,0.0068121,0.0037611,-0.0051895,-0.0005781
2789.5000,0.0067429,0.0037231,-0.0051355,-0.0005729
2790.0000,0.0066742,0.0036854,-0.0050820,-0.0005678
2790.5000,0.0066061,0.0036479,-0.0050290,-0.0005627
2791.0000,0.0065386,0.0036108,-0.0049764,-0.0005577
2791.5000,0.0064716,0.0035740,-0.0049242,-0.0005526
2792.0000,0.0064052,0.0035375,-0.0048725,-0.0005477
2792.5000,0.0063395,0.0035013,-0.0048214,-0.0005428
2793.0000,0.0062742,0.0034655,-0.0047706,-0.0005379
2793.5000,0.0062096,0.0034299,-0.0047203,-0.0005330
2794.0000,0.0061455,0.0033947,-0.0046704,-0.0005282
2794.5000,0.0060819,0.0033597,-0.0046210,-0.0005234
2795.0000,0.0060189,0.0033251,-0.0045720,-0.0005186
2795.5000,0.0059565,0.0032908,-0.0045234,-0.0005139
2796.0000,0.0058946,0.0032567,-0.0044753,-0.0005093
2796.5000,0.0058332,0.0032230,-0.0044276,-0.0005046
2797.0000,0.0057725,0.0031895,-0.0043804,-0.0005000
2797.5000,0.0057122,0.0031564,-0.0043335,-0.0004954
2798.0000,0.0056525,0.0031235,-0.0042871,-0.0004909
2798.5000,0.0055934,0.0030910,-0.0042412,-0.0004864
2799.0000,0.0055346,0.0030587,-0.0041956,-0.0004819
2799.5000,0.0054765,0.0030267,-0.0041504,-0.0004775
2800.0000,0.0054189,0.0029950,-0.0041057,-0.0004731
2800.5000,0.0053617,0.0029636,-0.0040614,-0.0004688
2801.0000,0.0053052,0.0029324,-0.0040175,-0.0004644
2801.5000,0.0052491,0.0029016,-0.0039739,-0.0004602
2802.0000,0.0051935,0.0028710,-0.0039308,-0.0004559
2802.5000,0.0051385,0.0028407,-0.0038881,-0.0004517
2803.0000,0.0050839,0.0028107,-0.0038458,-0.0004475
2803.5000,0.0050298,0.0027809,-0.0038039,-0.0004433
2804.0000,0.0049762,0.0027514,-0.0037623,-0.0004392
2804.5000,0.0049232,0.0027222,-0.0037212,-0.0004351
2805.0000,0.0048706,0.0026933,-0.0036805,-0.0004311
2805.5000,0.0048184,0.0026646,-0.0036401,-0.0004270
2806.0000,0.0047669,0.0026362,-0.0036001,-0.0004230
2806.5000,0.0047157,0.0026080,-0.0035605,-0.0004191
2807.0000,0.0046650,0.0025801,-0.0035213,-0.0004152
2807.5000,0.0046148,0.0025525,-0.0034824,-0.0004112
2808.0000,0.0045651,0.0025251,-0.0034439,-0.0004074
2808.5000,0.0045158,0.0024980,-0.0034058,-0.0004036
2809.0000,0.0044671,0.0024711,-0.0033681,-0.0003998
2809.5000,0.0044187,0.0024445,-0.0033307,-0.0003960
2810.0000,0.0043708,0.0024181,-0.0032936,-0.0003922
2810.5000,0.0043234,0.0023920,-0.0032569,-0.0003885
2811.0000,0.0042764,0.0023662,-0.0032207,-0.0003849
2811.5000,0.0042299,0.0023405,-0.0031847,-0.0003812
2812.0000,0.0041838,0.0023151,-0.0031491,-0.0003776
2812.5000,0.0041382,0.0022900,-0.0031138,-0.0003740
2813.0000,0.0040930,0.0022651,-0.0030789,-0.0003705
2813.5000,0.0040482,0.0022404,-0.0030443,-0.0003669
2814.0000,0.0040038,0.0022160,-0.0030101,-0.0003634
2814.5000,0.0039599,0.0021918,-0.0029762,-0.0003600
2815.0000,0.0039164,0.0021678,-0.0029426,-0.0003565
2815.5000,0.0038733,0.0021441,-0.0029094,-0.0003531
2816.0000,0.0038306,0.0021206,-0.0028765,-0.0003497
2816.5000,0.0037884,0.0020973,-0.0028439,-0.0003463
2817.0000,0.0037465,0.0020742,-0.0028116,-0.0003430
2817.5000,0.0037051,0.0020514,-0.0027797,-0.0003397
2818.0000,0.0036640,0.0020288,-0.0027481,-0.0003364
2818.5000,0.0036234,0.0020064,-0.0027167,-0.0003332
2819.0000,0.0035832,0.0019842,-0.0026858,-0.0003300
2819.5000,0.0035434,0.0019622,-0.0026551,-0.0003268
2820.0000,0.0035039,0.0019405,-0.0026248,-0.0003236
2820.5000,0.0034649,0.0019190,-0.0025947,-0.0003205
2821.0000,0.0034262,0.0018977,-0.0025650,-0.0003174
2821.5000,0.0033880,0.0018766,-0.0025355,-0.0003143
2822.0000,0.0033500,0.0018557,-0.0025064,-0.0003112
2822.5000,0.0033126,0.0018350,-0.0024776,-0.0003082
2823.0000,0.0032754,0.0018145,-0.0024490,-0.0003052
2823.5000,0.0032387,0.0017942,-0.0024207,-0.0003022
2824.0000,0.0032022,0.0017741,-0.0023928,-0.0002992
2824.5000,0.0031661,0.0017543,-0.0023651,-0.0002963
2825.0000,0.0031305,0.0017346,-0.0023377,-0.0002934
2825.5000,0.0030951,0.0017151,-0.0023105,-0.0002905
2826.0000,0.0030602,0.0016958,-0.0022837,-0.0002877
2826.5000,0.0030256,0.0016767,-0.0022572,-0.0002848
2827.0000,0.0029913,0.0016578,-0.0022309,-0.0002820
2827.5000,0.0029574,0.0016391,-0.0022048,-0.0002793
2828.0000,0.0029238,0.0016206,-0.0021791,-0.0002765
2828.5000,0.0028906,0.0016022,-0.0021536,-0.0002738
2829.0000,0.0028577,0.0015841,-0.0021284,-0.0002711
2829.5000,0.0028251,0.0015661,-0.0021035,-0.0002684
2830.0000,0.0027929,0.0015484,-0.0020789,-0.0002657
2830.5000,0.0027611,0.0015307,-0.0020544,-0.0002631
2831.0000,0.0027295,0.0015133,-0.0020303,-0.0002604
2831.5000,0.0026983,0.0014961,-0.0020064,-0.0002579
2832.0000,0.0026673,0.0014790,-0.0019827,-0.0002553
2832.5000,0.0026367,0.0014621,-0.0019593,-0.0002527
2833.0000,0.0026064,0.0014454,-0.0019362,-0.0002502
2833.5000,0.0025764,0.0014288,-0.0019132,-0.0002477
2834.0000,0.0025468,0.0014125,-0.0018906,-0.0002452
2834.5000,0.0025175,0.0013963,-0.0018682,-0.0002428
2835.0000,0.0024884,0.0013802,-0.0018460,-0.0002403
2835.5000,0.0024597,0.0013644,-0.0018240,-0.0002379
2836.0000,0.0024312,0.0013487,-0.0018023,-0.0002355
2836.5000,0.0024030,0.0013331,-0.0017808,-0.0002331
2837.0000,0.0023752,0.0013177,-0.0017596,-0.0002308
2837.5000,0.0023477,0.0013025,-0.0017386,-0.0002285
2838.0000,0.0023204,0.0012875,-0.0017178,-0.0002262
2838.5000,0.0022935,0.0012726,-0.0016972,-0.0002239
2839.0000,0.0022668,0.0012578,-0.0016769,-0.0002216
2839.5000,0.0022404,0.0012433,-0.0016568,-0.0002194
2840.0000,0.0022143,0.0012288,-0.0016369,-0.0002171
2840.5000,0.0021884,0.0012145,-0.0016172,-0.0002149
2841.0000,0.0021628,0.0012004,-0.0015978,-0.0002127
2841.5000,0.0021375,0.0011865,-0.0015785,-0.0002106
2842.0000,0.0021125,0.0011726,-0.0015595,-0.0002084
2842.5000,0.0020878,0.0011590,-0.0015407,-0.0002063
2843.0000,0.0020633,0.0011454,-0.0015220,-0.0002042
2843.5000,0.0020390,0.0011320,-0.0015036,-0.0002021
2844.0000,0.0020150,0.0011188,-0.0014853,-0.0002001
2844.5000,0.0019913,0.0011057,-0.0014673,-0.0001980
2845.0000,0.0019679,0.0010927,-0.0014495,-0.0001960
2845.5000,0.0019447,0.0010799,-0.0014319,-0.0001940
2846.0000,0.0019217,0.0010672,-0.0014145,-0.0001920
2846.5000,0.0018990,0.0010547,-0.0013973,-0.0001900
2847.0000,0.0018765,0.0010422,-0.0013802,-0.0001880
2847.5000,0.0018543,0.0010299,-0.0013634,-0.0001861
2848.0000,0.0018324,0.0010178,-0.0013467,-0.0001842
2848.5000,0.0018106,0.0010058,-0.0013302,-0.0001823
2849.0000,0.0017891,0.0009939,-0.0013140,-0.0001804
2849.5000,0.0017679,0.0009821,-0.0012979,-0.0001785
2850.0000,0.0017468,0.0009705,-0.0012819,-0.0001767
2850.5000,0.0017259,0.0009590,-0.0012661,-0.0001748
2851.0000,0.0017054,0.0009476,-0.0012506,-0.0001730
2851.5000,0.0016850,0.0009363,-0.0012352,-0.0001712
2852.0000,0.0016649,0.0009252,-0.0012200,-0.0001694
2852.5000,0.0016450,0.0009141,-0.0012049,-0.0001677
2853.0000,0.0016253,0.0009033,-0.0011900,-0.0001659
2853.5000,0.0016058,0.0008925,-0.0011753,-0.0001642
2854.0000,0.0015865,0.0008818,-0.0011608,-0.0001625
2854.5000,0.0015675,0.0008713,-0.0011464,-0.0001607
2855.0000,0.0015486,0.0008609,-0.0011322,-0.0001591
2855.5000,0.0015301,0.0008506,-0.0011182,-0.0001574
2856.0000,0.0015116,0.0008404,-0.0011043,-0.0001557
2856.5000,0.0014934,0.0008303,-0.0010906,-0.0001541
2857.0000,0.0014754,0.0008203,-0.0010770,-0.0001525
2857.5000,0.0014576,0.0008105,-0.0010636,-0.0001509
2858.0000,0.0014400,0.0008007,-0.0010503,-0.0001493
2858.5000,0.0014225,0.0007910,-0.0010372,-0.0001477
2859.0000,0.0014053,0.0007815,-0.0010242,-0.0001461
2859.5000,0.0013883,0.0007721,-0.0010114,-0.0001446
2860.0000,0.0013714,0.0007628,-0.0009987,-0.0001431
2860.5000,0.0013548,0.0007536,-0.0009862,-0.0001415
2861.0000,0.0013384,0.0007444,-0.0009739,-0.0001400
2861.5000,0.0013221,0.0007354,-0.0009616,-0.0001385
2862.0000,0.0013060,0.0007265,-0.0009496,-0.0001371
2862.5000,0.0012901,0.0007177,-0.0009376,-0.0001356
2863.0000,0.0012744,0.0007090,-0.0009258,-0.0001342
2863.5000,0.0012588,0.0007003,-0.0009141,-0.0001327
2864.0000,0.0012434,0.0006918,-0.0009026,-0.0001313
2864.5000,0.0012282,0.0006834,-0.0008912,-0.0001299
2865.0000,0.0012132,0.0006751,-0.0008800,-0.0001285
2865.5000,0.0011983,0.0006669,-0.0008688,-0.0001271
2866.0000,0.0011836,0.0006588,-0.0008578,-0.0001258
2866.5000,0.0011691,0.0006507,-0.0008470,-0.0001244
2867.0000,0.0011547,0.0006427,-0.0008362,-0.0001231
2867.5000,0.0011406,0.0006348,-0.0008256,-0.0001218
2868.0000,0.0011266,0.0006271,-0.0008151,-0.0001204
2868.5000,0.0011127,0.0006194,-0.0008048,-0.0001191
2869.0000,0.0010990,0.0006118,-0.0007946,-0.0001179
2869.5000,0.0010855,0.0006043,-0.0007844,-0.0001166
2870.0000,0.0010721,0.0005969,-0.0007744,-0.0001153
2870.5000,0.0010588,0.0005896,-0.0007645,-0.0001141
2871.0000,0.0010458,0.0005823,-0.0007548,-0.0001128
2871.5000,0.0010328,0.0005751,-0.0007451,-0.0001116
2872.0000,0.0010200,0.0005680,-0.0007356,-0.0001104
2872.5000,0.0010074,0.0005610,-0.0007262,-0.0001092
2873.0000,0.0009949,0.0005541,-0.0007168,-0.0001080
2873.5000,0.0009825,0.0005473,-0.0007076,-0.0001069
2874.0000,0.0009704,0.0005405,-0.0006986,-0.0001057
2874.5000,0.0009583,0.0005338,-0.0006896,-0.0001045
2875.0000,0.0009464,0.0005272,-0.0006807,-0.0001034
2875.5000,0.0009346,0.0005206,-0.0006720,-0.0001023
2876.0000,0.0009229,0.0005142,-0.0006633,-0.0001012
2876.5000,0.0009114,0.0005078,-0.0006547,-0.0001001
2877.0000,0.0009000,0.0005015,-0.0006463,-0.0000990
2877.5000,0.0008888,0.0004952,-0.0006379,-0.0000979
2878.0000,0.0008776,0.0004891,-0.0006297,-0.0000968
2878.5000,0.0008667,0.0004830,-0.0006216,-0.0000957
2879.0000,0.0008558,0.0004770,-0.0006135,-0.0000947
2879.5000,0.0008451,0.0004710,-0.0006055,-0.0000936
2880.0000,0.0008345,0.0004651,-0.0005977,-0.0000926
2880.5000,0.0008241,0.0004593,-0.0005899,-0.0000916
2881.0000,0.0008137,0.0004536,-0.0005823,-0.0000906
2881.5000,0.0008035,0.0004479,-0.0005747,-0.0000896
2882.0000,0.0007933,0.0004422,-0.0005672,-0.0000886
2882.5000,0.0007833,0.0004367,-0.0005598,-0.0000876
2883.0000,0.0007735,0.0004312,-0.0005525,-0.0000866
2883.5000,0.0007637,0.0004257,-0.0005453,-0.0000856
2884.0000,0.0007541,0.0004204,-0.0005382,-0.0000847
2884.5000,0.0007446,0.0004152,-0.0005312,-0.0000838
2885.0000,0.0007351,0.0004099,-0.0005242,-0.0000828
2885.5000,0.0007259,0.0004048,-0.0005174,-0.0000819
2886.0000,0.0007167,0.0003997,-0.0005106,-0.0000810
2886.5000,0.0007076,0.0003946,-0.0005039,-0.0000801
2887.0000,0.0006986,0.0003896,-0.0004973,-0.0000792
2887.5000,0.0006897,0.0003847,-0.0004907,-0.0000783
2888.0000,0.0006809,0.0003798,-0.0004843,-0.0000774
2888.5000,0.0006723,0.0003750,-0.0004779,-0.0000765
2889.0000,0.0006637,0.0003703,-0.0004716,-0.0000757
2889.5000,0.0006553,0.0003656,-0.0004654,-0.0000748
2890.0000,0.0006470,0.0003609,-0.0004593,-0.0000740
2890.5000,0.0006387,0.0003563,-0.0004532,-0.0000731
2891.0000,0.0006305,0.0003518,-0.0004472,-0.0000723
2891.5000,0.0006225,0.0003474,-0.0004414,-0.0000715
2892.0000,0.0006146,0.0003429,-0.0004355,-0.0000707
2892.5000,0.0006067,0.0003386,-0.0004298,-0.0000699
2893.0000,0.0005990,0.0003343,-0.0004241,-0.0000691
2893.5000,0.0005913,0.0003300,-0.0004185,-0.0000683
2894.0000,0.0005837,0.0003258,-0.0004129,-0.0000675
2894.5000,0.0005762,0.0003216,-0.0004074,-0.0000668
2895.0000,0.0005688,0.0003175,-0.0004020,-0.0000660
2895.5000,0.0005615,0.0003134,-0.0003967,-0.0000653
2896.0000,0.0005543,0.0003094,-0.0003914,-0.0000645
2896.5000,0.0005472,0.0003055,-0.0003862,-0.0000638
2897.0000,0.0005401,0.0003016,-0.0003810,-0.0000631
2897.5000,0.0005332,0.0002977,-0.0003759,-0.0000623
2898.0000,0.0005263,0.0002939,-0.0003709,-0.0000616
2898.5000,0.0005196,0.0002901,-0.0003660,-0.0000609
2899.0000,0.0005129,0.0002864,-0.0003611,-0.0000602
2899.5000,0.0005062,0.0002827,-0.0003563,-0.0000595
2900.0000,0.0004997,0.0002791,-0.0003515,-0.0000589
2900.5000,0.0004933,0.0002755,-0.0003468,-0.0000582
2901.0000,0.0004868,0.0002719,-0.0003421,-0.0000575
2901.5000,0.0004805,0.0002684,-0.0003375,-0.0000568
2902.0000,0.0004742,0.0002649,-0.0003330,-0.0000562
2902.5000,0.0004681,0.0002615,-0.0003285,-0.0000555
2903.0000,0.0004620,0.0002582,-0.0003241,-0.0000549
2903.5000,0.0004560,0.0002548,-0.0003197,-0.0000543
2904.0000,0.0004501,0.0002515,-0.0003154,-0.0000536
2904.5000,0.0004442,0.0002482,-0.0003112,-0.0000530
2905.0000,0.0004384,0.0002450,-0.0003070,-0.0000524
2905.5000,0.0004327,0.0002418,-0.0003028,-0.0000518
2906.0000,0.0004271,0.0002387,-0.0002987,-0.0000512
2906.5000,0.0004215,0.0002356,-0.0002947,-0.0000506
2907.0000,0.0004160,0.0002325,-0.0002907,-0.0000500
2907.5000,0.0004105,0.0002295,-0.0002867,-0.0000494
2908.0000,0.0004051,0.0002265,-0.0002828,-0.0000488
2908.5000,0.0003998,0.0002235,-0.0002790,-0.0000483
2909.0000,0.0003946,0.0002206,-0.0002753,-0.0000477
2909.5000,0.0003894,0.0002177,-0.0002715,-0.0000472
2910.0000,0.0003843,0.0002149,-0.0002678,-0.0000466
2910.5000,0.0003793,0.0002121,-0.0002642,-0.0000461
2911.0000,0.0003743,0.0002093,-0.0002606,-0.0000455
2911.5000,0.0003694,0.0002066,-0.0002570,-0.0000450
2912.0000,0.0003645,0.0002039,-0.0002536,-0.0000444
2912.5000,0.0003598,0.0002012,-0.0002501,-0.0000439
2913.0000,0.0003550,0.0001986,-0.0002466,-0.0000434
2913.5000,0.0003503,0.0001960,-0.0002433,-0.0000429
2914.0000,0.0003457,0.0001934,-0.0002399,-0.0000424
2914.5000,0.0003411,0.0001908,-0.0002367,-0.0000419
2915.0000,0.0003366,0.0001883,-0.0002334,-0.0000414
2915.5000,0.0003321,0.0001858,-0.0002302,-0.0000409
2916.0000,0.0003277,0.0001834,-0.0002271,-0.0000404
2916.5000,0.0003234,0.0001809,-0.0002239,-0.0000399
2917.0000,0.0003191,0.0001786,-0.0002209,-0.0000395
2917.5000,0.0003149,0.0001762,-0.0002179,-0.0000390
2918.0000,0.0003107,0.0001739,-0.0002149,-0.0000385
2918.5000,0.0003066,0.0001716,-0.0002119,-0.0000381
2919.0000,0.0003025,0.0001693,-0.0002090,-0.0000376
2919.5000,0.0002985,0.0001671,-0.0002061,-0.0000371
2920.0000,0.0002945,0.0001648,-0.0002033,-0.0000367
2920.5000,0.0002906,0.0001627,-0.0002005,-0.0000363
2921.0000,0.0002867,0.0001605,-0.0001977,-0.0000358
2921.5000,0.0002829,0.0001584,-0.0001950,-0.0000354
2922.0000,0.0002791,0.0001563,-0.0001923,-0.0000350
2922.5000,0.0002754,0.0001542,-0.0001896,-0.0000346
2923.0000,0.0002717,0.0001521,-0.0001870,-0.0000341
2923.5000,0.0002681,0.0001501,-0.0001844,-0.0000337
2924.0000,0.0002645,0.0001481,-0.0001818,-0.0000333
2924.5000,0.0002609,0.0001461,-0.0001793,-0.0000329
2925.0000,0.0002574,0.0001442,-0.0001768,-0.0000325
2925.5000,0.0002539,0.0001422,-0.0001743,-0.0000321
2926.0000,0.0002505,0.0001403,-0.0001719,-0.0000317
2926.5000,0.0002471,0.0001384,-0.0001695,-0.0000313
2927.0000,0.0002438,0.0001366,-0.0001672,-0.0000310
2927.5000,0.0002405,0.0001347,-0.0001648,-0.0000306
2928.0000,0.0002373,0.0001329,-0.0001625,-0.0000302
2928.5000,0.0002340,0.0001311,-0.0001602,-0.0000298
2929.0000,0.0002309,0.0001293,-0.0001580,-0.0000295
2929.5000,0.0002277,0.0001276,-0.0001558,-0.0000291
2930.0000,0.0002247,0.0001259,-0.0001536,-0.0000288
2930.5000,0.0002217,0.0001242,-0.0001515,-0.0000284
2931.0000,0.0002186,0.0001225,-0.0001493,-0.0000280
2931.5000,0.0002156,0.0001208,-0.0001472,-0.0000277
2932.0000,0.0002127,0.0001192,-0.0001451,-0.0000274
2932.5000,0.0002098,0.0001176,-0.0001431,-0.0000270
2933.0000,0.0002070,0.0001160,-0.0001411,-0.0000267
2933.5000,0.0002042,0.0001144,-0.0001391,-0.0000263
2934.0000,0.0002014,0.0001129,-0.0001371,-0.0000261
2934.5000,0.0001987,0.0001114,-0.0001352,-0.0000257
2935.0000,0.0001960,0.0001098,-0.0001333,-0.0000254
2935.5000,0.0001933,0.0001083,-0.0001314,-0.0000251
2936.0000,0.0001906,0.0001069,-0.0001295,-0.0000248
2936.5000,0.0001880,0.0001054,-0.0001277,-0.0000245
2937.0000,0.0001854,0.0001040,-0.0001259,-0.0000242
2937.5000,0.0001829,0.0001026,-0.0001241,-0.0000239
2938.0000,0.0001804,0.0001012,-0.0001224,-0.0000236
2938.5000,0.0001779,0.0000998,-0.0001206,-0.0000233
2939.0000,0.0001755,0.0000984,-0.0001189,-0.0000230
2939.5000,0.0001730,0.0000971,-0.0001172,-0.0000227
2940.0000,0.0001707,0.0000958,-0.0001156,-0.0000224
2940.5000,0.0001682,0.0000944,-0.0001139,-0.0000221
2941.0000,0.0001660,0.0000931,-0.0001123,-0.0000218
2941.5000,0.0001637,0.0000919,-0.0001107,-0.0000216
2942.0000,0.0001614,0.0000906,-0.0001091,-0.0000213
2942.5000,0.0001592,0.0000893,-0.0001075,-0.0000210
2943.0000,0.0001570,0.0000881,-0.0001060,-0.0000207
2943.5000,0.0001549,0.0000869,-0.0001045,-0.0000205
2944.0000,0.0001527,0.0000857,-0.0001030,-0.0000202
2944.5000,0.0001506,0.0000845,-0.0001015,-0.0000200
2945.0000,0.0001485,0.0000833,-0.0001001,-0.0000197
2945.5000,0.0001464,0.0000822,-0.0000986,-0.0000195
2946.0000,0.0001444,0.0000810,-0.0000972,-0.0000192
2946.5000,0.0001424,0.0000799,-0.0000958,-0.0000190
2947.0000,0.0001404,0.0000788,-0.0000944,-0.0000187
2947.5000,0.0001384,0.0000777,-0.0000931,-0.0000185
2948.0000,0.0001365,0.0000766,-0.0000917,-0.0000183
2948.5000,0.0001346,0.0000756,-0.0000904,-0.0000180
2949.0000,0.0001327,0.0000745,-0.0000891,-0.0000178
2949.5000,0.0001308,0.0000734,-0.0000878,-0.0000175
2950.0000,0.0001290,0.0000724,-0.0000865,-0.0000173
2950.5000,0.0001271,0.0000714,-0.0000853,-0.0000171
2951.0000,0.0001253,0.0000704,-0.0000840,-0.0000169
2951.5000,0.0001237,0.0000694,-0.0000828,-0.0000166
2952.0000,0.0001218,0.0000684,-0.0000816,-0.0000164
2952.5000,0.0001201,0.0000674,-0.0000804,-0.0000162
2953.0000,0.0001184,0.0000665,-0.0000792,-0.0000160
2953.5000,0.0001168,0.0000656,-0.0000781,-0.0000158
2954.0000,0.0001152,0.0000647,-0.0000770,-0.0000156
2954.5000,0.0001135,0.0000637,-0.0000758,-0.0000154
2955.0000,0.0001119,0.0000628,-0.0000747,-0.0000152
2955.5000,0.0001103,0.0000620,-0.0000737,-0.0000150
2956.0000,0.0001087,0.0000611,-0.0000725,-0.0000148
2956.5000,0.0001072,0.0000602,-0.0000715,-0.0000146
2957.0000,0.0001056,0.0000594,-0.0000704,-0.0000144
2957.5000,0.0001041,0.0000585,-0.0000694,-0.0000142
2958.0000,0.0001026,0.0000577,-0.0000683,-0.0000140
2958.5000,0.0001011,0.0000568,-0.0000673,-0.0000138
2959.0000,0.0000997,0.0000560,-0.0000663,-0.0000136
2959.5000,0.0000983,0.0000552,-0.0000654,-0.0000135
2960.0000,0.0000968,0.0000544,-0.0000644,-0.0000133
2960.5000,0.0000955,0.0000536,-0.0000635,-0.0000131
2961.0000,0.0000941,0.0000528,-0.0000625,-0.0000129
2961.5000,0.0000928,0.0000521,-0.0000616,-0.0000127
2962.0000,0.0000914,0.0000514,-0.0000607,-0.0000126
2962.5000,0.0000901,0.0000506,-0.0000598,-0.0000124
2963.0000,0.0000888,0.0000499,-0.0000589,-0.0000122
2963.5000,0.0000875,0.0000492,-0.0000580,-0.0000121
2964.0000,0.0000862,0.0000485,-0.0000572,-0.0000119
2964.5000,0.0000849,0.0000477,-0.0000563,-0.0000117
2965.0000,0.0000837,0.0000471,-0.0000555,-0.0000116
2965.5000,0.0000825,0.0000464,-0.0000546,-0.0000114
2966.0000,0.0000813,0.0000457,-0.0000538,-0.0000113
2966.5000,0.0000801,0.0000451,-0.0000530,-0.0000111
2967.0000,0.0000790,0.0000444,-0.0000522,-0.0000110
2967.5000,0.0000778,0.0000437,-0.0000514,-0.0000108
2968.0000,0.0000767,0.0000430,-0.0000507,-0.0000107
2968.5000,0.0000755,0.0000424,-0.0000499,-0.0000105
2969.0000,0.0000744,0.0000418,-0.0000491,-0.0000104
2969.5000,0.0000733,0.0000412,-0.0000484,-0.0000102
2970.0000,0.0000722,0.0000406,-0.0000476,-0.0000101
2970.5000,0.0000711,0.0000400,-0.0000469,-0.0000099
2971.0000,0.0000701,0.0000394,-0.0000462,-0.0000098
2971.5000,0.0000691,0.0000388,-0.0000455,-0.0000097
2972.0000,0.0000681,0.0000382,-0.0000449,-0.0000095
2972.5000,0.0000670,0.0000376,-0.0000442,-0.0000094
2973.0000,0.0000660,0.0000371,-0.0000435,-0.0000092
2973.5000,0.0000650,0.0000365,-0.0000428,-0.0000091
2974.0000,0.0000641,0.0000360,-0.0000422,-0.0000090
2974.5000,0.0000631,0.0000354,-0.0000416,-0.0000088
2975.0000,0.0000621,0.0000349,-0.0000409,-0.0000087
2975.5000,0.0000612,0.0000343,-0.0000403,-0.0000086
2976.0000,0.0000603,0.0000338,-0.0000397,-0.0000085
2976.5000,0.0000594,0.0000333,-0.0000390,-0.0000083
2977.0000,0.0000585,0.0000328,-0.0000385,-0.0000082
2977.5000,0.0000576,0.0000323,-0.0000379,-0.0000081
2978.0000,0.0000568,0.0000319,-0.0000373,-0.0000080
2978.5000,0.0000559,0.0000314,-0.0000367,-0.0000079
2979.0000,0.0000550,0.0000309,-0.0000361,-0.0000077
2979.5000,0.0000542,0.0000304,-0.0000356,-0.0000076
2980.0000,0.0000534,0.0000299,-0.0000350,-0.0000075
2980.5000,0.0000525,0.0000295,-0.0000345,-0.0000074
2981.0000,0.0000517,0.0000290,-0.0000339,-0.0000073
2981.5000,0.0000509,0.0000286,-0.0000334,-0.0000072
2982.0000,0.0000502,0.0000282,-0.0000329,-0.0000071
2982.5000,0.0000494,0.0000277,-0.0000324,-0.0000070
2983.0000,0.0000486,0.0000273,-0.0000319,-0.0000069
2983.5000,0.0000479,0.0000269,-0.0000314,-0.0000068
2984.0000,0.0000471,0.0000265,-0.0000309,-0.0000067
2984.5000,0.0000464,0.0000260,-0.0000304,-0.0000066
2985.0000,0.0000457,0.0000256,-0.0000299,-0.0000065
2985.5000,0.0000450,0.0000252,-0.0000295,-0.0000064
2986.0000,0.0000443,0.0000248,-0.0000290,-0.0000063
2986.5000,0.0000435,0.0000244,-0.0000285,-0.0000062
2987.0000,0.0000429,0.0000241,-0.0000281,-0.0000061
2987.5000,0.0000422,0.0000237,-0.0000276,-0.0000060
2988.0000,0.0000416,0.0000233,-0.0000272,-0.0000059
2988.5000,0.0000410,0.0000230,-0.0000268,-0.0000058
2989.0000,0.0000402,0.0000226,-0.0000263,-0.0000057
2989.5000,0.0000396,0.0000222,-0.0000259,-0.0000056
2990.0000,0.0000390,0.0000219,-0.0000255,-0.0000055
2990.5000,0.0000383,0.0000215,-0.0000251,-0.0000054
2991.0000,0.0000378,0.0000212,-0.0000247,-0.0000054
2991.5000,0.0000372,0.0000209,-0.0000243,-0.0000053
2992.0000,0.0000366,0.0000205,-0.0000239,-0.0000052
2992.5000,0.0000359,0.0000202,-0.0000235,-0.0000051
2993.0000,0.0000353,0.0000198,-0.0000231,-0.0000050
2993.5000,0.0000348,0.0000195,-0.0000227,-0.0000049
2994.0000,0.0000343,0.0000192,-0.0000224,-0.0000049
2994.5000,0.0000337,0.0000189,-0.0000220,-0.0000048
2995.0000,0.0000331,0.0000186,-0.0000216,-0.0000047
2995.5000,0.0000326,0.0000183,-0.0000213,-0.0000046
2996.0000,0.0000321,0.0000180,-0.0000210,-0.0000046
2996.5000,0.0000315,0.0000177,-0.0000206,-0.0000045
2997.0000,0.0000310,0.0000174,-0.0000203,-0.0000044
2997.5000,0.0000305,0.0000171,-0.0000200,-0.0000043
2998.0000,0.0000300,0.0000168,-0.0000196,-0.0000043
2998.5000,0.0000295,0.0000165,-0.0000193,-0.0000042
2999.0000,0.0000290,0.0000163,-0.0000190,-0.0000041
2999.5000,0.0000285,0.0000160,-0.0000187,-0.0000041
3000.0000,0.0000280,0.0000157,-0.0000183,-0.0000040
3000.5000,0.0000276,0.0000155,-0.0000180,-0.0000039
3001.0000,0.0000272,0.0000152,-0.0000178,-0.0000039
3001.5000,0.0000267,0.0000150,-0.0000175,-0.0000038
3002.0000,0.0000263,0.0000147,-0.0000172,-0.0000037
3002.5000,0.0000258,0.0000145,-0.0000169,-0.0000037
3003.0000,0.0000254,0.0000142,-0.0000166,-0.0000036
3003.5000,0.0000249,0.0000140,-0.0000163,-0.0000035
3004.0000,0.0000245,0.0000137,-0.0000160,-0.0000035
3004.5000,0.0000241,0.0000135,-0.0000158,-0.0000034
3005.0000,0.0000237,0.0000132,-0.0000155,-0.0000033
3005.5000,0.0000233,0.0000130,-0.0000152,-0.0000033
3006.0000,0.0000229,0.0000128,-0.0000150,-0.0000032
3006.5000,0.0000224,0.0000126,-0.0000147,-0.0000032
3007.0000,0.0000221,0.0000123,-0.0000145,-0.0000031
3007.5000,0.0000217,0.0000122,-0.0000142,-0.0000031
3008.0000,0.0000213,0.0000119,-0.0000140,-0.0000030
3008.5000,0.0000209,0.0000117,-0.0000137,-0.0000030
3009.0000,0.0000206,0.0000115,-0.0000135,-0.0000029
3009.5000,0.0000202,0.0000113,-0.0000133,-0.0000028
3010.0000,0.0000199,0.0000111,-0.0000131,-0.0000028
3010.5000,0.0000195,0.0000109,-0.0000129,-0.0000027
3011.0000,0.0000192,0.0000107,-0.0000126,-0.0000027
3011.5000,0.0000188,0.0000105,-0.0000124,-0.0000026
3012.0000,0.0000185,0.0000103,-0.0000122,-0.0000026
3012.5000,0.0000182,0.0000101,-0.0000120,-0.0000025
3013.0000,0.0000178,0.0000100,-0.0000118,-0.0000025
3013.5000,0.0000175,0.0000098,-0.0000115,-0.0000024
3014.0000,0.0000172,0.0000096,-0.0000113,-0.0000024
3014.5000,0.0000169,0.0000094,-0.0000111,-0.0000024
3015.0000,0.0000166,0.0000093,-0.0000110,-0.0000023
3015.5000,0.0000163,0.0000091,-0.0000108,-0.0000023
3016.0000,0.0000160,0.0000090,-0.0000106,-0.0000022
3016.5000,0.0000157,0.0000088,-0.0000104,-0.0000022
3017.0000,0.0000155,0.0000086,-0.0000102,-0.0000021
3017.5000,0.0000151,0.0000084,-0.0000100,-0.0000021
3018.0000,0.0000148,0.0000083,-0.0000098,-0.0000020
3018.5000,0.0000146,0.0000081,-0.0000097,-0.0000020
3019.0000,0.0000143,0.0000080,-0.0000095,-0.0000019
3019.5000,0.0000140,0.0000078,-0.0000093,-0.0000019
3020.0000,0.0000137,0.0000077,-0.0000092,-0.0000019
3020.5000,0.0000135,0.0000075,-0.0000090,-0.0000018
3021.0000,0.0000132,0.0000073,-0.0000088,-0.0000018
3021.5000,0.0000130,0.0000072,-0.0000087,-0.0000018
3022.0000,0.0000127,0.0000071,-0.0000085,-0.0000017
3022.5000,0.0000125,0.0000070,-0.0000084,-0.0000017
3023.0000,0.0000122,0.0000068,-0.0000082,-0.0000016
3023.5000,0.0000120,0.0000067,-0.0000080,-0.0000016
3024.0000,0.0000117,0.0000065,-0.0000079,-0.0000016
3024.5000,0.0000115,0.0000064,-0.0000077,-0.0000015
3025.0000,0.0000112,0.0000062,-0.0000076,-0.0000015
3025.5000,0.0000110,0.0000061,-0.0000075,-0.0000015
3026.0000,0.0000108,0.0000060,-0.0000073,-0.0000014
3026.5000,0.0000106,0.0000059,-0.0000072,-0.0000014
3027.0000,0.0000104,0.0000057,-0.0000071,-0.0000013
3027.5000,0.0000101,0.0000056,-0.0000069,-0.0000013
3028.0000,0.0000099,0.0000055,-0.0000068,-0.0000013
3028.5000,0.0000097,0.0000054,-0.0000066,-0.0000012
3029.0000,0.0000094,0.0000052,-0.0000065,-0.0000012
3029.5000,0.0000092,0.0000051,-0.0000063,-0.0000012
3030.0000,0.0000090,0.0000050,-0.0000062,-0.0000012
3030.5000,0.0000088,0.0000049,-0.0000061,-0.0000011
3031.0000,0.0000086,0.0000048,-0.0000060,-0.0000011
3031.5000,0.0000085,0.0000047,-0.0000059,-0.0000010
3032.0000,0.0000082,0.0000045,-0.0000057,-0.0000010
3032.5000,0.0000081,0.0000045,-0.0000056,-0.0000010
3033.0000,0.0000079,0.0000043,-0.0000055,-0.0000010
3033.5000,0.0000077,0.0000042,-0.0000054,-0.0000009
3034.0000,0.0000074,0.0000041,-0.0000052,-0.0000009
3034.5000,0.0000073,0.0000040,-0.0000051,-0.0000009
3035.0000,0.0000071,0.0000039,-0.0000050,-0.0000008
3035.5000,0.0000070,0.0000038,-0.0000049,-0.0000008
3036.0000,0.0000068,0.0000037,-0.0000048,-0.0000008
3036.5000,0.0000066,0.0000036,-0.0000047,-0.0000007
3037.0000,0.0000065,0.0000035,-0.0000046,-0.0000007
3037.5000,0.0000062,0.0000034,-0.0000045,-0.0000007
3038.0000,0.0000060,0.0000033,-0.0000044,-0.0000007
3038.5000,0.0000058,0.0000032,-0.0000043,-0.0000006
3039.0000,0.0000057,0.0000031,-0.0000042,-0.0000006
3039.5000,0.0000055,0.0000030,-0.0000041,-0.0000006
3040.0000,0.0000053,0.0000029,-0.0000039,-0.0000006
3040.5000,0.0000052,0.0000028,-0.0000039,-0.0000005
3041.0000,0.0000050,0.0000027,-0.0000038,-0.0000005
3041.5000,0.0000048,0.0000026,-0.0000037,-0.0000005
3042.0000,0.0000046,0.0000025,-0.0000035,-0.0000004
3042.5000,0.0000045,0.0000024,-0.0000035,-0.0000004
3043.0000,0.0000043,0.0000023,-0.0000034,-0.0000004
3043.5000,0.0000042,0.0000023,-0.0000033,-0.0000003
3044.0000,0.0000040,0.0000022,-0.0000032,-0.0000003
3044.5000,0.0000039,0.0000021,-0.0000031,-0.0000003
3045.0000,0.0000037,0.0000020,-0.0000030,-0.0000003
3045.5000,0.0000036,0.0000019,-0.0000029,-0.0000002
3046.0000,0.0000034,0.0000018,-0.0000028,-0.0000002
3046.5000,0.0000032,0.0000017,-0.0000027,-0.0000002
3047.0000,0.0000031,0.0000016,-0.0000026,-0.0000001
3047.5000,0.0000029,0.0000016,-0.0000026,-0.0000001
3048.0000,0.0000028,0.0000015,-0.0000025,-0.0000001
3048.5000,0.0000026,0.0000014,-0.0000024,-0.0000001
3049.0000,0.0000024,0.0000013,-0.0000023,-0.0000001
3049.5000,0.0000023,0.0000012,-0.0000022,-0.0000000
3050.0000,0.0000022,0.0000011,-0.0000021,0.0000000
3050.5000,0.0000020,0.0000010,-0.0000020,0.0000000
3051.0000,0.0000019,0.0000010,-0.0000019,0.0000000
3051.5000,0.0000017,0.0000009,-0.0000018,0.0000001
3052.0000,0.0000016,0.0000008,-0.0000018,0.0000001
3052.5000,0.0000014,0.0000007,-0.0000017,0.0000001
3053.0000,0.0000013,0.0000006,-0.0000016,0.0000002
3053.5000,0.0000011,0.0000005,-0.0000015,0.0000002
3054.0000,0.0000009,0.0000004,-0.0000014,0.0000002
3054.5000,0.0000008,0.0000004,-0.0000013,0.0000002
3055.0000,0.0000007,0.0000003,-0.0000013,0.0000003
3055.5000,0.0000006,0.0000002,-0.0000012,0.0000003
3056.0000,0.0000005,0.0000002,-0.0000011,0.0000003
3056.5000,0.0000003,0.0000001,-0.0000010,0.0000003
3057.0000,0.0000001,-0.0000000,-0.0000009,0.0000004
3057.5000,-0.0000000,-0.0000001,-0.0000009,0.0000004
3058.0000,-0.0000002,-0.0000002,-0.0000008,0.0000004
3058.5000,-0.0000003,-0.0000002,-0.0000007,0.0000004
3059.0000,-0.0000004,-0.0000003,-0.0000007,0.0000005
3059.5000,-0.0000006,-0.0000004,-0.0000005,0.0000005
3060.0000,-0.0000007,-0.0000005,-0.0000005,0.0000006
3060.5000,-0.0000009,-0.0000006,-0.0000004,0.0000006
3061.0000,-0.0000010,-0.0000006,-0.0000004,0.0000006
3061.5000,-0.0000012,-0.0000007,-0.0000002,0.0000006
3062.0000,-0.0000014,-0.0000008,-0.0000001,0.0000006
3062.5000,-0.0000014,-0.0000009,-0.0000001,0.0000007
3063.0000,-0.0000016,-0.0000010,-0.0000000,0.0000007
3063.5000,-0.0000017,-0.0000010,0.0000001,0.0000007
3064.0000,-0.0000019,-0.0000011,0.0000001,0.0000007
3064.5000,-0.0000020,-0.0000012,0.0000002,0.0000008
3065.0000,-0.0000021,-0.0000013,0.0000003,0.0000008
3065.5000,-0.0000023,-0.0000014,0.0000003,0.0000008
3066.0000,-0.0000025,-0.0000015,0.0000005,0.0000009
3066.5000,-0.0000026,-0.0000016,0.0000005,0.0000009
3067.0000,-0.0000027,-0.0000016,0.0000006,0.0000009
3067.5000,-0.0000028,-0.0000017,0.0000006,0.0000010
3068.0000,-0.0000030,-0.0000018,0.0000007,0.0000010
3068.5000,-0.0000032,-0.0000019,0.0000008,0.0000010
3069.0000,-0.0000033,-0.0000019,0.0000009,0.0000010
3069.5000,-0.0000035,-0.0000021,0.0000010,0.0000011
3070.0000,-0.0000036,-0.0000021,0.0000010,0.0000011
3070.5000,-0.0000037,-0.0000022,0.0000011,0.0000011
3071.0000,-0.0000039,-0.0000023,0.0000012,0.0000012
3071.5000,-0.0000040,-0.0000024,0.0000012,0.0000012
3072.0000,-0.0000042,-0.0000024,0.0000013,0.0000012
3072.5000,-0.0000043,-0.0000025,0.0000014,0.0000013
3073.0000,-0.0000045,-0.0000026,0.0000015,0.0000013
3073.5000,-0.0000046,-0.0000027,0.0000015,0.0000013
3074.0000,-0.0000048,-0.0000028,0.0000016,0.0000014
3074.5000,-0.0000049,-0.0000028,0.0000017,0.0000014
3075.0000,-0.0000050,-0.0000029,0.0000018,0.0000014
3075.5000,-0.0000052,-0.0000030,0.0000019,0.0000014
3076.0000,-0.0000053,-0.0000031,0.0000019,0.0000015
3076.5000,-0.0000056,-0.0000032,0.0000020,0.0000015
3077.0000,-0.0000057,-0.0000033,0.0000021,0.0000015
3077.5000,-0.0000059,-0.0000034,0.0000022,0.0000016
3078.0000,-0.0000059,-0.0000034,0.0000022,0.0000016
3078.5000,-0.0000061,-0.0000035,0.0000023,0.0000016
3079.0000,-0.0000062,-0.0000036,0.0000024,0.0000016
3079.5000,-0.0000064,-0.0000037,0.0000025,0.0000017
3080.0000,-0.0000066,-0.0000038,0.0000026,0.0000017
3080.5000,-0.0000068,-0.0000039,0.0000026,0.0000017
3081.0000,-0.0000069,-0.0000040,0.0000027,0.0000018
3081.5000,-0.0000071,-0.0000041,0.0000028,0.0000018
3082.0000,-0.0000072,-0.0000041,0.0000029,0.0000018
3082.5000,-0.0000074,-0.0000042,0.0000029,0.0000019
3083.0000,-0.0000075,-0.0000043,0.0000030,0.0000019
3083.5000,-0.0000077,-0.0000044,0.0000031,0.0000020
3084.0000,-0.0000079,-0.0000045,0.0000032,0.0000020
3084.5000,-0.0000080,-0.0000046,0.0000032,0.0000020
3085.0000,-0.0000082,-0.0000047,0.0000033,0.0000021
3085.5000,-0.0000084,-0.0000048,0.0000034,0.0000021
3086.0000,-0.0000086,-0.0000049,0.0000035,0.0000021
3086.5000,-0.0000087,-0.0000049,0.0000036,0.0000022
3087.0000,-0.0000089,-0.0000051,0.0000037,0.0000022
3087.5000,-0.0000091,-0.0000052,0.0000038,0.0000023
3088.0000,-0.0000093,-0.0000053,0.0000039,0.0000023
3088.5000,-0.0000094,-0.0000053,0.0000039,0.0000023
3089.0000,-0.0000096,-0.0000055,0.0000040,0.0000023
3089.5000,-0.0000098,-0.0000056,0.0000041,0.0000024
3090.0000,-0.0000100,-0.0000057,0.0000042,0.0000025
3090.5000,-0.0000101,-0.0000057,0.0000043,0.0000025
3091.0000,-0.0000103,-0.0000058,0.0000044,0.0000025
3091.5000,-0.0000105,-0.0000060,0.0000044,0.0000026
3092.0000,-0.0000107,-0.0000060,0.0000045,0.0000026
3092.5000,-0.0000109,-0.0000062,0.0000046,0.0000027
3093.0000,-0.0000111,-0.0000063,0.0000047,0.0000027
3093.5000,-0.0000113,-0.0000064,0.0000048,0.0000027
3094.0000,-0.0000114,-0.0000065,0.0000049,0.0000028
3094.5000,-0.0000116,-0.0000066,0.0000050,0.0000028
3095.0000,-0.0000118,-0.0000067,0.0000051,0.0000029
3095.5000,-0.0000120,-0.0000068,0.0000052,0.0000029
3096.0000,-0.0000122,-0.0000068,0.0000052,0.0000029
3096.5000,-0.0000124,-0.0000070,0.0000054,0.0000030
3097.0000,-0.0000126,-0.0000071,0.0000055,0.0000030
3097.5000,-0.0000128,-0.0000072,0.0000056,0.0000031
3098.0000,-0.0000130,-0.0000073,0.0000057,0.0000031
3098.5000,-0.0000132,-0.0000074,0.0000057,0.0000032
3099.0000,-0.0000134,-0.0000075,0.0000058,0.0000032
3099.5000,-0.0000136,-0.0000076,0.0000059,0.0000033
3100.0000,-0.0000138,-0.0000078,0.0000060,0.0000033
3100.5000,-0.0000140,-0.0000079,0.0000061,0.0000033
3101.0000,-0.0000142,-0.0000080,0.0000062,0.0000034
3101.5000,-0.0000144,-0.0000081,0.0000063,0.0000034
3102.0000,-0.0000146,-0.0000082,0.0000064,0.0000035
3102.5000,-0.0000148,-0.0000083,0.0000065,0.0000035
3103.0000,-0.0000151,-0.0000084,0.0000067,0.0000036
3103.5000,-0.0000153,-0.0000085,0.0000067,0.0000036
3104.0000,-0.0000155,-0.0000087,0.0000069,0.0000037
3104.5000,-0.0000158,-0.0000088,0.0000070,0.0000037
3105.0000,-0.0000160,-0.0000089,0.0000071,0.0000038
3105.5000,-0.0000162,-0.0000090,0.0000072,0.0000038
3106.0000,-0.0000165,-0.0000092,0.0000073,0.0000039
3106.5000,-0.0000166,-0.0000093,0.0000073,0.0000039
3107.0000,-0.0000169,-0.0000094,0.0000075,0.0000040
3107.5000,-0.0000171,-0.0000095,0.0000076,0.0000040
3108.0000,-0.0000173,-0.0000096,0.0000077,0.0000040
3108.5000,-0.0000176,-0.0000098,0.0000079,0.0000041
3109.0000,-0.0000179,-0.0000099,0.0000079,0.0000042
3109.5000,-0.0000181,-0.0000100,0.0000081,0.0000042
3110.0000,-0.0000183,-0.0000102,0.0000082,0.0000043
3110.5000,-0.0000186,-0.0000103,0.0000083,0.0000043
3111.0000,-0.0000188,-0.0000104,0.0000084,0.0000044
3111.5000,-0.0000191,-0.0000106,0.0000085,0.0000044
3112.0000,-0.0000194,-0.0000107,0.0000086,0.0000045
3112.5000,-0.0000196,-0.0000108,0.0000087,0.0000046
3113.0000,-0.0000199,-0.0000110,0.0000089,0.0000046
3113.5000,-0.0000201,-0.0000111,0.0000090,0.0000047
3114.0000,-0.0000204,-0.0000113,0.0000091,0.0000047
3114.5000,-0.0000207,-0.0000114,0.0000093,0.0000048
3115.0000,-0.0000209,-0.0000115,0.0000093,0.0000048
3115.5000,-0.0000212,-0.0000117,0.0000095,0.0000049
3116.0000,-0.0000214,-0.0000118,0.0000096,0.0000050
3116.5000,-0.0000217,-0.0000120,0.0000098,0.0000050
3117.0000,-0.0000220,-0.0000121,0.0000099,0.0000051
3117.5000,-0.0000223,-0.0000123,0.0000100,0.0000052
3118.0000,-0.0000226,-0.0000124,0.0000102,0.0000052
3118.5000,-0.0000229,-0.0000126,0.0000103,0.0000053
3119.0000,-0.0000231,-0.0000127,0.0000104,0.0000054
3119.5000,-0.0000235,-0.0000129,0.0000106,0.0000054
3120.0000,-0.0000238,-0.0000130,0.0000107,0.0000055
3120.5000,-0.0000240,-0.0000132,0.0000108,0.0000055
3121.0000,-0.0000244,-0.0000134,0.0000110,0.0000056
3121.5000,-0.0000247,-0.0000136,0.0000112,0.0000057
3122.0000,-0.0000250,-0.0000137,0.0000113,0.0000058
3122.5000,-0.0000253,-0.0000139,0.0000114,0.0000058
3123.0000,-0.0000256,-0.0000140,0.0000116,0.0000059
3123.5000,-0.0000259,-0.0000142,0.0000117,0.0000060
3124.0000,-0.0000262,-0.0000144,0.0000119,0.0000060
3124.5000,-0.0000266,-0.0000146,0.0000120,0.0000061
3125.0000,-0.0000269,-0.0000147,0.0000122,0.0000062
3125.5000,-0.0000272,-0.0000149,0.0000123,0.0000063
3126.0000,-0.0000275,-0.0000151,0.0000125,0.0000063
3126.5000,-0.0000279,-0.0000152,0.0000126,0.0000064
3127.0000,-0.0000282,-0.0000154,0.0000128,0.0000065
3127.5000,-0.0000285,-0.0000156,0.0000129,0.0000066
3128.0000,-0.0000289,-0.0000158,0.0000131,0.0000066
3128.5000,-0.0000293,-0.0000160,0.0000133,0.0000067
3129.0000,-0.0000296,-0.0000162,0.0000134,0.0000068
3129.5000,-0.0000299,-0.0000163,0.0000136,0.0000069
3130.0000,-0.0000303,-0.0000165,0.0000137,0.0000069
3130.5000,-0.0000306,-0.0000167,0.0000139,0.0000070
3131.0000,-0.0000310,-0.0000169,0.0000141,0.0000071
3131.5000,-0.0000314,-0.0000171,0.0000142,0.0000072
3132.0000,-0.0000317,-0.0000173,0.0000144,0.0000073
3132.5000,-0.0000321,-0.0000174,0.0000145,0.0000074
3133.0000,-0.0000324,-0.0000176,0.0000147,0.0000074
3133.5000,-0.0000329,-0.0000179,0.0000149,0.0000075
3134.0000,-0.0000333,-0.0000180,0.0000151,0.0000076
3134.5000,-0.0000336,-0.0000183,0.0000153,0.0000077
3135.0000,-0.0000340,-0.0000184,0.0000155,0.0000078
3135.5000,-0.0000344,-0.0000187,0.0000157,0.0000079
3136.0000,-0.0000348,-0.0000189,0.0000158,0.0000080
3136.5000,-0.0000352,-0.0000191,0.0000160,0.0000081
3137.0000,-0.0000356,-0.0000193,0.0000162,0.0000081
3137.5000,-0.0000360,-0.0000195,0.0000164,0.0000082
3138.0000,-0.0000364,-0.0000197,0.0000166,0.0000083
3138.5000,-0.0000368,-0.0000200,0.0000168,0.0000084
3139.0000,-0.0000372,-0.0000202,0.0000170,0.0000085
3139.5000,-0.0000377,-0.0000204,0.0000172,0.0000086
3140.0000,-0.0000381,-0.0000206,0.0000174,0.0000087
3140.5000,-0.0000385,-0.0000208,0.0000176,0.0000088
3141.0000,-0.0000389,-0.0000211,0.0000178,0.0000089
3141.5000,-0.0000394,-0.0000213,0.0000179,0.0000090
3142.0000,-0.0000398,-0.0000215,0.0000182,0.0000091
3142.5000,-0.0000402,-0.0000218,0.0000183,0.0000092
3143.0000,-0.0000407,-0.0000220,0.0000186,0.0000093
3143.5000,-0.0000411,-0.0000222,0.0000187,0.0000094
3144.0000,-0.0000416,-0.0000225,0.0000190,0.0000095
3144.5000,-0.0000420,-0.0000227,0.0000192,0.0000096
3145.0000,-0.0000425,-0.0000229,0.0000194,0.0000097
3145.5000,-0.0000430,-0.0000232,0.0000196,0.0000099
3146.0000,-0.0000435,-0.0000235,0.0000199,0.0000100
3146.5000,-0.0000439,-0.0000237,0.0000201,0.0000100
3147.0000,-0.0000444,-0.0000240,0.0000203,0.0000102
3147.5000,-0.0000449,-0.0000242,0.0000205,0.0000103
3148.0000,-0.0000455,-0.0000245,0.0000208,0.0000104
3148.5000,-0.0000459,-0.0000247,0.0000210,0.0000105
3149.0000,-0.0000464,-0.0000250,0.0000212,0.0000106
3149.5000,-0.0000469,-0.0000252,0.0000215,0.0000107
3150.0000,-0.0000474,-0.0000255,0.0000217,0.0000108
3150.5000,-0.0000480,-0.0000258,0.0000219,0.0000110
3151.0000,-0.0000485,-0.0000261,0.0000221,0.0000111
3151.5000,-0.0000490,-0.0000263,0.0000224,0.0000112
3152.0000,-0.0000495,-0.0000266,0.0000226,0.0000113
3152.5000,-0.0000500,-0.0000268,0.0000229,0.0000114
3153.0000,-0.0000505,-0.0000271,0.0000231,0.0000116
3153.5000,-0.0000511,-0.0000274,0.0000234,0.0000117
3154.0000,-0.0000517,-0.0000277,0.0000237,0.0000118
3154.5000,-0.0000522,-0.0000280,0.0000239,0.0000119
3155.0000,-0.0000528,-0.0000283,0.0000241,0.0000121
3155.5000,-0.0000534,-0.0000286,0.0000244,0.0000122
3156.0000,-0.0000539,-0.0000288,0.0000247,0.0000123
3156.5000,-0.0000545,-0.0000292,0.0000249,0.0000125
3157.0000,-0.0000550,-0.0000294,0.0000252,0.0000126
3157.5000,-0.0000556,-0.0000298,0.0000255,0.0000127
3158.0000,-0.0000562,-0.0000301,0.0000257,0.0000129
3158.5000,-0.0000568,-0.0000304,0.0000260,0.0000130
3159.0000,-0.0000574,-0.0000307,0.0000263,0.0000131
3159.5000,-0.0000580,-0.0000310,0.0000265,0.0000133
3160.0000,-0.0000586,-0.0000313,0.0000268,0.0000134
3160.5000,-0.0000592,-0.0000316,0.0000271,0.0000136
3161.0000,-0.0000598,-0.0000320,0.0000274,0.0000137
3161.5000,-0.0000605,-0.0000323,0.0000277,0.0000138
3162.0000,-0.0000611,-0.0000326,0.0000280,0.0000140
3162.5000,-0.0000617,-0.0000329,0.0000283,0.0000141
3163.0000,-0.0000624,-0.0000332,0.0000286,0.0000143
3163.5000,-0.0000631,-0.0000336,0.0000289,0.0000144
3164.0000,-0.0000637,-0.0000339,0.0000292,0.0000146
3164.5000,-0.0000644,-0.0000343,0.0000295,0.0000147
3165.0000,-0.0000650,-0.0000346,0.0000298,0.0000149
3165.5000,-0.0000658,-0.0000350,0.0000302,0.0000150
3166.0000,-0.0000664,-0.0000353,0.0000305,0.0000152
3166.5000,-0.0000671,-0.0000356,0.0000308,0.0000153
3167.0000,-0.0000677,-0.0000360,0.0000311,0.0000155
3167.5000,-0.0000684,-0.0000364,0.0000314,0.0000156
3168.0000,-0.0000692,-0.0000367,0.0000318,0.0000158
3168.5000,-0.0000699,-0.0000371,0.0000321,0.0000160
3169.0000,-0.0000706,-0.0000375,0.0000325,0.0000161
3169.5000,-0.0000713,-0.0000378,0.0000328,0.0000163
3170.0000,-0.0000721,-0.0000382,0.0000331,0.0000165
3170.5000,-0.0000727,-0.0000385,0.0000334,0.0000166
3171.0000,-0.0000735,-0.0000389,0.0000338,0.0000168
3171.5000,-0.0000742,-0.0000393,0.0000341,0.0000170
3172.0000,-0.0000750,-0.0000397,0.0000345,0.0000171
3172.5000,-0.0000758,-0.0000401,0.0000348,0.0000173
3173.0000,-0.0000765,-0.0000405,0.0000352,0.0000175
3173.5000,-0.0000773,-0.0000409,0.0000355,0.0000177
3174.0000,-0.0000781,-0.0000413,0.0000359,0.0000178
3174.5000,-0.0000789,-0.0000417,0.0000362,0.0000180
3175.0000,-0.0000796,-0.0000421,0.0000366,0.0000182
3175.5000,-0.0000804,-0.0000425,0.0000370,0.0000184
3176.0000,-0.0000812,-0.0000429,0.0000373,0.0000186
3176.5000,-0.0000820,-0.0000433,0.0000377,0.0000187
3177.0000,-0.0000829,-0.0000437,0.0000381,0.0000189
3177.5000,-0.0000837,-0.0000442,0.0000385,0.0000191
3178.0000,-0.0000845,-0.0000446,0.0000389,0.0000193
3178.5000,-0.0000854,-0.0000450,0.0000393,0.0000195
3179.0000,-0.0000862,-0.0000454,0.0000397,0.0000197
3179.5000,-0.0000871,-0.0000459,0.0000401,0.0000199
3180.0000,-0.0000879,-0.0000463,0.0000405,0.0000201
3180.5000,-0.0000888,-0.0000467,0.0000409,0.0000203
3181.0000,-0.0000897,-0.0000472,0.0000413,0.0000205
3181.5000,-0.0000906,-0.0000477,0.0000417,0.0000207
3182.0000,-0.0000914,-0.0000481,0.0000421,0.0000209
3182.5000,-0.0000923,-0.0000486,0.0000425,0.0000211
3183.0000,-0.0000933,-0.0000490,0.0000430,0.0000213
3183.5000,-0.0000942,-0.0000495,0.0000434,0.0000215
3184.0000,-0.0000951,-0.0000500,0.0000438,0.0000217
3184.5000,-0.0000960,-0.0000504,0.0000442,0.0000219
3185.0000,-0.0000970,-0.0000509,0.0000447,0.0000222
3185.5000,-0.0000979,-0.0000514,0.0000451,0.0000224
3186.0000,-0.0000989,-0.0000519,0.0000456,0.0000226
3186.5000,-0.0000998,-0.0000524,0.0000460,0.0000228
3187.0000,-0.0001008,-0.0000528,0.0000465,0.0000230
3187.5000,-0.0001018,-0.0000534,0.0000469,0.0000233
3188.0000,-0.0001028,-0.0000538,0.0000474,0.0000235
3188.5000,-0.0001038,-0.0000543,0.0000478,0.0000237
3189.0000,-0.0001047,-0.0000548,0.0000483,0.0000239
3189.5000,-0.0001058,-0.0000554,0.0000488,0.0000242
3190.0000,-0.0001068,-0.0000559,0.0000492,0.0000244
3190.5000,-0.0001078,-0.0000564,0.0000497,0.0000246
3191.0000,-0.0001088,-0.0000569,0.0000502,0.0000249
3191.5000,-0.0001099,-0.0000574,0.0000507,0.0000251
3192.0000,-0.0001109,-0.0000579,0.0000512,0.0000253
3192.5000,-0.0001120,-0.0000585,0.0000517,0.0000256
3193.0000,-0.0001131,-0.0000591,0.0000522,0.0000258
3193.5000,-0.0001142,-0.0000596,0.0000527,0.0000260
3194.0000,-0.0001152,-0.0000601,0.0000532,0.0000263
3194.5000,-0.0001163,-0.0000606,0.0000537,0.0000266
3195.0000,-0.0001174,-0.0000612,0.0000542,0.0000268
3195.5000,-0.0001185,-0.0000618,0.0000547,0.0000271
3196.0000,-0.0001196,-0.0000624,0.0000552,0.0000273
3196.5000,-0.0001208,-0.0000629,0.0000558,0.0000276
3197.0000,-0.0001219,-0.0000635,0.0000563,0.0000278
3197.5000,-0.0001231,-0.0000641,0.0000568,0.0000281
3198.0000,-0.0001242,-0.0000647,0.0000573,0.0000284
3198.5000,-0.0001253,-0.0000652,0.0000579,0.0000286
3199.0000,-0.0001266,-0.0000658,0.0000585,0.0000289
3199.5000,-0.0001278,-0.0000664,0.0000590,0.0000292
3200.0000,-0.0001289,-0.0000670,0.0000595,0.0000295
3200.5000,-0.0001302,-0.0000677,0.0000601,0.0000297
3201.0000,-0.0001314,-0.0000683,0.0000607,0.0000300
3201.5000,-0.0001326,-0.0000688,0.0000612,0.0000303
3202.0000,-0.0001339,-0.0000695,0.0000618,0.0000306
3202.5000,-0.0001351,-0.0000701,0.0000624,0.0000309
3203.0000,-0.0001363,-0.0000707,0.0000630,0.0000312
3203.5000,-0.0001376,-0.0000714,0.0000636,0.0000314
3204.0000,-0.0001389,-0.0000720,0.0000641,0.0000318
3204.5000,-0.0001402,-0.0000727,0.0000648,0.0000320
3205.0000,-0.0001415,-0.0000733,0.0000654,0.0000323
3205.5000,-0.0001428,-0.0000739,0.0000660,0.0000326
3206.0000,-0.0001441,-0.0000746,0.0000666,0.0000329
3206.5000,-0.0001454,-0.0000753,0.0000672,0.0000332
3207.0000,-0.0001468,-0.0000759,0.0000678,0.0000335
3207.5000,-0.0001482,-0.0000766,0.0000685,0.0000339
3208.0000,-0.0001495,-0.0000773,0.0000691,0.0000342
3208.5000,-0.0001509,-0.0000780,0.0000698,0.0000345
3209.0000,-0.0001522,-0.0000786,0.0000704,0.0000348
3209.5000,-0.0001536,-0.0000793,0.0000710,0.0000351
3210.0000,-0.0001550,-0.0000800,0.0000717,0.0000354
3210.5000,-0.0001564,-0.0000807,0.0000724,0.0000357
3211.0000,-0.0001578,-0.0000814,0.0000730,0.0000361
3211.5000,-0.0001593,-0.0000822,0.0000737,0.0000364
3212.0000,-0.0001607,-0.0000829,0.0000743,0.0000367
3212.5000,-0.0001622,-0.0000836,0.0000750,0.0000371
3213.0000,-0.0001636,-0.0000843,0.0000757,0.0000374
3213.5000,-0.0001651,-0.0000851,0.0000764,0.0000377
3214.0000,-0.0001666,-0.0000858,0.0000771,0.0000381
3214.5000,-0.0001681,-0.0000865,0.0000777,0.0000384
3215.0000,-0.0001696,-0.0000873,0.0000785,0.0000388
3215.5000,-0.0001712,-0.0000880,0.0000792,0.0000391
3216.0000,-0.0001727,-0.0000888,0.0000799,0.0000395
3216.5000,-0.0001742,-0.0000896,0.0000806,0.0000398
3217.0000,-0.0001757,-0.0000903,0.0000813,0.0000402
3217.5000,-0.0001774,-0.0000912,0.0000821,0.0000406
3218.0000,-0.0001789,-0.0000919,0.0000828,0.0000409
3218.5000,-0.0001805,-0.0000927,0.0000836,0.0000413
3219.0000,-0.0001821,-0.0000935,0.0000843,0.0000416
3219.5000,-0.0001838,-0.0000943,0.0000851,0.0000420
3220.0000,-0.0001854,-0.0000951,0.0000858,0.0000424
3220.5000,-0.0001871,-0.0000959,0.0000866,0.0000428
3221.0000,-0.0001888,-0.0000968,0.0000874,0.0000432
3221.5000,-0.0001904,-0.0000975,0.0000882,0.0000435
3222.0000,-0.0001920,-0.0000984,0.0000889,0.0000439
3222.5000,-0.0001937,-0.0000992,0.0000897,0.0000443
3223.0000,-0.0001954,-0.0001000,0.0000905,0.0000447
3223.5000,-0.0001972,-0.0001009,0.0000913,0.0000451
3224.0000,-0.0001989,-0.0001018,0.0000921,0.0000455
3224.5000,-0.0002007,-0.0001026,0.0000930,0.0000459
3225.0000,-0.0002024,-0.0001035,0.0000938,0.0000463
3225.5000,-0.0002041,-0.0001043,0.0000946,0.0000467
3226.0000,-0.0002059,-0.0001052,0.0000954,0.0000471
3226.5000,-0.0002078,-0.0001061,0.0000963,0.0000475
3227.0000,-0.0002096,-0.0001070,0.0000971,0.0000479
3227.5000,-0.0002114,-0.0001079,0.0000979,0.0000484
3228.0000,-0.0002133,-0.0001089,0.0000988,0.0000488
3228.5000,-0.0002152,-0.0001098,0.0000997,0.0000492
3229.0000,-0.0002169,-0.0001107,0.0001005,0.0000496
3229.5000,-0.0002188,-0.0001116,0.0001014,0.0000501
3230.0000,-0.0002207,-0.0001125,0.0001023,0.0000505
3230.5000,-0.0002226,-0.0001134,0.0001031,0.0000509
3231.0000,-0.0002245,-0.0001144,0.0001041,0.0000514
3231.5000,-0.0002264,-0.0001153,0.0001049,0.0000518
3232.0000,-0.0002284,-0.0001163,0.0001059,0.0000523
3232.5000,-0.0002303,-0.0001173,0.0001068,0.0000527
3233.0000,-0.0002323,-0.0001182,0.0001077,0.0000532
3233.5000,-0.0002343,-0.0001192,0.0001086,0.0000536
3234.0000,-0.0002363,-0.0001202,0.0001096,0.0000541
3234.5000,-0.0002383,-0.0001212,0.0001105,0.0000545
3235.0000,-0.0002404,-0.0001222,0.0001114,0.0000550
3235.5000,-0.0002424,-0.0001232,0.0001124,0.0000555
3236.0000,-0.0002444,-0.0001241,0.0001134,0.0000559
3236.5000,-0.0002465,-0.0001252,0.0001143,0.0000564
3237.0000,-0.0002486,-0.0001262,0.0001153,0.0000569
3237.5000,-0.0002507,-0.0001272,0.0001163,0.0000574
3238.0000,-0.0002528,-0.0001283,0.0001173,0.0000579
3238.5000,-0.0002550,-0.0001293,0.0001183,0.0000584
3239.0000,-0.0002571,-0.0001304,0.0001193,0.0000589
3239.5000,-0.0002593,-0.0001314,0.0001203,0.0000594
3240.0000,-0.0002614,-0.0001325,0.0001213,0.0000599
3240.5000,-0.0002636,-0.0001335,0.0001223,0.0000604
3241.0000,-0.0002659,-0.0001346,0.0001233,0.0000609
3241.5000,-0.0002680,-0.0001357,0.0001244,0.0000614
3242.0000,-0.0002703,-0.0001368,0.0001255,0.0000619
3242.5000,-0.0002726,-0.0001379,0.0001265,0.0000624
3243.0000,-0.0002749,-0.0001390,0.0001276,0.0000629
3243.5000,-0.0002771,-0.0001401,0.0001286,0.0000634
3244.0000,-0.0002794,-0.0001412,0.0001297,0.0000640
3244.5000,-0.0002818,-0.0001424,0.0001308,0.0000645
3245.0000,-0.0002841,-0.0001435,0.0001319,0.0000650
3245.5000,-0.0002864,-0.0001447,0.0001329,0.0000656
3246.0000,-0.0002888,-0.0001458,0.0001341,0.0000661
3246.5000,-0.0002912,-0.0001469,0.0001352,0.0000667
3247.0000,-0.0002936,-0.0001481,0.0001363,0.0000672
3247.5000,-0.0002959,-0.0001493,0.0001374,0.0000678
3248.0000,-0.0002984,-0.0001505,0.0001386,0.0000683
3248.5000,-0.0003008,-0.0001517,0.0001397,0.0000689
3249.0000,-0.0003033,-0.0001529,0.0001408,0.0000695
3249.5000,-0.0003057,-0.0001540,0.0001420,0.0000700
3250.0000,-0.0003083,-0.0001553,0.0001432,0.0000706
3250.5000,-0.0003108,-0.0001565,0.0001444,0.0000712
3251.0000,-0.0003133,-0.0001577,0.0001455,0.0000718
3251.5000,-0.0003158,-0.0001589,0.0001467,0.0000724
3252.0000,-0.0003184,-0.0001602,0.0001479,0.0000730
3252.5000,-0.0003210,-0.0001614,0.0001491,0.0000736
3253.0000,-0.0003236,-0.0001627,0.0001503,0.0000742
3253.5000,-0.0003262,-0.0001639,0.0001515,0.0000747
3254.0000,-0.0003288,-0.0001652,0.0001527,0.0000754
3254.5000,-0.0003314,-0.0001665,0.0001540,0.0000760
3255.0000,-0.0003341,-0.0001678,0.0001552,0.0000766
3255.5000,-0.0003368,-0.0001691,0.0001565,0.0000772
3256.0000,-0.0003395,-0.0001704,0.0001577,0.0000778
3256.5000,-0.0003422,-0.0001718,0.0001590,0.0000785
3257.0000,-0.0003449,-0.0001731,0.0001603,0.0000791
3257.5000,-0.0003477,-0.0001744,0.0001616,0.0000797
3258.0000,-0.0003505,-0.0001757,0.0001629,0.0000803
3258.5000,-0.0003532,-0.0001771,0.0001641,0.0000810
3259.0000,-0.0003560,-0.0001784,0.0001654,0.0000816
3259.5000,-0.0003589,-0.0001798,0.0001668,0.0000823
3260.0000,-0.0003617,-0.0001812,0.0001681,0.0000829
3260.5000,-0.0003646,-0.0001825,0.0001695,0.0000836
3261.0000,-0.0003674,-0.0001839,0.0001707,0.0000843
3261.5000,-0.0003703,-0.0001853,0.0001721,0.0000849
3262.0000,-0.0003732,-0.0001867,0.0001735,0.0000856
3262.5000,-0.0003761,-0.0001882,0.0001748,0.0000863
3263.0000,-0.0003791,-0.0001896,0.0001762,0.0000870
3263.5000,-0.0003821,-0.0001910,0.0001776,0.0000876
3264.0000,-0.0003851,-0.0001925,0.0001790,0.0000883
3264.5000,-0.0003881,-0.0001939,0.0001804,0.0000890
3265.0000,-0.0003911,-0.0001954,0.0001819,0.0000897
3265.5000,-0.0003942,-0.0001968,0.0001833,0.0000904
3266.0000,-0.0003972,-0.0001983,0.0001847,0.0000911
3266.5000,-0.0004002,-0.0001997,0.0001861,0.0000918
3267.0000,-0.0004034,-0.0002012,0.0001875,0.0000925
3267.5000,-0.0004065,-0.0002027,0.0001890,0.0000933
3268.0000,-0.0004096,-0.0002043,0.0001905,0.0000940
3268.5000,-0.0004128,-0.0002058,0.0001920,0.0000947
3269.0000,-0.0004159,-0.0002073,0.0001935,0.0000954
3269.5000,-0.0004191,-0.0002089,0.0001949,0.0000962
3270.0000,-0.0004224,-0.0002104,0.0001965,0.0000969
3270.5000,-0.0004256,-0.0002120,0.0001979,0.0000977
3271.0000,-0.0004288,-0.0002135,0.0001995,0.0000984
3271.5000,-0.0004321,-0.0002151,0.0002010,0.0000992
3272.0000,-0.0004354,-0.0002167,0.0002025,0.0000999
3272.5000,-0.0004387,-0.0002182,0.0002041,0.0001007
3273.0000,-0.0004420,-0.0002199,0.0002056,0.0001015
3273.5000,-0.0004454,-0.0002215,0.0002072,0.0001023
3274.0000,-0.0004488,-0.0002231,0.0002088,0.0001030
3274.5000,-0.0004521,-0.0002247,0.0002104,0.0001038
3275.0000,-0.0004556,-0.0002264,0.0002120,0.0001046
3275.5000,-0.0004590,-0.0002280,0.0002136,0.0001054
3276.0000,-0.0004625,-0.0002297,0.0002152,0.0001062
3276.5000,-0.0004660,-0.0002313,0.0002169,0.0001070
3277.0000,-0.0004694,-0.0002330,0.0002184,0.0001078
3277.5000,-0.0004729,-0.0002346,0.0002201,0.0001086
3278.0000,-0.0004764,-0.0002364,0.0002217,0.0001094
3278.5000,-0.0004801,-0.0002381,0.0002234,0.0001102
3279.0000,-0.0004836,-0.0002398,0.0002251,0.0001110
3279.5000,-0.0004872,-0.0002415,0.0002267,0.0001119
3280.0000,-0.0004908,-0.0002432,0.0002285,0.0001127
3280.5000,-0.0004944,-0.0002449,0.0002301,0.0001136
3281.0000,-0.0004981,-0.0002467,0.0002319,0.0001144
3281.5000,-0.0005018,-0.0002485,0.0002336,0.0001152
3282.0000,-0.0005055,-0.0002502,0.0002353,0.0001161
3282.5000,-0.0005092,-0.0002520,0.0002370,0.0001169
3283.0000,-0.0005129,-0.0002538,0.0002388,0.0001178
3283.5000,-0.0005167,-0.0002556,0.0002406,0.0001187
3284.0000,-0.0005205,-0.0002574,0.0002423,0.0001196
3284.5000,-0.0005242,-0.0002592,0.0002441,0.0001204
3285.0000,-0.0005281,-0.0002610,0.0002459,0.0001213
3285.5000,-0.0005320,-0.0002629,0.0002477,0.0001222
3286.0000,-0.0005358,-0.0002647,0.0002495,0.0001231
3286.5000,-0.0005396,-0.0002665,0.0002513,0.0001240
3287.0000,-0.0005436,-0.0002684,0.0002531,0.0001249
3287.5000,-0.0005475,-0.0002703,0.0002550,0.0001258
3288.0000,-0.0005514,-0.0002722,0.0002568,0.0001267
3288.5000,-0.0005554,-0.0002740,0.0002586,0.0001277
3289.0000,-0.0005594,-0.0002760,0.0002605,0.0001286
3289.5000,-0.0005634,-0.0002779,0.0002624,0.0001295
3290.0000,-0.0005674,-0.0002797,0.0002643,0.0001304
3290.5000,-0.0005715,-0.0002817,0.0002662,0.0001314
3291.0000,-0.0005756,-0.0002837,0.0002681,0.0001323
3291.5000,-0.0005797,-0.0002856,0.0002700,0.0001333
3292.0000,-0.0005838,-0.0002876,0.0002720,0.0001342
3292.5000,-0.0005879,-0.0002895,0.0002739,0.0001352
3293.0000,-0.0005921,-0.0002915,0.0002758,0.0001361
3293.5000,-0.0005962,-0.0002935,0.0002778,0.0001371
3294.0000,-0.0006005,-0.0002955,0.0002797,0.0001381
3294.5000,-0.0006048,-0.0002975,0.0002817,0.0001391
3295.0000,-0.0006090,-0.0002995,0.0002837,0.0001400
3295.5000,-0.0006133,-0.0003015,0.0002857,0.0001410
3296.0000,-0.0006176,-0.0003036,0.0002877,0.0001420
3296.5000,-0.0006219,-0.0003056,0.0002898,0.0001430
3297.0000,-0.0006262,-0.0003077,0.0002918,0.0001440
3297.5000,-0.0006306,-0.0003098,0.0002939,0.0001450
3298.0000,-0.0006350,-0.0003119,0.0002959,0.0001461
3298.5000,-0.0006394,-0.0003139,0.0002980,0.0001471
3299.0000,-0.0006438,-0.0003160,0.0003000,0.0001481
3299.5000,-0.0006483,-0.0003181,0.0003021,0.0001491
3300.0000,-0.0006527,-0.0003202,0.0003042,0.0001501
3300.5000,-0.0006573,-0.0003224,0.0003063,0.0001512
3301.0000,-0.0006618,-0.0003245,0.0003084,0.0001522
3301.5000,-0.0006663,-0.0003267,0.0003105,0.0001533
3302.0000,-0.0006709,-0.0003288,0.0003127,0.0001543
3302.5000,-0.0006755,-0.0003310,0.0003149,0.0001554
3303.0000,-0.0006801,-0.0003332,0.0003170,0.0001565
3303.5000,-0.0006847,-0.0003354,0.0003192,0.0001575
3304.0000,-0.0006893,-0.0003376,0.0003213,0.0001586
3304.5000,-0.0006941,-0.0003398,0.0003236,0.0001597
3305.0000,-0.0006988,-0.0003420,0.0003258,0.0001608
3305.5000,-0.0007035,-0.0003443,0.0003280,0.0001619
3306.0000,-0.0007082,-0.0003465,0.0003302,0.0001630
3306.5000,-0.0007130,-0.0003488,0.0003324,0.0001641
3307.0000,-0.0007177,-0.0003510,0.0003346,0.0001652
3307.5000,-0.0007226,-0.0003533,0.0003369,0.0001663
3308.0000,-0.0007274,-0.0003556,0.0003391,0.0001674
3308.5000,-0.0007323,-0.0003579,0.0003415,0.0001685
3309.0000,-0.0007372,-0.0003602,0.0003437,0.0001697
3309.5000,-0.0007421,-0.0003625,0.0003460,0.0001708
3310.0000,-0.0007470,-0.0003648,0.0003484,0.0001720
3310.5000,-0.0007519,-0.0003672,0.0003506,0.0001731
3311.0000,-0.0007569,-0.0003695,0.0003530,0.0001743
3311.5000,-0.0007619,-0.0003718,0.0003553,0.0001754
3312.0000,-0.0007669,-0.0003742,0.0003577,0.0001766
3312.5000,-0.0007720,-0.0003766,0.0003600,0.0001778
3313.0000,-0.0007771,-0.0003790,0.0003624,0.0001789
3313.5000,-0.0007821,-0.0003813,0.0003648,0.0001801
3314.0000,-0.0007872,-0.0003837,0.0003672,0.0001813
3314.5000,-0.0007923,-0.0003862,0.0003696,0.0001825
3315.0000,-0.0007975,-0.0003886,0.0003720,0.0001837
3315.5000,-0.0008027,-0.0003910,0.0003744,0.0001849
3316.0000,-0.0008079,-0.0003935,0.0003768,0.0001861
3316.5000,-0.0008131,-0.0003959,0.0003793,0.0001873
3317.0000,-0.0008184,-0.0003984,0.0003818,0.0001885
3317.5000,-0.0008236,-0.0004009,0.0003842,0.0001897
3318.0000,-0.0008289,-0.0004034,0.0003867,0.0001909
3318.5000,-0.0008343,-0.0004059,0.0003892,0.0001922
3319.0000,-0.0008396,-0.0004084,0.0003917,0.0001934
3319.5000,-0.0008449,-0.0004109,0.0003942,0.0001946
3320.0000,-0.0008503,-0.0004134,0.0003967,0.0001959
3320.5000,-0.0008558,-0.0004160,0.0003993,0.0001972
3321.0000,-0.0008612,-0.0004185,0.0004019,0.0001984
3321.5000,-0.0008666,-0.0004211,0.0004044,0.0001997
3322.0000,-0.0008721,-0.0004237,0.0004069,0.0002009
3322.5000,-0.0008776,-0.0004262,0.0004095,0.0002022
3323.0000,-0.0008832,-0.0004288,0.0004121,0.0002035
3323.5000,-0.0008886,-0.0004314,0.0004147,0.0002048
3324.0000,-0.0008943,-0.0004341,0.0004174,0.0002061
3324.5000,-0.0008998,-0.0004366,0.0004199,0.0002074
3325.0000,-0.0009054,-0.0004393,0.0004226,0.0002087
3325.5000,-0.0009110,-0.0004419,0.0004252,0.0002100
3326.0000,-0.0009167,-0.0004446,0.0004278,0.0002113
3326.5000,-0.0009224,-0.0004473,0.0004305,0.0002126
3327.0000,-0.0009281,-0.0004499,0.0004332,0.0002139
3327.5000,-0.0009338,-0.0004526,0.0004359,0.0002153
3328.0000,-0.0009396,-0.0004553,0.0004386,0.0002166
3328.5000,-0.0009453,-0.0004580,0.0004413,0.0002179
3329.0000,-0.0009512,-0.0004607,0.0004440,0.0002193
3329.5000,-0.0009570,-0.0004634,0.0004467,0.0002206
3330.0000,-0.0009628,-0.0004661,0.0004494,0.0002220
3330.5000,-0.0009687,-0.0004689,0.0004522,0.0002233
3331.0000,-0.0009745,-0.0004716,0.0004549,0.0002247
3331.5000,-0.0009804,-0.0004744,0.0004577,0.0002260
3332.0000,-0.0009864,-0.0004772,0.0004605,0.0002274
3332.5000,-0.0009923,-0.0004800,0.0004633,0.0002288
3333.0000,-0.0009983,-0.0004827,0.0004661,0.0002302
3333.5000,-0.0010043,-0.0004856,0.0004689,0.0002316
3334.0000,-0.0010103,-0.0004884,0.0004717,0.0002330
3334.5000,-0.0010164,-0.0004912,0.0004746,0.0002344
3335.0000,-0.0010225,-0.0004940,0.0004774,0.0002358
3335.5000,-0.0010285,-0.0004969,0.0004802,0.0002372
3336.0000,-0.0010346,-0.0004997,0.0004831,0.0002386
3336.5000,-0.0010407,-0.0005026,0.0004860,0.0002400
3337.0000,-0.0010469,-0.0005055,0.0004889,0.0002415
3337.5000,-0.0010531,-0.0005084,0.0004918,0.0002429
3338.0000,-0.0010592,-0.0005112,0.0004946,0.0002443
3338.5000,-0.0010654,-0.0005141,0.0004976,0.0002458
3339.0000,-0.0010717,-0.0005170,0.0005005,0.0002472
3339.5000,-0.0010780,-0.0005200,0.0005034,0.0002487
3340.0000,-0.0010842,-0.0005229,0.0005064,0.0002501
3340.5000,-0.0010905,-0.0005258,0.0005093,0.0002516
3341.0000,-0.0010968,-0.0005287,0.0005123,0.0002530
3341.5000,-0.0011032,-0.0005317,0.0005153,0.0002545
3342.0000,-0.0011095,-0.0005347,0.0005182,0.0002560
3342.5000,-0.0011159,-0.0005376,0.0005212,0.0002575
3343.0000,-0.0011223,-0.0005406,0.0005243,0.0002590
3343.5000,-0.0011287,-0.0005436,0.0005272,0.0002605
3344.0000,-0.0011352,-0.0005466,0.0005303,0.0002620
3344.5000,-0.0011417,-0.0005496,0.0005333,0.0002635
3345.0000,-0.0011482,-0.0005527,0.0005364,0.0002650
3345.5000,-0.0011547,-0.0005557,0.0005394,0.0002665
3346.0000,-0.0011612,-0.0005587,0.0005425,0.0002680
3346.5000,-0.0011677,-0.0005617,0.0005455,0.0002695
3347.0000,-0.0011743,-0.0005648,0.0005486,0.0002710
3347.5000,-0.0011809,-0.0005679,0.0005517,0.0002726
3348.0000,-0.0011875,-0.0005709,0.0005548,0.0002741
3348.5000,-0.0011942,-0.0005741,0.0005579,0.0002757
3349.0000,-0.0012008,-0.0005771,0.0005610,0.0002772
3349.5000,-0.0012075,-0.0005802,0.0005642,0.0002787
3350.0000,-0.0012141,-0.0005833,0.0005673,0.0002803
3350.5000,-0.0012208,-0.0005864,0.0005704,0.0002818
3351.0000,-0.0012276,-0.0005896,0.0005736,0.0002834
3351.5000,-0.0012343,-0.0005927,0.0005768,0.0002850
3352.0000,-0.0012411,-0.0005959,0.0005800,0.0002865
3352.5000,-0.0012479,-0.0005990,0.0005831,0.0002881
3353.0000,-0.0012547,-0.0006022,0.0005863,0.0002897
3353.5000,-0.0012615,-0.0006053,0.0005895,0.0002913
3354.0000,-0.0012684,-0.0006085,0.0005928,0.0002929
3354.5000,-0.0012752,-0.0006117,0.0005960,0.0002945
3355.0000,-0.0012821,-0.0006149,0.0005992,0.0002961
3355.5000,-0.0012890,-0.0006181,0.0006024,0.0002977
3356.0000,-0.0012959,-0.0006213,0.0006057,0.0002993
3356.5000,-0.0013029,-0.0006245,0.0006089,0.0003009
3357.0000,-0.0013098,-0.0006277,0.0006122,0.0003025
3357.5000,-0.0013168,-0.0006309,0.0006155,0.0003041
3358.0000,-0.0013238,-0.0006342,0.0006188,0.0003058
3358.5000,-0.0013308,-0.0006374,0.0006220,0.0003074
3359.0000,-0.0013379,-0.0006407,0.0006254,0.0003090
3359.5000,-0.0013449,-0.0006440,0.0006287,0.0003107
3360.0000,-0.0013520,-0.0006472,0.0006320,0.0003123
3360.5000,-0.0013590,-0.0006505,0.0006353,0.0003139
3361.0000,-0.0013661,-0.0006538,0.0006386,0.0003156
3361.5000,-0.0013732,-0.0006571,0.0006420,0.0003172
3362.0000,-0.0013804,-0.0006604,0.0006454,0.0003189
3362.5000,-0.0013875,-0.0006637,0.0006486,0.0003205
3363.0000,-0.0013947,-0.0006670,0.0006520,0.0003222
3363.5000,-0.0014019,-0.0006703,0.0006554,0.0003239
3364.0000,-0.0014091,-0.0006737,0.0006588,0.0003255
3364.5000,-0.0014163,-0.0006770,0.0006622,0.0003272
3365.0000,-0.0014235,-0.0006803,0.0006655,0.0003289
3365.5000,-0.0014308,-0.0006837,0.0006690,0.0003306
3366.0000,-0.0014381,-0.0006871,0.0006724,0.0003323
3366.5000,-0.0014453,-0.0006904,0.0006758,0.0003340
3367.0000,-0.0014526,-0.0006938,0.0006792,0.0003357
3367.5000,-0.0014600,-0.0006972,0.0006827,0.0003374
3368.0000,-0.0014673,-0.0007005,0.0006861,0.0003391
3368.5000,-0.0014746,-0.0007039,0.0006896,0.0003408
3369.0000,-0.0014820,-0.0007073,0.0006930,0.0003425
3369.5000,-0.0014894,-0.0007108,0.0006965,0.0003442
3370.0000,-0.0014968,-0.0007142,0.0007000,0.0003459
3370.5000,-0.0015042,-0.0007176,0.0007035,0.0003477
3371.0000,-0.0015116,-0.0007210,0.0007069,0.0003494
3371.5000,-0.0015190,-0.0007244,0.0007104,0.0003511
3372.0000,-0.0015265,-0.0007279,0.0007139,0.0003528
3372.5000,-0.0015339,-0.0007313,0.0007174,0.0003546
3373.0000,-0.0015414,-0.0007347,0.0007209,0.0003563
3373.5000,-0.0015489,-0.0007382,0.0007244,0.0003580
3374.0000,-0.0015565,-0.0007417,0.0007280,0.0003598
3374.5000,-0.0015639,-0.0007451,0.0007315,0.0003615
3375.0000,-0.0015715,-0.0007486,0.0007350,0.0003633
3375.5000,-0.0015790,-0.0007521,0.0007386,0.0003650
3376.0000,-0.0015866,-0.0007556,0.0007421,0.0003668
3376.5000,-0.0015941,-0.0007591,0.0007457,0.0003685
3377.0000,-0.0016017,-0.0007625,0.0007492,0.0003703
3377.5000,-0.0016093,-0.0007660,0.0007528,0.0003721
3378.0000,-0.0016168,-0.0007695,0.0007563,0.0003738
3378.5000,-0.0016245,-0.0007730,0.0007599,0.0003756
3379.0000,-0.0016322,-0.0007766,0.0007635,0.0003774
3379.5000,-0.0016398,-0.0007801,0.0007671,0.0003792
3380.0000,-0.0016475,-0.0007836,0.0007707,0.0003809
3380.5000,-0.0016551,-0.0007871,0.0007743,0.0003827
3381.0000,-0.0016628,-0.0007907,0.0007779,0.0003845
3381.5000,-0.0016704,-0.0007942,0.0007815,0.0003863
3382.0000,-0.0016782,-0.0007977,0.0007851,0.0003881
3382.5000,-0.0016859,-0.0008012,0.0007888,0.0003898
3383.0000,-0.0016936,-0.0008048,0.0007924,0.0003916
3383.5000,-0.0017013,-0.0008083,0.0007960,0.0003935
3384.0000,-0.0017091,-0.0008119,0.0007997,0.0003953
3384.5000,-0.0017168,-0.0008155,0.0008033,0.0003970
3385.0000,-0.0017245,-0.0008190,0.0008069,0.0003988
3385.5000,-0.0017323,-0.0008226,0.0008106,0.0004007
3386.0000,-0.0017401,-0.0008262,0.0008142,0.0004025
3386.5000,-0.0017479,-0.0008297,0.0008179,0.0004043
3387.0000,-0.0017557,-0.0008333,0.0008216,0.0004061
3387.5000,-0.0017634,-0.0008369,0.0008252,0.0004079
3388.0000,-0.0017713,-0.0008405,0.0008289,0.0004097
3388.5000,-0.0017791,-0.0008441,0.0008326,0.0004115
3389.0000,-0.0017870,-0.0008477,0.0008363,0.0004134
3389.5000,-0.0017948,-0.0008513,0.0008400,0.0004152
3390.0000,-0.0018027,-0.0008549,0.0008437,0.0004170
3390.5000,-0.0018105,-0.0008585,0.0008473,0.0004188
3391.0000,-0.0018183,-0.0008621,0.0008510,0.0004207
3391.5000,-0.0018262,-0.0008657,0.0008547,0.0004225
3392.0000,-0.0018341,-0.0008693,0.0008584,0.0004243
3392.5000,-0.0018419,-0.0008729,0.0008621,0.0004261
3393.0000,-0.0018498,-0.0008765,0.0008658,0.0004280
3393.5000,-0.0018577,-0.0008801,0.0008695,0.0004298
3394.0000,-0.0018656,-0.0008838,0.0008732,0.0004317
3394.5000,-0.0018735,-0.0008874,0.0008769,0.0004335
3395.0000,-0.0018814,-0.0008910,0.0008806,0.0004353
3395.5000,-0.0018893,-0.0008946,0.0008844,0.0004372
3396.0000,-0.0018973,-0.0008983,0.0008881,0.0004390
3396.5000,-0.0019052,-0.0009019,0.0008918,0.0004408
3397.0000,-0.0019131,-0.0009055,0.0008955,0.0004427
3397.5000,-0.0019210,-0.0009091,0.0008992,0.0004445
3398.0000,-0.0019289,-0.0009128,0.0009030,0.0004464
3398.5000,-0.0019369,-0.0009164,0.0009067,0.0004482
3399.0000,-0.0019448,-0.0009200,0.0009104,0.0004500
3399.5000,-0.0019527,-0.0009237,0.0009141,0.0004519
3400.0000,-0.0019607,-0.0009274,0.0009179,0.0004538
3400.5000,-0.0019686,-0.0009310,0.0009216,0.0004556
3401.0000,-0.0019765,-0.0009346,0.0009253,0.0004574
3401.5000,-0.0019845,-0.0009382,0.0009291,0.0004593
3402.0000,-0.0019924,-0.0009419,0.0009328,0.0004611
3402.5000,-0.0020004,-0.0009455,0.0009366,0.0004630
3403.0000,-0.0020083,-0.0009491,0.0009403,0.0004648
3403.5000,-0.0020163,-0.0009528,0.0009440,0.0004667
3404.0000,-0.0020242,-0.0009564,0.0009478,0.0004685
3404.5000,-0.0020322,-0.0009601,0.0009515,0.0004704
3405.0000,-0.0020401,-0.0009637,0.0009552,0.0004722
3405.5000,-0.0020481,-0.0009673,0.0009590,0.0004741
3406.0000,-0.0020561,-0.0009710,0.0009628,0.0004760
3406.5000,-0.0020640,-0.0009746,0.0009665,0.0004778
3407.0000,-0.0020720,-0.0009783,0.0009702,0.0004796
3407.5000,-0.0020799,-0.0009819,0.0009739,0.0004815
3408.0000,-0.0020879,-0.0009855,0.0009777,0.0004834
3408.5000,-0.0020959,-0.0009892,0.0009814,0.0004852
3409.0000,-0.0021037,-0.0009928,0.0009851,0.0004870
3409.5000,-0.0021117,-0.0009964,0.0009889,0.0004889
3410.0000,-0.0021196,-0.0010000,0.0009926,0.0004907
3410.5000,-0.0021276,-0.0010037,0.0009963,0.0004926
3411.0000,-0.0021355,-0.0010073,0.0010001,0.0004944
3411.5000,-0.0021435,-0.0010109,0.0010038,0.0004963
3412.0000,-0.0021514,-0.0010145,0.0010075,0.0004981
3412.5000,-0.0021593,-0.0010181,0.0010113,0.0005000
3413.0000,-0.0021672,-0.0010218,0.0010150,0.0005018
3413.5000,-0.0021752,-0.0010254,0.0010187,0.0005036
3414.0000,-0.0021831,-0.0010290,0.0010225,0.0005055
3414.5000,-0.0021910,-0.0010326,0.0010262,0.0005073
3415.0000,-0.0021989,-0.0010362,0.0010299,0.0005092
3415.5000,-0.0022068,-0.0010398,0.0010336,0.0005110
3416.0000,-0.0022147,-0.0010434,0.0010373,0.0005129
3416.5000,-0.0022226,-0.0010470,0.0010410,0.0005147
3417.0000,-0.0022305,-0.0010506,0.0010447,0.0005165
3417.5000,-0.0022383,-0.0010542,0.0010484,0.0005184
3418.0000,-0.0022462,-0.0010578,0.0010522,0.0005202
3418.5000,-0.0022541,-0.0010614,0.0010558,0.0005220
3419.0000,-0.0022619,-0.0010650,0.0010595,0.0005238
3419.5000,-0.0022698,-0.0010685,0.0010632,0.0005257
3420.0000,-0.0022776,-0.0010721,0.0010669,0.0005275
3420.5000,-0.0022854,-0.0010757,0.0010706,0.0005293
3421.0000,-0.0022933,-0.0010792,0.0010743,0.0005311
3421.5000,-0.0023011,-0.0010828,0.0010779,0.0005329
3422.0000,-0.0023089,-0.0010864,0.0010816,0.0005347
3422.5000,-0.0023167,-0.0010899,0.0010853,0.0005366
3423.0000,-0.0023245,-0.0010935,0.0010890,0.0005384
3423.5000,-0.0023323,-0.0010970,0.0010926,0.0005402
3424.0000,-0.0023401,-0.0011006,0.0010963,0.0005420
3424.5000,-0.0023478,-0.0011041,0.0010999,0.0005438
3425.0000,-0.0023555,-0.0011076,0.0011036,0.0005456
3425.5000,-0.0023633,-0.0011111,0.0011073,0.0005474
3426.0000,-0.0023711,-0.0011146,0.0011108,0.0005492
3426.5000,-0.0023787,-0.0011181,0.0011144,0.0005510
3427.0000,-0.0023864,-0.0011216,0.0011181,0.0005528
3427.5000,-0.0023941,-0.0011251,0.0011217,0.0005546
3428.0000,-0.0024018,-0.0011286,0.0011253,0.0005564
3428.5000,-0.0024095,-0.0011321,0.0011289,0.0005582
3429.0000,-0.0024171,-0.0011356,0.0011325,0.0005599
3429.5000,-0.0024248,-0.0011391,0.0011361,0.0005617
3430.0000,-0.0024324,-0.0011426,0.0011397,0.0005635
3430.5000,-0.0024400,-0.0011460,0.0011433,0.0005653
3431.0000,-0.0024476,-0.0011495,0.0011468,0.0005670
3431.5000,-0.0024551,-0.0011529,0.0011504,0.0005688
3432.0000,-0.0024627,-0.0011564,0.0011540,0.0005705
3432.5000,-0.0024703,-0.0011598,0.0011575,0.0005723
3433.0000,-0.0024778,-0.0011632,0.0011611,0.0005741
3433.5000,-0.0024854,-0.0011667,0.0011646,0.0005758
3434.0000,-0.0024929,-0.0011701,0.0011682,0.0005776
3434.5000,-0.0025003,-0.0011734,0.0011717,0.0005793
3435.0000,-0.0025078,-0.0011769,0.0011752,0.0005810
3435.5000,-0.0025153,-0.0011802,0.0011787,0.0005828
3436.0000,-0.0025227,-0.0011836,0.0011822,0.0005845
3436.5000,-0.0025301,-0.0011870,0.0011857,0.0005862
3437.0000,-0.0025375,-0.0011904,0.0011892,0.0005879
3437.5000,-0.0025449,-0.0011937,0.0011927,0.0005897
3438.0000,-0.0025522,-0.0011971,0.0011961,0.0005914
3438.5000,-0.0025596,-0.0012004,0.0011996,0.0005931
3439.0000,-0.0025670,-0.0012037,0.0012030,0.0005948
3439.5000,-0.0025742,-0.0012071,0.0012065,0.0005965
3440.0000,-0.0025816,-0.0012104,0.0012099,0.0005982
3440.5000,-0.0025888,-0.0012137,0.0012133,0.0005999
3441.0000,-0.0025960,-0.0012170,0.0012167,0.0006016
3441.5000,-0.0026033,-0.0012203,0.0012201,0.0006033
3442.0000,-0.0026105,-0.0012235,0.0012236,0.0006049
3442.5000,-0.0026177,-0.0012268,0.0012269,0.0006066
3443.0000,-0.0026249,-0.0012300,0.0012303,0.0006083
3443.5000,-0.0026320,-0.0012333,0.0012337,0.0006099
3444.0000,-0.0026391,-0.0012365,0.0012370,0.0006116
3444.5000,-0.0026463,-0.0012397,0.0012404,0.0006132
3445.0000,-0.0026533,-0.0012429,0.0012437,0.0006149
3445.5000,-0.0026604,-0.0012461,0.0012470,0.0006165
3446.0000,-0.0026674,-0.0012493,0.0012503,0.0006182
3446.5000,-0.0026744,-0.0012525,0.0012536,0.0006198
3447.0000,-0.0026814,-0.0012557,0.0012569,0.0006214
3447.5000,-0.0026884,-0.0012588,0.0012602,0.0006230
3448.0000,-0.0026954,-0.0012620,0.0012635,0.0006247
3448.5000,-0.0027023,-0.0012651,0.0012667,0.0006263
3449.0000,-0.0027092,-0.0012683,0.0012700,0.0006279
3449.5000,-0.0027160,-0.0012714,0.0012732,0.0006294
3450.0000,-0.0027228,-0.0012744,0.0012764,0.0006310
3450.5000,-0.0027296,-0.0012775,0.0012796,0.0006326
3451.0000,-0.0027364,-0.0012806,0.0012828,0.0006342
3451.5000,-0.0027432,-0.0012837,0.0012860,0.0006358
3452.0000,-0.0027500,-0.0012868,0.0012892,0.0006374
3452.5000,-0.0027566,-0.0012898,0.0012923,0.0006389
3453.0000,-0.0027633,-0.0012928,0.0012955,0.0006405
3453.5000,-0.0027700,-0.0012958,0.0012986,0.0006420
3454.0000,-0.0027766,-0.0012988,0.0013017,0.0006436
3454.5000,-0.0027832,-0.0013018,0.0013048,0.0006451
3455.0000,-0.0027898,-0.0013048,0.0013079,0.0006466
3455.5000,-0.0027963,-0.0013077,0.0013110,0.0006481
3456.0000,-0.0028028,-0.0013107,0.0013141,0.0006497
3456.5000,-0.0028094,-0.0013136,0.0013172,0.0006512
3457.0000,-0.0028158,-0.0013166,0.0013202,0.0006527
3457.5000,-0.0028223,-0.0013195,0.0013232,0.0006542
3458.0000,-0.0028286,-0.0013223,0.0013262,0.0006557
3458.5000,-0.0028350,-0.0013253,0.0013292,0.0006571
3459.0000,-0.0028414,-0.0013282,0.0013322,0.0006586
3459.5000,-0.0028477,-0.0013310,0.0013352,0.0006601
3460.0000,-0.0028539,-0.0013338,0.0013382,0.0006615
3460.5000,-0.0028602,-0.0013367,0.0013411,0.0006630
3461.0000,-0.0028664,-0.0013395,0.0013440,0.0006644
3461.5000,-0.0028726,-0.0013423,0.0013470,0.0006659
3462.0000,-0.0028788,-0.0013451,0.0013498,0.0006673
3462.5000,-0.0028849,-0.0013478,0.0013527,0.0006687
3463.0000,-0.0028910,-0.0013506,0.0013556,0.0006702
3463.5000,-0.0028970,-0.0013533,0.0013585,0.0006716
3464.0000,-0.0029030,-0.0013560,0.0013613,0.0006730
3464.5000,-0.0029090,-0.0013587,0.0013641,0.0006743
3465.0000,-0.0029150,-0.0013614,0.0013669,0.0006757
3465.5000,-0.0029209,-0.0013641,0.0013697,0.0006771
3466.0000,-0.0029268,-0.0013668,0.0013725,0.0006785
3466.5000,-0.0029327,-0.0013694,0.0013752,0.0006799
3467.0000,-0.0029384,-0.0013721,0.0013780,0.0006812
3467.5000,-0.0029442,-0.0013747,0.0013807,0.0006825
3468.0000,-0.0029499,-0.0013772,0.0013834,0.0006839
3468.5000,-0.0029557,-0.0013799,0.0013861,0.0006852
3469.0000,-0.0029614,-0.0013824,0.0013888,0.0006865
3469.5000,-0.0029671,-0.0013850,0.0013915,0.0006878
3470.0000,-0.0029726,-0.0013875,0.0013941,0.0006891
3470.5000,-0.0029782,-0.0013900,0.0013967,0.0006904
3471.0000,-0.0029837,-0.0013925,0.0013993,0.0006917
3471.5000,-0.0029892,-0.0013950,0.0014019,0.0006930
3472.0000,-0.0029946,-0.0013974,0.0014044,0.0006942
3472.5000,-0.0030001,-0.0013999,0.0014070,0.0006955
3473.0000,-0.0030055,-0.0014023,0.0014095,0.0006968
3473.5000,-0.0030108,-0.0014047,0.0014121,0.0006980
3474.0000,-0.0030162,-0.0014071,0.0014146,0.0006993
3474.5000,-0.0030214,-0.0014095,0.0014171,0.0007005
3475.0000,-0.0030267,-0.0014119,0.0014195,0.0007017
3475.5000,-0.0030318,-0.0014142,0.0014220,0.0007029
3476.0000,-0.0030370,-0.0014166,0.0014244,0.0007041
3476.5000,-0.0030420,-0.0014188,0.0014268,0.0007053
3477.0000,-0.0030472,-0.0014212,0.0014292,0.0007065
3477.5000,-0.0030521,-0.0014234,0.0014316,0.0007076
3478.0000,-0.0030572,-0.0014256,0.0014339,0.0007088
3478.5000,-0.0030621,-0.0014279,0.0014362,0.0007099
3479.0000,-0.0030670,-0.0014301,0.0014386,0.0007111
3479.5000,-0.0030719,-0.0014323,0.0014409,0.0007122
3480.0000,-0.0030767,-0.0014344,0.0014431,0.0007133
3480.5000,-0.0030815,-0.0014366,0.0014454,0.0007144
3481.0000,-0.0030863,-0.0014388,0.0014477,0.0007155
3481.5000,-0.0030910,-0.0014409,0.0014499,0.0007166
3482.0000,-0.0030957,-0.0014430,0.0014521,0.0007177
3482.5000,-0.0031003,-0.0014451,0.0014543,0.0007188
3483.0000,-0.0031049,-0.0014472,0.0014564,0.0007199
3483.5000,-0.0031094,-0.0014492,0.0014585,0.0007209
3484.0000,-0.0031139,-0.0014512,0.0014607,0.0007219
3484.5000,-0.0031183,-0.0014532,0.0014627,0.0007230
3485.0000,-0.0031228,-0.0014552,0.0014649,0.0007240
3485.5000,-0.0031271,-0.0014572,0.0014669,0.0007250
3486.0000,-0.0031314,-0.0014591,0.0014689,0.0007260
3486.5000,-0.0031357,-0.0014610,0.0014710,0.0007270
3487.0000,-0.0031399,-0.0014630,0.0014729,0.0007280
3487.5000,-0.0031442,-0.0014649,0.0014750,0.0007290
3488.0000,-0.0031483,-0.0014667,0.0014769,0.0007300
3488.5000,-0.0031524,-0.0014686,0.0014789,0.0007309
3489.0000,-0.0031565,-0.0014704,0.0014808,0.0007319
3489.5000,-0.0031605,-0.0014722,0.0014826,0.0007328
3490.0000,-0.0031644,-0.0014740,0.0014845,0.0007337
3490.5000,-0.0031684,-0.0014758,0.0014864,0.0007346
3491.0000,-0.0031722,-0.0014775,0.0014882,0.0007355
3491.5000,-0.0031760,-0.0014792,0.0014900,0.0007364
3492.0000,-0.0031798,-0.0014809,0.0014918,0.0007373
3492.5000,-0.0031835,-0.0014826,0.0014935,0.0007381
3493.0000,-0.0031873,-0.0014843,0.0014953,0.0007390
3493.5000,-0.0031909,-0.0014860,0.0014970,0.0007398
3494.0000,-0.0031945,-0.0014875,0.0014987,0.0007407
3494.5000,-0.0031981,-0.0014892,0.0015004,0.0007415
3495.0000,-0.0032016,-0.0014907,0.0015021,0.0007423
3495.5000,-0.0032050,-0.0014923,0.0015037,0.0007431
3496.0000,-0.0032084,-0.0014938,0.0015053,0.0007439
3496.5000,-0.0032118,-0.0014953,0.0015069,0.0007447
3497.0000,-0.0032151,-0.0014968,0.0015085,0.0007455
3497.5000,-0.0032184,-0.0014983,0.0015100,0.0007462
3498.0000,-0.0032216,-0.0014998,0.0015115,0.0007470
3498.5000,-0.0032248,-0.0015012,0.0015130,0.0007477
3499.0000,-0.0032279,-0.0015026,0.0015145,0.0007484
3499.5000,-0.0032310,-0.0015040,0.0015160,0.0007491
3500.0000,-0.0032341,-0.0015054,0.0015174,0.0007499
3500.5000,-0.0032371,-0.0015067,0.0015188,0.0007505
3501.0000,-0.0032400,-0.0015080,0.0015202,0.0007512
3501.5000,-0.0032428,-0.0015093,0.0015215,0.0007519
3502.0000,-0.0032457,-0.0015106,0.0015229,0.0007525
3502.5000,-0.0032484,-0.0015118,0.0015242,0.0007532
3503.0000,-0.0032512,-0.0015130,0.0015255,0.0007538
3503.5000,-0.0032539,-0.0015143,0.0015268,0.0007545
3504.0000,-0.0032566,-0.0015155,0.0015280,0.0007551
3504.5000,-0.0032591,-0.0015166,0.0015292,0.0007557
3505.0000,-0.0032617,-0.0015178,0.0015304,0.0007563
3505.5000,-0.0032642,-0.0015189,0.0015316,0.0007568
3506.0000,-0.0032666,-0.0015200,0.0015328,0.0007574
3506.5000,-0.0032690,-0.0015210,0.0015339,0.0007579
3507.0000,-0.0032713,-0.0015221,0.0015350,0.0007585
3507.5000,-0.0032736,-0.0015231,0.0015361,0.0007590
3508.0000,-0.0032759,-0.0015241,0.0015371,0.0007595
3508.5000,-0.0032780,-0.0015251,0.0015382,0.0007600
3509.0000,-0.0032802,-0.0015260,0.0015392,0.0007605
3509.5000,-0.0032823,-0.0015270,0.0015402,0.0007610
3510.0000,-0.0032843,-0.0015279,0.0015412,0.0007615
3510.5000,-0.0032863,-0.0015288,0.0015421,0.0007620
3511.0000,-0.0032882,-0.0015296,0.0015430,0.0007624
3511.5000,-0.0032902,-0.0015305,0.0015439,0.0007628
3512.0000,-0.0032920,-0.0015313,0.0015448,0.0007632
3512.5000,-0.0032938,-0.0015321,0.0015456,0.0007637
3513.0000,-0.0032955,-0.0015329,0.0015465,0.0007640
3513.5000,-0.0032972,-0.0015337,0.0015473,0.0007644
3514.0000,-0.0032988,-0.0015344,0.0015480,0.0007648
3514.5000,-0.0033004,-0.0015351,0.0015488,0.0007652
3515.0000,-0.0033019,-0.0015358,0.0015495,0.0007655
3515.5000,-0.0033034,-0.0015364,0.0015502,0.0007659
3516.0000,-0.0033048,-0.0015371,0.0015509,0.0007662
3516.5000,-0.0033062,-0.0015377,0.0015515,0.0007665
3517.0000,-0.0033075,-0.0015382,0.0015522,0.0007668
3517.5000,-0.0033087,-0.0015388,0.0015527,0.0007671
3518.0000,-0.0033100,-0.0015394,0.0015533,0.0007674
3518.5000,-0.0033111,-0.0015399,0.0015539,0.0007676
3519.0000,-0.0033123,-0.0015404,0.0015544,0.0007679
3519.5000,-0.0033133,-0.0015408,0.0015549,0.0007682
3520.0000,-0.0033143,-0.0015413,0.0015554,0.0007684
3520.5000,-0.0033153,-0.0015417,0.0015559,0.0007686
3521.0000,-0.0033161,-0.0015421,0.0015563,0.0007688
3521.5000,-0.0033170,-0.0015425,0.0015567,0.0007690
3522.0000,-0.0033178,-0.0015428,0.0015571,0.0007692
3522.5000,-0.0033186,-0.0015432,0.0015574,0.0007693
3523.0000,-0.0033192,-0.0015434,0.0015577,0.0007695
3523.5000,-0.0033199,-0.0015438,0.0015581,0.0007696
3524.0000,-0.0033205,-0.0015440,0.0015583,0.0007698
3524.5000,-0.0033210,-0.0015443,0.0015586,0.0007699
3525.0000,-0.0033215,-0.0015445,0.0015588,0.0007700
3525.5000,-0.0033220,-0.0015447,0.0015591,0.0007701
3526.0000,-0.0033223,-0.0015448,0.0015592,0.0007702
3526.5000,-0.0033226,-0.0015449,0.0015594,0.0007702
3527.0000,-0.0033229,-0.0015451,0.0015595,0.0007703
3527.5000,-0.0033231,-0.0015451,0.0015596,0.0007703
3528.0000,-0.0033233,-0.0015452,0.0015597,0.0007704
3528.5000,-0.0033234,-0.0015453,0.0015598,0.0007704
3529.0000,-0.0033235,-0.0015453,0.0015598,0.0007704
3529.5000,-0.0033234,-0.0015453,0.0015598,0.0007704
3530.0000,-0.0033234,-0.0015452,0.0015598,0.0007704
3530.5000,-0.0033233,-0.0015452,0.0015598,0.0007704
3531.0000,-0.0033232,-0.0015451,0.0015597,0.0007703
3531.5000,-0.0033230,-0.0015450,0.0015596,0.0007703
3532.0000,-0.0033227,-0.0015449,0.0015595,0.0007702
3532.5000,-0.0033224,-0.0015447,0.0015594,0.0007701
3533.0000,-0.0033221,-0.0015446,0.0015592,0.0007701
3533.5000,-0.0033216,-0.0015444,0.0015590,0.0007699
3534.0000,-0.0033212,-0.0015442,0.0015588,0.0007698
3534.5000,-0.0033207,-0.0015439,0.0015586,0.0007697
3535.0000,-0.0033201,-0.0015437,0.0015583,0.0007696
3535.5000,-0.0033195,-0.0015434,0.0015580,0.0007694
3536.0000,-0.0033188,-0.0015430,0.0015577,0.0007693
3536.5000,-0.0033181,-0.0015427,0.0015574,0.0007691
3537.0000,-0.0033173,-0.0015424,0.0015570,0.0007689
3537.5000,-0.0033165,-0.0015420,0.0015566,0.0007687
3538.0000,-0.0033156,-0.0015415,0.0015562,0.0007685
3538.5000,-0.0033146,-0.0015411,0.0015558,0.0007683
3539.0000,-0.0033137,-0.0015407,0.0015553,0.0007680
3539.5000,-0.0033126,-0.0015402,0.0015548,0.0007678
3540.0000,-0.0033115,-0.0015397,0.0015543,0.0007675
3540.5000,-0.0033104,-0.0015392,0.0015538,0.0007673
3541.0000,-0.0033092,-0.0015387,0.0015533,0.0007670
3541.5000,-0.0033080,-0.0015381,0.0015527,0.0007667
3542.0000,-0.0033066,-0.0015375,0.0015520,0.0007664
3542.5000,-0.0033053,-0.0015369,0.0015514,0.0007661
3543.0000,-0.0033039,-0.0015362,0.0015508,0.0007657
3543.5000,-0.0033024,-0.0015355,0.0015501,0.0007654
3544.0000,-0.0033009,-0.0015348,0.0015494,0.0007650
3544.5000,-0.0032994,-0.0015341,0.0015487,0.0007647
3545.0000,-0.0032978,-0.0015334,0.0015479,0.0007643
3545.5000,-0.0032961,-0.0015327,0.0015471,0.0007639
3546.0000,-0.0032944,-0.0015319,0.0015463,0.0007635
3546.5000,-0.0032926,-0.0015311,0.0015455,0.0007631
3547.0000,-0.0032909,-0.0015303,0.0015447,0.0007627
3547.5000,-0.0032890,-0.0015294,0.0015438,0.0007622
3548.0000,-0.0032871,-0.0015285,0.0015429,0.0007618
3548.5000,-0.0032851,-0.0015276,0.0015420,0.0007613
3549.0000,-0.0032831,-0.0015267,0.0015411,0.0007608
3549.5000,-0.0032810,-0.0015258,0.0015401,0.0007603
3550.0000,-0.0032789,-0.0015248,0.0015391,0.0007599
3550.5000,-0.0032768,-0.0015238,0.0015381,0.0007593
3551.0000,-0.0032746,-0.0015228,0.0015371,0.0007588
3551.5000,-0.0032723,-0.0015218,0.0015360,0.0007583
3552.0000,-0.0032700,-0.0015207,0.0015349,0.0007577
3552.5000,-0.0032676,-0.0015197,0.0015338,0.0007572
3553.0000,-0.0032652,-0.0015186,0.0015327,0.0007566
3553.5000,-0.0032627,-0.0015175,0.0015315,0.0007560
3554.0000,-0.0032602,-0.0015163,0.0015303,0.0007555
3554.5000,-0.0032576,-0.0015151,0.0015291,0.0007548
3555.0000,-0.0032550,-0.0015140,0.0015279,0.0007542
3555.5000,-0.0032524,-0.0015128,0.0015267,0.0007536
3556.0000,-0.0032496,-0.0015115,0.0015254,0.0007530
3556.5000,-0.0032469,-0.0015103,0.0015241,0.0007523
3557.0000,-0.0032441,-0.0015090,0.0015228,0.0007517
3557.5000,-0.0032413,-0.0015077,0.0015215,0.0007510
3558.0000,-0.0032383,-0.0015063,0.0015201,0.0007503
3558.5000,-0.0032354,-0.0015050,0.0015187,0.0007496
3559.0000,-0.0032324,-0.0015037,0.0015173,0.0007489
3559.5000,-0.0032293,-0.0015023,0.0015159,0.0007482
3560.0000,-0.0032262,-0.0015008,0.0015144,0.0007475
3560.5000,-0.0032231,-0.0014994,0.0015129,0.0007467
3561.0000,-0.0032199,-0.0014980,0.0015114,0.0007460
3561.5000,-0.0032166,-0.0014965,0.0015099,0.0007452
3562.0000,-0.0032134,-0.0014950,0.0015084,0.0007445
3562.5000,-0.0032101,-0.0014935,0.0015068,0.0007437
3563.0000,-0.0032066,-0.0014920,0.0015052,0.0007429
3563.5000,-0.0032032,-0.0014904,0.0015036,0.0007421
3564.0000,-0.0031998,-0.0014888,0.0015020,0.0007413
3564.5000,-0.0031962,-0.0014872,0.0015003,0.0007405
3565.0000,-0.0031926,-0.0014856,0.0014986,0.0007396
3565.5000,-0.0031891,-0.0014840,0.0014970,0.0007388
3566.0000,-0.0031854,-0.0014823,0.0014953,0.0007379
3566.5000,-0.0031817,-0.0014806,0.0014935,0.0007371
3567.0000,-0.0031780,-0.0014789,0.0014918,0.0007362
3567.5000,-0.0031742,-0.0014772,0.0014900,0.0007353
3568.0000,-0.0031703,-0.0014755,0.0014882,0.0007344
3568.5000,-0.0031664,-0.0014737,0.0014864,0.0007335
3569.0000,-0.0031625,-0.0014719,0.0014845,0.0007326
3569.5000,-0.0031586,-0.0014701,0.0014826,0.0007316
3570.0000,-0.0031545,-0.0014683,0.0014807,0.0007307
3570.5000,-0.0031504,-0.0014664,0.0014788,0.0007298
3571.0000,-0.0031464,-0.0014646,0.0014769,0.0007288
3571.5000,-0.0031422,-0.0014627,0.0014750,0.0007278
3572.0000,-0.0031380,-0.0014608,0.0014730,0.0007268
3572.5000,-0.0031338,-0.0014589,0.0014710,0.0007259
3573.0000,-0.0031295,-0.0014570,0.0014690,0.0007248
3573.5000,-0.0031252,-0.0014550,0.0014670,0.0007238
3574.0000,-0.0031208,-0.0014530,0.0014650,0.0007228
3574.5000,-0.0031164,-0.0014510,0.0014629,0.0007218
3575.0000,-0.0031121,-0.0014490,0.0014608,0.0007207
3575.5000,-0.0031075,-0.0014470,0.0014587,0.0007197
3576.0000,-0.0031029,-0.0014449,0.0014565,0.0007186
3576.5000,-0.0030984,-0.0014429,0.0014544,0.0007176
3577.0000,-0.0030938,-0.0014407,0.0014522,0.0007165
3577.5000,-0.0030891,-0.0014386,0.0014500,0.0007154
3578.0000,-0.0030844,-0.0014365,0.0014478,0.0007143
3578.5000,-0.0030796,-0.0014343,0.0014456,0.0007132
3579.0000,-0.0030749,-0.0014322,0.0014434,0.0007121
3579.5000,-0.0030701,-0.0014300,0.0014411,0.0007110
3580.0000,-0.0030652,-0.0014278,0.0014388,0.0007098
3580.5000,-0.0030603,-0.0014256,0.0014365,0.0007086
3581.0000,-0.0030554,-0.0014233,0.0014342,0.0007075
3581.5000,-0.0030504,-0.0014210,0.0014319,0.0007063
3582.0000,-0.0030454,-0.0014188,0.0014295,0.0007051
3582.5000,-0.0030403,-0.0014165,0.0014271,0.0007040
3583.0000,-0.0030352,-0.0014142,0.0014247,0.0007028
3583.5000,-0.0030301,-0.0014119,0.0014223,0.0007016
3584.0000,-0.0030250,-0.0014095,0.0014199,0.0007004
3584.5000,-0.0030198,-0.0014071,0.0014175,0.0006992
3585.0000,-0.0030145,-0.0014048,0.0014150,0.0006980
3585.5000,-0.0030092,-0.0014023,0.0014125,0.0006967
3586.0000,-0.0030039,-0.0013999,0.0014100,0.0006955
3586.5000,-0.0029985,-0.0013975,0.0014075,0.0006942
3587.0000,-0.0029932,-0.0013951,0.0014050,0.0006930
3587.5000,-0.0029877,-0.0013926,0.0014024,0.0006917
3588.0000,-0.0029823,-0.0013901,0.0013999,0.0006904
3588.5000,-0.0029768,-0.0013877,0.0013973,0.0006891
3589.0000,-0.0029712,-0.0013851,0.0013947,0.0006878
3589.5000,-0.0029657,-0.0013826,0.0013921,0.0006865
3590.0000,-0.0029600,-0.0013801,0.0013894,0.0006852
3590.5000,-0.0029544,-0.0013775,0.0013868,0.0006839
3591.0000,-0.0029487,-0.0013749,0.0013841,0.0006826
3591.5000,-0.0029430,-0.0013723,0.0013814,0.0006813
3592.0000,-0.0029373,-0.0013697,0.0013788,0.0006799
3592.5000,-0.0029315,-0.0013671,0.0013760,0.0006786
3593.0000,-0.0029257,-0.0013645,0.0013733,0.0006772
3593.5000,-0.0029199,-0.0013618,0.0013706,0.0006758
3594.0000,-0.0029140,-0.0013592,0.0013678,0.0006745
3594.5000,-0.0029081,-0.0013565,0.0013650,0.0006731
3595.0000,-0.0029021,-0.0013538,0.0013622,0.0006717
3595.5000,-0.0028961,-0.0013511,0.0013594,0.0006703
3596.0000,-0.0028901,-0.0013483,0.0013566,0.0006689
3596.5000,-0.0028841,-0.0013456,0.0013538,0.0006675
3597.0000,-0.0028780,-0.0013428,0.0013509,0.0006661
3597.5000,-0.0028718,-0.0013400,0.0013480,0.0006646
3598.0000,-0.0028657,-0.0013372,0.0013451,0.0006632
3598.5000,-0.0028596,-0.0013345,0.0013423,0.0006618
3599.0000,-0.0028534,-0.0013316,0.0013394,0.0006603
3599.5000,-0.0028471,-0.0013288,0.0013364,0.0006589
3600.0000,-0.0028409,-0.0013260,0.0013335,0.0006574
3600.5000,-0.0028346,-0.0013231,0.0013305,0.0006559
3601.0000,-0.0028283,-0.0013202,0.0013276,0.0006545
3601.5000,-0.0028219,-0.0013173,0.0013246,0.0006530
3602.0000,-0.0028156,-0.0013145,0.0013215,0.0006515
3602.5000,-0.0028092,-0.0013116,0.0013186,0.0006500
3603.0000,-0.0028027,-0.0013086,0.0013155,0.0006485
3603.5000,-0.0027962,-0.0013057,0.0013125,0.0006470
3604.0000,-0.0027897,-0.0013027,0.0013094,0.0006455
3604.5000,-0.0027833,-0.0012998,0.0013064,0.0006440
3605.0000,-0.0027767,-0.0012968,0.0013033,0.0006424
3605.5000,-0.0027701,-0.0012938,0.0013002,0.0006409
3606.0000,-0.0027636,-0.0012909,0.0012971,0.0006394
3606.5000,-0.0027569,-0.0012878,0.0012940,0.0006378
3607.0000,-0.0027503,-0.0012848,0.0012909,0.0006363
3607.5000,-0.0027436,-0.0012818,0.0012878,0.0006347
3608.0000,-0.0027369,-0.0012787,0.0012846,0.0006332
3608.5000,-0.0027301,-0.0012756,0.0012814,0.0006316
3609.0000,-0.0027234,-0.0012726,0.0012782,0.0006300
3609.5000,-0.0027166,-0.0012695,0.0012751,0.0006284
3610.0000,-0.0027099,-0.0012664,0.0012719,0.0006268
3610.5000,-0.0027030,-0.0012633,0.0012687,0.0006252
3611.0000,-0.0026962,-0.0012602,0.0012655,0.0006236
3611.5000,-0.0026893,-0.0012571,0.0012622,0.0006220
3612.0000,-0.0026824,-0.0012539,0.0012590,0.0006204
3612.5000,-0.0026755,-0.0012508,0.0012557,0.0006188
3613.0000,-0.0026686,-0.0012477,0.0012525,0.0006172
3613.5000,-0.0026616,-0.0012445,0.0012492,0.0006156
3614.0000,-0.0026546,-0.0012413,0.0012459,0.0006139
3614.5000,-0.0026476,-0.0012381,0.0012427,0.0006123
3615.0000,-0.0026406,-0.0012349,0.0012393,0.0006107
3615.5000,-0.0026335,-0.0012317,0.0012360,0.0006090
3616.0000,-0.0026265,-0.0012285,0.0012327,0.0006074
3616.5000,-0.0026193,-0.0012253,0.0012293,0.0006057
3617.0000,-0.0026123,-0.0012220,0.0012260,0.0006041
3617.5000,-0.0026051,-0.0012188,0.0012226,0.0006024
3618.0000,-0.0025979,-0.0012155,0.0012193,0.0006007
3618.5000,-0.0025908,-0.0012123,0.0012159,0.0005991
3619.0000,-0.0025836,-0.0012090,0.0012125,0.0005974
3619.5000,-0.0025764,-0.0012057,0.0012092,0.0005957
3620.0000,-0.0025692,-0.0012025,0.0012058,0.0005940
3620.5000,-0.0025620,-0.0011992,0.0012024,0.0005924
3621.0000,-0.0025547,-0.0011959,0.0011990,0.0005907
3621.5000,-0.0025473,-0.0011925,0.0011955,0.0005890
3622.0000,-0.0025401,-0.0011892,0.0011921,0.0005873
3622.5000,-0.0025327,-0.0011859,0.0011886,0.0005856
3623.0000,-0.0025254,-0.0011825,0.0011852,0.0005839
3623.5000,-0.0025180,-0.0011792,0.0011817,0.0005821
3624.0000,-0.0025107,-0.0011758,0.0011783,0.0005804
3624.5000,-0.0025033,-0.0011725,0.0011748,0.0005787
3625.0000,-0.0024959,-0.0011691,0.0011714,0.0005770
3625.5000,-0.0024885,-0.0011657,0.0011678,0.0005753
3626.0000,-0.0024811,-0.0011624,0.0011644,0.0005735
3626.5000,-0.0024737,-0.0011590,0.0011609,0.0005718
3627.0000,-0.0024662,-0.0011556,0.0011573,0.0005700
3627.5000,-0.0024587,-0.0011521,0.0011538,0.0005683
3628.0000,-0.0024512,-0.0011487,0.0011503,0.0005666
3628.5000,-0.0024437,-0.0011453,0.0011468,0.0005648
3629.0000,-0.0024362,-0.0011419,0.0011433,0.0005631
3629.5000,-0.0024287,-0.0011385,0.0011397,0.0005613
3630.0000,-0.0024211,-0.0011350,0.0011362,0.0005596
3630.5000,-0.0024136,-0.0011316,0.0011326,0.0005578
3631.0000,-0.0024060,-0.0011281,0.0011291,0.0005560
3631.5000,-0.0023985,-0.0011247,0.0011255,0.0005543
3632.0000,-0.0023909,-0.0011213,0.0011220,0.0005525
3632.5000,-0.0023833,-0.0011178,0.0011184,0.0005507
3633.0000,-0.0023757,-0.0011143,0.0011148,0.0005489
3633.5000,-0.0023680,-0.0011108,0.0011112,0.0005472
3634.0000,-0.0023604,-0.0011074,0.0011076,0.0005454
3634.5000,-0.0023528,-0.0011039,0.0011040,0.0005436
3635.0000,-0.0023452,-0.0011004,0.0011005,0.0005419
3635.5000,-0.0023374,-0.0010969,0.0010968,0.0005401
3636.0000,-0.0023298,-0.0010934,0.0010932,0.0005383
3636.5000,-0.0023221,-0.0010899,0.0010896,0.0005365
3637.0000,-0.0023144,-0.0010863,0.0010860,0.0005347
3637.5000,-0.0023067,-0.0010829,0.0010824,0.0005329
3638.0000,-0.0022990,-0.0010794,0.0010788,0.0005311
3638.5000,-0.0022913,-0.0010758,0.0010751,0.0005293
3639.0000,-0.0022836,-0.0010723,0.0010715,0.0005275
3639.5000,-0.0022759,-0.0010688,0.0010679,0.0005257
3640.0000,-0.0022681,-0.0010652,0.0010642,0.0005239
3640.5000,-0.0022603,-0.0010617,0.0010606,0.0005221
3641.0000,-0.0022526,-0.0010582,0.0010569,0.0005203
3641.5000,-0.0022448,-0.0010546,0.0010533,0.0005185
3642.0000,-0.0022370,-0.0010511,0.0010496,0.0005167
3642.5000,-0.0022292,-0.0010475,0.0010460,0.0005149
3643.0000,-0.0022215,-0.0010440,0.0010423,0.0005131
3643.5000,-0.0022137,-0.0010404,0.0010387,0.0005113
3644.0000,-0.0022059,-0.0010369,0.0010350,0.0005094
3644.5000,-0.0021982,-0.0010333,0.0010314,0.0005077
3645.0000,-0.0021903,-0.0010297,0.0010277,0.0005058
3645.5000,-0.0021826,-0.0010262,0.0010240,0.0005040
3646.0000,-0.0021747,-0.0010226,0.0010203,0.0005022
3646.5000,-0.0021669,-0.0010190,0.0010167,0.0005004
3647.0000,-0.0021591,-0.0010155,0.0010130,0.0004986
3647.5000,-0.0021513,-0.0010119,0.0010093,0.0004968
3648.0000,-0.0021434,-0.0010083,0.0010056,0.0004949
3648.5000,-0.0021356,-0.0010048,0.0010020,0.0004931
3649.0000,-0.0021278,-0.0010012,0.0009983,0.0004913
3649.5000,-0.0021200,-0.0009976,0.0009946,0.0004895
3650.0000,-0.0021122,-0.0009940,0.0009909,0.0004876
3650.5000,-0.0021044,-0.0009904,0.0009873,0.0004858
3651.0000,-0.0020965,-0.0009869,0.0009836,0.0004840
3651.5000,-0.0020887,-0.0009833,0.0009799,0.0004822
3652.0000,-0.0020809,-0.0009797,0.0009762,0.0004803
3652.5000,-0.0020731,-0.0009761,0.0009725,0.0004785
3653.0000,-0.0020652,-0.0009725,0.0009689,0.0004767
3653.5000,-0.0020573,-0.0009690,0.0009652,0.0004749
3654.0000,-0.0020495,-0.0009654,0.0009614,0.0004731
3654.5000,-0.0020417,-0.0009618,0.0009578,0.0004712
3655.0000,-0.0020338,-0.0009582,0.0009541,0.0004694
3655.5000,-0.0020260,-0.0009546,0.0009504,0.0004676
3656.0000,-0.0020182,-0.0009510,0.0009467,0.0004658
3656.5000,-0.0020104,-0.0009475,0.0009431,0.0004640
3657.0000,-0.0020026,-0.0009439,0.0009394,0.0004621
3657.5000,-0.0019947,-0.0009403,0.0009357,0.0004603
3658.0000,-0.0019869,-0.0009367,0.0009321,0.0004585
3658.5000,-0.0019791,-0.0009331,0.0009284,0.0004567
3659.0000,-0.0019712,-0.0009295,0.0009247,0.0004549
3659.5000,-0.0019634,-0.0009260,0.0009210,0.0004530
3660.0000,-0.0019555,-0.0009223,0.0009173,0.0004512
3660.5000,-0.0019477,-0.0009188,0.0009136,0.0004494
3661.0000,-0.0019399,-0.0009152,0.0009100,0.0004476
3661.5000,-0.0019321,-0.0009116,0.0009063,0.0004458
3662.0000,-0.0019244,-0.0009081,0.0009026,0.0004440
3662.5000,-0.0019165,-0.0009045,0.0008990,0.0004422
3663.0000,-0.0019087,-0.0009009,0.0008953,0.0004404
3663.5000,-0.0019010,-0.0008973,0.0008917,0.0004385
3664.0000,-0.0018931,-0.0008938,0.0008880,0.0004367
3664.5000,-0.0018854,-0.0008902,0.0008843,0.0004349
3665.0000,-0.0018776,-0.0008866,0.0008807,0.0004331
3665.5000,-0.0018698,-0.0008830,0.0008770,0.0004313
3666.0000,-0.0018621,-0.0008795,0.0008734,0.0004295
3666.5000,-0.0018543,-0.0008759,0.0008697,0.0004277
3667.0000,-0.0018466,-0.0008724,0.0008661,0.0004259
3667.5000,-0.0018388,-0.0008688,0.0008624,0.0004241
3668.0000,-0.0018311,-0.0008653,0.0008588,0.0004223
3668.5000,-0.0018233,-0.0008617,0.0008552,0.0004205
3669.0000,-0.0018156,-0.0008582,0.0008515,0.0004187
3669.5000,-0.0018079,-0.0008546,0.0008479,0.0004169
3670.0000,-0.0018002,-0.0008511,0.0008443,0.0004151
3670.5000,-0.0017925,-0.0008475,0.0008407,0.0004133
3671.0000,-0.0017847,-0.0008440,0.0008370,0.0004115
3671.5000,-0.0017770,-0.0008405,0.0008334,0.0004097
3672.0000,-0.0017693,-0.0008369,0.0008298,0.0004080
3672.5000,-0.0017617,-0.0008334,0.0008262,0.0004062
3673.0000,-0.0017540,-0.0008299,0.0008226,0.0004044
3673.5000,-0.0017464,-0.0008264,0.0008190,0.0004026
3674.0000,-0.0017388,-0.0008229,0.0008154,0.0004008
3674.5000,-0.0017311,-0.0008193,0.0008118,0.0003991
3675.0000,-0.0017235,-0.0008159,0.0008082,0.0003973
3675.5000,-0.0017158,-0.0008123,0.0008046,0.0003955
3676.0000,-0.0017082,-0.0008089,0.0008011,0.0003938
3676.5000,-0.0017006,-0.0008053,0.0007975,0.0003920
3677.0000,-0.0016931,-0.0008019,0.0007939,0.0003902
3677.5000,-0.0016855,-0.0007984,0.0007904,0.0003885
3678.0000,-0.0016779,-0.0007949,0.0007868,0.0003867
3678.5000,-0.0016704,-0.0007914,0.0007833,0.0003850
3679.0000,-0.0016628,-0.0007879,0.0007797,0.0003832
3679.5000,-0.0016553,-0.0007845,0.0007762,0.0003814
3680.0000,-0.0016478,-0.0007810,0.0007727,0.0003797
3680.5000,-0.0016402,-0.0007775,0.0007691,0.0003779
3681.0000,-0.0016327,-0.0007741,0.0007656,0.0003762
3681.5000,-0.0016252,-0.0007706,0.0007621,0.0003745
3682.0000,-0.0016178,-0.0007672,0.0007586,0.0003727
3682.5000,-0.0016103,-0.0007637,0.0007550,0.0003710
3683.0000,-0.0016029,-0.0007603,0.0007516,0.0003693
3683.5000,-0.0015954,-0.0007569,0.0007480,0.0003676
3684.0000,-0.0015880,-0.0007535,0.0007445,0.0003658
3684.5000,-0.0015806,-0.0007500,0.0007411,0.0003641
3685.0000,-0.0015731,-0.0007466,0.0007376,0.0003624
3685.5000,-0.0015658,-0.0007432,0.0007341,0.0003607
3686.0000,-0.0015584,-0.0007398,0.0007307,0.0003589
3686.5000,-0.0015510,-0.0007364,0.0007272,0.0003572
3687.0000,-0.0015437,-0.0007331,0.0007237,0.0003555
3687.5000,-0.0015362,-0.0007296,0.0007202,0.0003538
3688.0000,-0.0015289,-0.0007263,0.0007168,0.0003521
3688.5000,-0.0015216,-0.0007229,0.0007133,0.0003504
3689.0000,-0.0015143,-0.0007196,0.0007100,0.0003487
3689.5000,-0.0015070,-0.0007162,0.0007065,0.0003470
3690.0000,-0.0014998,-0.0007129,0.0007031,0.0003454
3690.5000,-0.0014925,-0.0007095,0.0006997,0.0003437
3691.0000,-0.0014853,-0.0007062,0.0006963,0.0003420
3691.5000,-0.0014781,-0.0007028,0.0006929,0.0003403
3692.0000,-0.0014708,-0.0006995,0.0006895,0.0003387
3692.5000,-0.0014636,-0.0006962,0.0006861,0.0003370
3693.0000,-0.0014565,-0.0006929,0.0006828,0.0003353
3693.5000,-0.0014493,-0.0006895,0.0006794,0.0003337
3694.0000,-0.0014422,-0.0006863,0.0006761,0.0003320
3694.5000,-0.0014350,-0.0006829,0.0006726,0.0003304
3695.0000,-0.0014279,-0.0006797,0.0006693,0.0003287
3695.5000,-0.0014208,-0.0006764,0.0006660,0.0003270
3696.0000,-0.0014137,-0.0006731,0.0006627,0.0003254
3696.5000,-0.0014067,-0.0006698,0.0006594,0.0003238
3697.0000,-0.0013996,-0.0006666,0.0006561,0.0003221
3697.5000,-0.0013926,-0.0006633,0.0006527,0.0003205
3698.0000,-0.0013856,-0.0006601,0.0006495,0.0003189
3698.5000,-0.0013786,-0.0006569,0.0006462,0.0003173
3699.0000,-0.0013715,-0.0006536,0.0006428,0.0003156
3699.5000,-0.0013647,-0.0006504,0.0006396,0.0003140
3700.0000,-0.0013577,-0.0006472,0.0006364,0.0003124
3700.5000,-0.0013508,-0.0006440,0.0006331,0.0003108
3701.0000,-0.0013438,-0.0006408,0.0006298,0.0003092
3701.5000,-0.0013369,-0.0006376,0.0006266,0.0003076
3702.0000,-0.0013301,-0.0006344,0.0006233,0.0003060
3702.5000,-0.0013232,-0.0006312,0.0006201,0.0003044
3703.0000,-0.0013163,-0.0006280,0.0006169,0.0003028
3703.5000,-0.0013094,-0.0006249,0.0006137,0.0003012
3704.0000,-0.0013026,-0.0006217,0.0006105,0.0002997
3704.5000,-0.0012959,-0.0006186,0.0006073,0.0002981
3705.0000,-0.0012891,-0.0006154,0.0006041,0.0002965
3705.5000,-0.0012823,-0.0006123,0.0006009,0.0002950
3706.0000,-0.0012756,-0.0006092,0.0005977,0.0002934
3706.5000,-0.0012688,-0.0006061,0.0005946,0.0002918
3707.0000,-0.0012622,-0.0006030,0.0005915,0.0002903
3707.5000,-0.0012555,-0.0005999,0.0005883,0.0002887
3708.0000,-0.0012488,-0.0005968,0.0005852,0.0002872
3708.5000,-0.0012422,-0.0005937,0.0005821,0.0002856
3709.0000,-0.0012355,-0.0005906,0.0005789,0.0002841
3709.5000,-0.0012290,-0.0005876,0.0005759,0.0002826
3710.0000,-0.0012224,-0.0005845,0.0005727,0.0002811
3710.5000,-0.0012158,-0.0005815,0.0005697,0.0002795
3711.0000,-0.0012092,-0.0005784,0.0005666,0.0002780
3711.5000,-0.0012027,-0.0005754,0.0005635,0.0002765
3712.0000,-0.0011962,-0.0005724,0.0005605,0.0002750
3712.5000,-0.0011897,-0.0005693,0.0005574,0.0002735
3713.0000,-0.0011832,-0.0005664,0.0005544,0.0002720
3713.5000,-0.0011767,-0.0005633,0.0005513,0.0002705
3714.0000,-0.0011703,-0.0005604,0.0005483,0.0002690
3714.5000,-0.0011640,-0.0005574,0.0005453,0.0002675
3715.0000,-0.0011575,-0.0005544,0.0005423,0.0002660
3715.5000,-0.0011512,-0.0005514,0.0005393,0.0002646
3716.0000,-0.0011449,-0.0005485,0.0005364,0.0002631
3716.5000,-0.0011385,-0.0005455,0.0005334,0.0002616
3717.0000,-0.0011322,-0.0005426,0.0005304,0.0002602
3717.5000,-0.0011260,-0.0005397,0.0005275,0.0002587
3718.0000,-0.0011197,-0.0005368,0.0005245,0.0002573
3718.5000,-0.0011134,-0.0005339,0.0005215,0.0002558
3719.0000,-0.0011071,-0.0005309,0.0005186,0.0002544
3719.5000,-0.0011009,-0.0005281,0.0005157,0.0002529
3720.0000,-0.0010947,-0.0005252,0.0005128,0.0002515
3720.5000,-0.0010886,-0.0005223,0.0005099,0.0002501
3721.0000,-0.0010824,-0.0005194,0.0005070,0.0002486
3721.5000,-0.0010763,-0.0005166,0.0005042,0.0002472
3722.0000,-0.0010702,-0.0005138,0.0005013,0.0002458
3722.5000,-0.0010640,-0.0005109,0.0004984,0.0002444
3723.0000,-0.0010580,-0.0005081,0.0004956,0.0002430
3723.5000,-0.0010519,-0.0005053,0.0004927,0.0002416
3724.0000,-0.0010460,-0.0005025,0.0004899,0.0002402
3724.5000,-0.0010399,-0.0004997,0.0004871,0.0002388
3725.0000,-0.0010339,-0.0004969,0.0004843,0.0002374
3725.5000,-0.0010280,-0.0004941,0.0004815,0.0002361
3726.0000,-0.0010220,-0.0004913,0.0004787,0.0002347
3726.5000,-0.0010161,-0.0004886,0.0004759,0.0002333
3727.0000,-0.0010103,-0.0004859,0.0004731,0.0002320
3727.5000,-0.0010044,-0.0004831,0.0004704,0.0002306
3728.0000,-0.0009984,-0.0004803,0.0004676,0.0002292
3728.5000,-0.0009927,-0.0004776,0.0004649,0.0002279
3729.0000,-0.0009869,-0.0004750,0.0004621,0.0002266
3729.5000,-0.0009811,-0.0004722,0.0004594,0.0002252
3730.0000,-0.0009753,-0.0004695,0.0004567,0.0002239
3730.5000,-0.0009695,-0.0004668,0.0004540,0.0002226
3731.0000,-0.0009638,-0.0004641,0.0004513,0.0002212
3731.5000,-0.0009581,-0.0004615,0.0004487,0.0002199
3732.0000,-0.0009524,-0.0004588,0.0004460,0.0002186
3732.5000,-0.0009468,-0.0004562,0.0004433,0.0002173
3733.0000,-0.0009411,-0.0004535,0.0004406,0.0002160
3733.5000,-0.0009356,-0.0004510,0.0004381,0.0002147
3734.0000,-0.0009299,-0.0004483,0.0004354,0.0002134
3734.5000,-0.0009244,-0.0004457,0.0004328,0.0002121
3735.0000,-0.0009187,-0.0004431,0.0004301,0.0002108
3735.5000,-0.0009133,-0.0004405,0.0004276,0.0002096
3736.0000,-0.0009077,-0.0004379,0.0004250,0.0002083
3736.5000,-0.0009022,-0.0004354,0.0004224,0.0002070
3737.0000,-0.0008968,-0.0004328,0.0004198,0.0002057
3737.5000,-0.0008914,-0.0004303,0.0004173,0.0002045
3738.0000,-0.0008860,-0.0004278,0.0004148,0.0002032
3738.5000,-0.0008805,-0.0004252,0.0004122,0.0002020
3739.0000,-0.0008751,-0.0004227,0.0004097,0.0002007
3739.5000,-0.0008698,-0.0004202,0.0004072,0.0001995
3740.0000,-0.0008645,-0.0004177,0.0004047,0.0001983
3740.5000,-0.0008591,-0.0004152,0.0004022,0.0001970
3741.0000,-0.0008539,-0.0004127,0.0003997,0.0001958
3741.5000,-0.0008486,-0.0004102,0.0003972,0.0001946
3742.0000,-0.0008433,-0.0004078,0.0003948,0.0001934
3742.5000,-0.0008381,-0.0004054,0.0003923,0.0001922
3743.0000,-0.0008329,-0.0004029,0.0003899,0.0001910
3743.5000,-0.0008277,-0.0004004,0.0003874,0.0001898
3744.0000,-0.0008226,-0.0003980,0.0003850,0.0001886
3744.5000,-0.0008175,-0.0003956,0.0003826,0.0001874
3745.0000,-0.0008124,-0.0003933,0.0003802,0.0001862
3745.5000,-0.0008072,-0.0003909,0.0003778,0.0001851
3746.0000,-0.0008022,-0.0003885,0.0003754,0.0001839
3746.5000,-0.0007971,-0.0003861,0.0003731,0.0001827
3747.0000,-0.0007920,-0.0003837,0.0003707,0.0001816
3747.5000,-0.0007871,-0.0003814,0.0003684,0.0001804
3748.0000,-0.0007821,-0.0003791,0.0003660,0.0001793
3748.5000,-0.0007771,-0.0003767,0.0003637,0.0001781
3749.0000,-0.0007722,-0.0003744,0.0003614,0.0001770
3749.5000,-0.0007673,-0.0003721,0.0003591,0.0001758
3750.0000,-0.0007624,-0.0003697,0.0003568,0.0001747
3750.5000,-0.0007575,-0.0003675,0.0003545,0.0001736
3751.0000,-0.0007527,-0.0003652,0.0003522,0.0001725
3751.5000,-0.0007478,-0.0003629,0.0003499,0.0001713
3752.0000,-0.0007430,-0.0003607,0.0003477,0.0001702
3752.5000,-0.0007382,-0.0003584,0.0003454,0.0001691
3753.0000,-0.0007335,-0.0003562,0.0003432,0.0001680
3753.5000,-0.0007288,-0.0003539,0.0003410,0.0001669
3754.0000,-0.0007240,-0.0003517,0.0003387,0.0001658
3754.5000,-0.0007193,-0.0003495,0.0003366,0.0001648
3755.0000,-0.0007147,-0.0003473,0.0003344,0.0001637
3755.5000,-0.0007100,-0.0003451,0.0003322,0.0001626
3756.0000,-0.0007054,-0.0003429,0.0003300,0.0001616
3756.5000,-0.0007007,-0.0003408,0.0003279,0.0001605
3757.0000,-0.0006962,-0.0003386,0.0003257,0.0001594
3757.5000,-0.0006916,-0.0003364,0.0003236,0.0001584
3758.0000,-0.0006870,-0.0003343,0.0003214,0.0001573
3758.5000,-0.0006825,-0.0003322,0.0003193,0.0001563
3759.0000,-0.0006780,-0.0003300,0.0003172,0.0001552
3759.5000,-0.0006736,-0.0003280,0.0003151,0.0001542
3760.0000,-0.0006691,-0.0003258,0.0003130,0.0001532
3760.5000,-0.0006646,-0.0003237,0.0003109,0.0001522
3761.0000,-0.0006602,-0.0003216,0.0003088,0.0001511
3761.5000,-0.0006559,-0.0003196,0.0003068,0.0001501
3762.0000,-0.0006515,-0.0003175,0.0003047,0.0001491
3762.5000,-0.0006471,-0.0003155,0.0003027,0.0001481
3763.0000,-0.0006428,-0.0003134,0.0003007,0.0001471
3763.5000,-0.0006385,-0.0003114,0.0002986,0.0001461
3764.0000,-0.0006342,-0.0003094,0.0002966,0.0001452
3764.5000,-0.0006299,-0.0003073,0.0002946,0.0001441
3765.0000,-0.0006257,-0.0003053,0.0002927,0.0001432
3765.5000,-0.0006214,-0.0003033,0.0002906,0.0001422
3766.0000,-0.0006172,-0.0003013,0.0002887,0.0001412
3766.5000,-0.0006131,-0.0002994,0.0002867,0.0001403
3767.0000,-0.0006089,-0.0002974,0.0002847,0.0001393
3767.5000,-0.0006047,-0.0002954,0.0002828,0.0001384
3768.0000,-0.0006006,-0.0002934,0.0002808,0.0001374
3768.5000,-0.0005965,-0.0002915,0.0002789,0.0001365
3769.0000,-0.0005924,-0.0002896,0.0002770,0.0001355
3769.5000,-0.0005884,-0.0002877,0.0002752,0.0001346
3770.0000,-0.0005844,-0.0002858,0.0002732,0.0001337
3770.5000,-0.0005804,-0.0002839,0.0002714,0.0001327
3771.0000,-0.0005764,-0.0002820,0.0002695,0.0001318
3771.5000,-0.0005724,-0.0002801,0.0002676,0.0001309
3772.0000,-0.0005685,-0.0002782,0.0002658,0.0001300
3772.5000,-0.0005645,-0.0002763,0.0002639,0.0001291
3773.0000,-0.0005606,-0.0002745,0.0002621,0.0001282
3773.5000,-0.0005567,-0.0002726,0.0002603,0.0001273
3774.0000,-0.0005528,-0.0002708,0.0002585,0.0001264
3774.5000,-0.0005490,-0.0002689,0.0002566,0.0001255
3775.0000,-0.0005451,-0.0002672,0.0002548,0.0001246
3775.5000,-0.0005413,-0.0002653,0.0002530,0.0001237
3776.0000,-0.0005375,-0.0002635,0.0002513,0.0001229
3776.5000,-0.0005338,-0.0002617,0.0002495,0.0001220
3777.0000,-0.0005300,-0.0002599,0.0002477,0.0001212
3777.5000,-0.0005263,-0.0002582,0.0002460,0.0001203
3778.0000,-0.0005226,-0.0002564,0.0002443,0.0001194
3778.5000,-0.0005190,-0.0002547,0.0002426,0.0001186
3779.0000,-0.0005153,-0.0002529,0.0002408,0.0001178
3779.5000,-0.0005116,-0.0002512,0.0002391,0.0001169
3780.0000,-0.0005080,-0.0002495,0.0002374,0.0001161
3780.5000,-0.0005043,-0.0002477,0.0002357,0.0001152
3781.0000,-0.0005008,-0.0002461,0.0002340,0.0001144
3781.5000,-0.0004972,-0.0002444,0.0002324,0.0001136
3782.0000,-0.0004937,-0.0002427,0.0002307,0.0001128
3782.5000,-0.0004901,-0.0002410,0.0002291,0.0001120
3783.0000,-0.0004866,-0.0002393,0.0002274,0.0001112
3783.5000,-0.0004831,-0.0002376,0.0002258,0.0001104
3784.0000,-0.0004796,-0.0002360,0.0002241,0.0001096
3784.5000,-0.0004761,-0.0002343,0.0002225,0.0001088
3785.0000,-0.0004728,-0.0002327,0.0002209,0.0001080
3785.5000,-0.0004694,-0.0002311,0.0002193,0.0001072
3786.0000,-0.0004660,-0.0002295,0.0002178,0.0001064
3786.5000,-0.0004626,-0.0002278,0.0002162,0.0001056
3787.0000,-0.0004593,-0.0002262,0.0002146,0.0001049
3787.5000,-0.0004559,-0.0002247,0.0002130,0.0001041
3788.0000,-0.0004526,-0.0002231,0.0002115,0.0001033
3788.5000,-0.0004493,-0.0002215,0.0002099,0.0001026
3789.0000,-0.0004460,-0.0002199,0.0002084,0.0001018
3789.5000,-0.0004428,-0.0002184,0.0002069,0.0001011
3790.0000,-0.0004395,-0.0002168,0.0002053,0.0001003
3790.5000,-0.0004364,-0.0002153,0.0002038,0.0000996
3791.0000,-0.0004331,-0.0002137,0.0002023,0.0000989
3791.5000,-0.0004299,-0.0002122,0.0002008,0.0000981
3792.0000,-0.0004268,-0.0002107,0.0001994,0.0000974
3792.5000,-0.0004237,-0.0002092,0.0001979,0.0000967
3793.0000,-0.0004205,-0.0002077,0.0001964,0.0000960
3793.5000,-0.0004174,-0.0002062,0.0001949,0.0000953
3794.0000,-0.0004143,-0.0002047,0.0001935,0.0000945
3794.5000,-0.0004112,-0.0002032,0.0001920,0.0000938
3795.0000,-0.0004081,-0.0002018,0.0001906,0.0000931
3795.5000,-0.0004051,-0.0002003,0.0001892,0.0000924
3796.0000,-0.0004021,-0.0001989,0.0001878,0.0000917
3796.5000,-0.0003990,-0.0001974,0.0001864,0.0000910
3797.0000,-0.0003961,-0.0001960,0.0001850,0.0000904
3797.5000,-0.0003932,-0.0001946,0.0001836,0.0000897
3798.0000,-0.0003902,-0.0001932,0.0001822,0.0000890
3798.5000,-0.0003872,-0.0001918,0.0001808,0.0000883
3799.0000,-0.0003843,-0.0001904,0.0001795,0.0000876
3799.5000,-0.0003814,-0.0001890,0.0001781,0.0000870
3800.0000,-0.0003785,-0.0001876,0.0001767,0.0000863
3800.5000,-0.0003757,-0.0001862,0.0001754,0.0000857
3801.0000,-0.0003729,-0.0001849,0.0001741,0.0000850
3801.5000,-0.0003700,-0.0001835,0.0001728,0.0000844
3802.0000,-0.0003672,-0.0001822,0.0001714,0.0000837
3802.5000,-0.0003644,-0.0001808,0.0001701,0.0000831
3803.0000,-0.0003617,-0.0001795,0.0001689,0.0000825
3803.5000,-0.0003589,-0.0001782,0.0001676,0.0000818
3804.0000,-0.0003562,-0.0001769,0.0001662,0.0000812
3804.5000,-0.0003535,-0.0001755,0.0001650,0.0000806
3805.0000,-0.0003508,-0.0001742,0.0001638,0.0000799
3805.5000,-0.0003481,-0.0001730,0.0001625,0.0000793
3806.0000,-0.0003454,-0.0001716,0.0001612,0.0000787
3806.5000,-0.0003427,-0.0001704,0.0001600,0.0000781
3807.0000,-0.0003401,-0.0001691,0.0001587,0.0000775
3807.5000,-0.0003375,-0.0001678,0.0001575,0.0000769
3808.0000,-0.0003349,-0.0001666,0.0001563,0.0000763
3808.5000,-0.0003323,-0.0001653,0.0001551,0.0000757
3809.0000,-0.0003297,-0.0001641,0.0001539,0.0000751
3809.5000,-0.0003272,-0.0001628,0.0001527,0.0000745
3810.0000,-0.0003246,-0.0001616,0.0001515,0.0000740
3810.5000,-0.0003221,-0.0001604,0.0001503,0.0000734
3811.0000,-0.0003196,-0.0001592,0.0001491,0.0000728
3811.5000,-0.0003171,-0.0001580,0.0001480,0.0000722
3812.0000,-0.0003146,-0.0001568,0.0001468,0.0000717
3812.5000,-0.0003121,-0.0001556,0.0001456,0.0000711
3813.0000,-0.0003097,-0.0001544,0.0001445,0.0000705
3813.5000,-0.0003073,-0.0001532,0.0001434,0.0000700
3814.0000,-0.0003049,-0.0001521,0.0001423,0.0000694
3814.5000,-0.0003024,-0.0001509,0.0001411,0.0000689
3815.0000,-0.0003000,-0.0001498,0.0001399,0.0000683
3815.5000,-0.0002976,-0.0001486,0.0001388,0.0000678
3816.0000,-0.0002953,-0.0001475,0.0001377,0.0000673
3816.5000,-0.0002930,-0.0001464,0.0001367,0.0000667
3817.0000,-0.0002907,-0.0001452,0.0001356,0.0000662
3817.5000,-0.0002884,-0.0001441,0.0001345,0.0000657
3818.0000,-0.0002861,-0.0001430,0.0001334,0.0000651
3818.5000,-0.0002838,-0.0001419,0.0001324,0.0000646
3819.0000,-0.0002816,-0.0001408,0.0001313,0.0000641
3819.5000,-0.0002793,-0.0001397,0.0001302,0.0000636
3820.0000,-0.0002771,-0.0001386,0.0001292,0.0000631
3820.5000,-0.0002748,-0.0001376,0.0001282,0.0000626
3821.0000,-0.0002727,-0.0001365,0.0001272,0.0000621
3821.5000,-0.0002705,-0.0001354,0.0001261,0.0000616
3822.0000,-0.0002683,-0.0001344,0.0001251,0.0000611
3822.5000,-0.0002661,-0.0001334,0.0001241,0.0000606
3823.0000,-0.0002640,-0.0001323,0.0001231,0.0000601
3823.5000,-0.0002618,-0.0001313,0.0001221,0.0000596
3824.0000,-0.0002597,-0.0001302,0.0001211,0.0000591
3824.5000,-0.0002576,-0.0001292,0.0001201,0.0000586
3825.0000,-0.0002555,-0.0001282,0.0001191,0.0000582
3825.5000,-0.0002535,-0.0001272,0.0001182,0.0000577
3826.0000,-0.0002514,-0.0001262,0.0001172,0.0000572
3826.5000,-0.0002494,-0.0001252,0.0001163,0.0000567
3827.0000,-0.0002474,-0.0001242,0.0001153,0.0000563
3827.5000,-0.0002453,-0.0001232,0.0001144,0.0000558
3828.0000,-0.0002434,-0.0001223,0.0001134,0.0000554
3828.5000,-0.0002413,-0.0001213,0.0001125,0.0000549
3829.0000,-0.0002393,-0.0001203,0.0001115,0.0000544
3829.5000,-0.0002374,-0.0001193,0.0001106,0.0000540
3830.0000,-0.0002354,-0.0001184,0.0001097,0.0000536
3830.5000,-0.0002335,-0.0001174,0.0001088,0.0000531
3831.0000,-0.0002316,-0.0001165,0.0001079,0.0000527
3831.5000,-0.0002297,-0.0001156,0.0001070,0.0000522
3832.0000,-0.0002278,-0.0001147,0.0001061,0.0000518
3832.5000,-0.0002259,-0.0001137,0.0001052,0.0000514
3833.0000,-0.0002240,-0.0001128,0.0001044,0.0000509
3833.5000,-0.0002222,-0.0001119,0.0001035,0.0000505
3834.0000,-0.0002204,-0.0001111,0.0001027,0.0000501
3834.5000,-0.0002185,-0.0001101,0.0001018,0.0000497
3835.0000,-0.0002167,-0.0001092,0.0001010,0.0000493
3835.5000,-0.0002149,-0.0001084,0.0001001,0.0000488
3836.0000,-0.0002131,-0.0001075,0.0000993,0.0000484
3836.5000,-0.0002113,-0.0001066,0.0000984,0.0000481
3837.0000,-0.0002095,-0.0001058,0.0000976,0.0000476
3837.5000,-0.0002078,-0.0001049,0.0000968,0.0000472
3838.0000,-0.0002060,-0.0001041,0.0000960,0.0000468
3838.5000,-0.0002043,-0.0001032,0.0000952,0.0000465
3839.0000,-0.0002026,-0.0001024,0.0000944,0.0000461
3839.5000,-0.0002009,-0.0001016,0.0000936,0.0000457
3840.0000,-0.0001992,-0.0001007,0.0000928,0.0000453
3840.5000,-0.0001975,-0.0000999,0.0000920,0.0000449
3841.0000,-0.0001958,-0.0000991,0.0000912,0.0000445
3841.5000,-0.0001942,-0.0000983,0.0000904,0.0000441
3842.0000,-0.0001925,-0.0000975,0.0000897,0.0000438
3842.5000,-0.0001910,-0.0000967,0.0000890,0.0000434
3843.0000,-0.0001894,-0.0000959,0.0000882,0.0000430
3843.5000,-0.0001877,-0.0000951,0.0000874,0.0000426
3844.0000,-0.0001861,-0.0000943,0.0000867,0.0000423
3844.5000,-0.0001845,-0.0000935,0.0000859,0.0000419
3845.0000,-0.0001829,-0.0000927,0.0000851,0.0000416
3845.5000,-0.0001814,-0.0000920,0.0000844,0.0000412
3846.0000,-0.0001798,-0.0000912,0.0000837,0.0000409
3846.5000,-0.0001783,-0.0000904,0.0000830,0.0000405
3847.0000,-0.0001768,-0.0000897,0.0000823,0.0000402
3847.5000,-0.0001752,-0.0000889,0.0000816,0.0000398
3848.0000,-0.0001737,-0.0000882,0.0000808,0.0000395
3848.5000,-0.0001722,-0.0000874,0.0000801,0.0000391
3849.0000,-0.0001708,-0.0000867,0.0000795,0.0000388
3849.5000,-0.0001693,-0.0000860,0.0000788,0.0000384
3850.0000,-0.0001679,-0.0000853,0.0000781,0.0000381
3850.5000,-0.0001663,-0.0000845,0.0000774,0.0000378
3851.0000,-0.0001650,-0.0000839,0.0000768,0.0000375
3851.5000,-0.0001635,-0.0000832,0.0000761,0.0000371
3852.0000,-0.0001621,-0.0000825,0.0000754,0.0000368
3852.5000,-0.0001607,-0.0000818,0.0000748,0.0000365
3853.0000,-0.0001593,-0.0000811,0.0000741,0.0000362
3853.5000,-0.0001579,-0.0000804,0.0000734,0.0000358
3854.0000,-0.0001565,-0.0000797,0.0000728,0.0000355
3854.5000,-0.0001551,-0.0000790,0.0000721,0.0000352
3855.0000,-0.0001537,-0.0000784,0.0000715,0.0000349
3855.5000,-0.0001523,-0.0000777,0.0000708,0.0000346
3856.0000,-0.0001511,-0.0000770,0.0000703,0.0000343
3856.5000,-0.0001498,-0.0000764,0.0000696,0.0000340
3857.0000,-0.0001484,-0.0000757,0.0000690,0.0000337
3857.5000,-0.0001471,-0.0000751,0.0000684,0.0000334
3858.0000,-0.0001458,-0.0000744,0.0000678,0.0000331
3858.5000,-0.0001445,-0.0000738,0.0000672,0.0000328
3859.0000,-0.0001432,-0.0000732,0.0000666,0.0000325
3859.5000,-0.0001420,-0.0000726,0.0000660,0.0000322
3860.0000,-0.0001407,-0.0000719,0.0000654,0.0000319
3860.5000,-0.0001395,-0.0000713,0.0000649,0.0000317
3861.0000,-0.0001382,-0.0000707,0.0000643,0.0000314
3861.5000,-0.0001370,-0.0000701,0.0000637,0.0000311
3862.0000,-0.0001358,-0.0000695,0.0000631,0.0000308
3862.5000,-0.0001345,-0.0000689,0.0000626,0.0000305
3863.0000,-0.0001333,-0.0000682,0.0000620,0.0000302
3863.5000,-0.0001322,-0.0000677,0.0000614,0.0000300
3864.0000,-0.0001310,-0.0000671,0.0000609,0.0000297
3864.5000,-0.0001298,-0.0000665,0.0000603,0.0000295
3865.0000,-0.0001286,-0.0000659,0.0000598,0.0000292
3865.5000,-0.0001275,-0.0000653,0.0000593,0.0000289
3866.0000,-0.0001263,-0.0000648,0.0000587,0.0000287
3866.5000,-0.0001252,-0.0000642,0.0000582,0.0000284
3867.0000,-0.0001240,-0.0000636,0.0000576,0.0000281
3867.5000,-0.0001229,-0.0000631,0.0000571,0.0000279
3868.0000,-0.0001218,-0.0000625,0.0000566,0.0000276
3868.5000,-0.0001207,-0.0000620,0.0000560,0.0000274
3869.0000,-0.0001195,-0.0000614,0.0000555,0.0000271
3869.5000,-0.0001185,-0.0000609,0.0000550,0.0000269
3870.0000,-0.0001174,-0.0000604,0.0000545,0.0000266
3870.5000,-0.0001164,-0.0000598,0.0000541,0.0000264
3871.0000,-0.0001153,-0.0000593,0.0000536,0.0000262
3871.5000,-0.0001143,-0.0000588,0.0000531,0.0000259
3872.0000,-0.0001132,-0.0000583,0.0000526,0.0000257
3872.5000,-0.0001122,-0.0000577,0.0000521,0.0000255
3873.0000,-0.0001112,-0.0000572,0.0000516,0.0000252
3873.5000,-0.0001101,-0.0000567,0.0000511,0.0000250
3874.0000,-0.0001091,-0.0000562,0.0000507,0.0000247
3874.5000,-0.0001082,-0.0000558,0.0000502,0.0000245
3875.0000,-0.0001071,-0.0000552,0.0000497,0.0000243
3875.5000,-0.0001061,-0.0000547,0.0000493,0.0000241
3876.0000,-0.0001051,-0.0000542,0.0000488,0.0000239
3876.5000,-0.0001042,-0.0000537,0.0000483,0.0000236
3877.0000,-0.0001032,-0.0000533,0.0000479,0.0000234
3877.5000,-0.0001022,-0.0000528,0.0000474,0.0000232
3878.0000,-0.0001013,-0.0000523,0.0000470,0.0000230
3878.5000,-0.0001003,-0.0000518,0.0000465,0.0000228
3879.0000,-0.0000995,-0.0000514,0.0000461,0.0000226
3879.5000,-0.0000985,-0.0000509,0.0000457,0.0000223
3880.0000,-0.0000976,-0.0000505,0.0000453,0.0000221
3880.5000,-0.0000967,-0.0000500,0.0000448,0.0000219
3881.0000,-0.0000958,-0.0000495,0.0000444,0.0000217
3881.5000,-0.0000949,-0.0000491,0.0000440,0.0000215
3882.0000,-0.0000940,-0.0000486,0.0000436,0.0000213
3882.5000,-0.0000931,-0.0000482,0.0000432,0.0000211
3883.0000,-0.0000922,-0.0000478,0.0000428,0.0000209
3883.5000,-0.0000914,-0.0000473,0.0000424,0.0000207
3884.0000,-0.0000905,-0.0000469,0.0000420,0.0000205
3884.5000,-0.0000896,-0.0000465,0.0000416,0.0000203
3885.0000,-0.0000888,-0.0000460,0.0000411,0.0000201
3885.5000,-0.0000879,-0.0000456,0.0000408,0.0000200
3886.0000,-0.0000871,-0.0000452,0.0000404,0.0000198
3886.5000,-0.0000864,-0.0000448,0.0000400,0.0000196
3887.0000,-0.0000855,-0.0000444,0.0000396,0.0000194
3887.5000,-0.0000847,-0.0000440,0.0000392,0.0000192
3888.0000,-0.0000839,-0.0000436,0.0000389,0.0000190
3888.5000,-0.0000831,-0.0000432,0.0000385,0.0000188
3889.0000,-0.0000822,-0.0000427,0.0000381,0.0000187
3889.5000,-0.0000815,-0.0000423,0.0000378,0.0000185
3890.0000,-0.0000807,-0.0000419,0.0000374,0.0000183
3890.5000,-0.0000800,-0.0000416,0.0000371,0.0000181
3891.0000,-0.0000792,-0.0000412,0.0000367,0.0000179
3891.5000,-0.0000784,-0.0000408,0.0000363,0.0000178
3892.0000,-0.0000777,-0.0000404,0.0000360,0.0000176
3892.5000,-0.0000769,-0.0000400,0.0000356,0.0000174
3893.0000,-0.0000761,-0.0000396,0.0000353,0.0000172
3893.5000,-0.0000754,-0.0000393,0.0000349,0.0000171
3894.0000,-0.0000747,-0.0000389,0.0000346,0.0000169
3894.5000,-0.0000740,-0.0000386,0.0000343,0.0000168
3895.0000,-0.0000732,-0.0000382,0.0000339,0.0000166
3895.5000,-0.0000726,-0.0000378,0.0000336,0.0000165
3896.0000,-0.0000718,-0.0000375,0.0000333,0.0000163
3896.5000,-0.0000712,-0.0000371,0.0000329,0.0000161
3897.0000,-0.0000704,-0.0000367,0.0000326,0.0000160
3897.5000,-0.0000697,-0.0000364,0.0000323,0.0000158
3898.0000,-0.0000690,-0.0000360,0.0000320,0.0000156
3898.5000,-0.0000684,-0.0000357,0.0000316,0.0000155
3899.0000,-0.0000677,-0.0000354,0.0000313,0.0000154
3899.5000,-0.0000670,-0.0000350,0.0000310,0.0000152
3900.0000,-0.0000663,-0.0000347,0.0000307,0.0000150
3900.5000,-0.0000657,-0.0000344,0.0000304,0.0000149
3901.0000,-0.0000650,-0.0000341,0.0000301,0.0000148
3901.5000,-0.0000644,-0.0000337,0.0000298,0.0000146
3902.0000,-0.0000638,-0.0000334,0.0000295,0.0000145
3902.5000,-0.0000632,-0.0000331,0.0000292,0.0000143
3903.0000,-0.0000625,-0.0000328,0.0000289,0.0000142
3903.5000,-0.0000619,-0.0000324,0.0000286,0.0000140
3904.0000,-0.0000613,-0.0000321,0.0000283,0.0000139
3904.5000,-0.0000607,-0.0000318,0.0000280,0.0000137
3905.0000,-0.0000601,-0.0000315,0.0000278,0.0000136
3905.5000,-0.0000595,-0.0000312,0.0000275,0.0000135
3906.0000,-0.0000589,-0.0000309,0.0000273,0.0000133
3906.5000,-0.0000583,-0.0000306,0.0000269,0.0000132
3907.0000,-0.0000577,-0.0000303,0.0000266,0.0000131
3907.5000,-0.0000572,-0.0000300,0.0000264,0.0000130
3908.0000,-0.0000566,-0.0000297,0.0000262,0.0000128
3908.5000,-0.0000560,-0.0000294,0.0000259,0.0000127
3909.0000,-0.0000554,-0.0000291,0.0000256,0.0000126
3909.5000,-0.0000549,-0.0000288,0.0000253,0.0000125
3910.0000,-0.0000544,-0.0000286,0.0000251,0.0000123
3910.5000,-0.0000538,-0.0000283,0.0000248,0.0000122
3911.0000,-0.0000533,-0.0000280,0.0000246,0.0000121
3911.5000,-0.0000527,-0.0000277,0.0000243,0.0000119
3912.0000,-0.0000522,-0.0000274,0.0000241,0.0000118
3912.5000,-0.0000517,-0.0000272,0.0000239,0.0000117
3913.0000,-0.0000511,-0.0000269,0.0000236,0.0000116
3913.5000,-0.0000506,-0.0000266,0.0000233,0.0000115
3914.0000,-0.0000501,-0.0000264,0.0000231,0.0000113
3914.5000,-0.0000495,-0.0000261,0.0000229,0.0000112
3915.0000,-0.0000491,-0.0000259,0.0000227,0.0000111
3915.5000,-0.0000485,-0.0000256,0.0000224,0.0000110
3916.0000,-0.0000480,-0.0000253,0.0000221,0.0000109
3916.5000,-0.0000475,-0.0000251,0.0000219,0.0000108
3917.0000,-0.0000470,-0.0000248,0.0000217,0.0000107
3917.5000,-0.0000465,-0.0000246,0.0000215,0.0000106
3918.0000,-0.0000460,-0.0000243,0.0000212,0.0000104
3918.5000,-0.0000456,-0.0000241,0.0000210,0.0000103
3919.0000,-0.0000451,-0.0000239,0.0000208,0.0000102
3919.5000,-0.0000446,-0.0000236,0.0000206,0.0000101
3920.0000,-0.0000442,-0.0000234,0.0000204,0.0000100
3920.5000,-0.0000437,-0.0000231,0.0000202,0.0000099
3921.0000,-0.0000432,-0.0000229,0.0000199,0.0000098
3921.5000,-0.0000428,-0.0000227,0.0000197,0.0000097
3922.0000,-0.0000423,-0.0000224,0.0000195,0.0000096
3922.5000,-0.0000419,-0.0000222,0.0000193,0.0000095
3923.0000,-0.0000415,-0.0000220,0.0000191,0.0000094
3923.5000,-0.0000410,-0.0000217,0.0000189,0.0000093
3924.0000,-0.0000406,-0.0000216,0.0000187,0.0000092
3924.5000,-0.0000402,-0.0000213,0.0000185,0.0000091
3925.0000,-0.0000397,-0.0000211,0.0000183,0.0000090
3925.5000,-0.0000393,-0.0000208,0.0000181,0.0000089
3926.0000,-0.0000389,-0.0000206,0.0000179,0.0000088
3926.5000,-0.0000385,-0.0000204,0.0000177,0.0000087
3927.0000,-0.0000381,-0.0000202,0.0000175,0.0000086
3927.5000,-0.0000376,-0.0000200,0.0000173,0.0000085
3928.0000,-0.0000373,-0.0000198,0.0000172,0.0000085
3928.5000,-0.0000369,-0.0000196,0.0000170,0.0000084
3929.0000,-0.0000365,-0.0000194,0.0000168,0.0000083
3929.5000,-0.0000361,-0.0000192,0.0000166,0.0000082
3930.0000,-0.0000357,-0.0000190,0.0000165,0.0000081
3930.5000,-0.0000353,-0.0000188,0.0000162,0.0000080
3931.0000,-0.0000350,-0.0000186,0.0000161,0.0000080
3931.5000,-0.0000346,-0.0000184,0.0000159,0.0000079
3932.0000,-0.0000342,-0.0000182,0.0000157,0.0000078
3932.5000,-0.0000338,-0.0000180,0.0000156,0.0000077
3933.0000,-0.0000335,-0.0000178,0.0000154,0.0000076
3933.5000,-0.0000331,-0.0000176,0.0000152,0.0000075
3934.0000,-0.0000327,-0.0000174,0.0000150,0.0000074
3934.5000,-0.0000323,-0.0000172,0.0000148,0.0000074
3935.0000,-0.0000321,-0.0000171,0.0000148,0.0000073
3935.5000,-0.0000317,-0.0000169,0.0000146,0.0000072
3936.0000,-0.0000313,-0.0000167,0.0000144,0.0000071
3936.5000,-0.0000310,-0.0000165,0.0000142,0.0000070
3937.0000,-0.0000306,-0.0000163,0.0000141,0.0000069
3937.5000,-0.0000303,-0.0000162,0.0000139,0.0000069
3938.0000,-0.0000300,-0.0000160,0.0000138,0.0000068
3938.5000,-0.0000296,-0.0000158,0.0000136,0.0000067
3939.0000,-0.0000293,-0.0000156,0.0000134,0.0000067
3939.5000,-0.0000290,-0.0000155,0.0000133,0.0000066
3940.0000,-0.0000286,-0.0000153,0.0000131,0.0000065
3940.5000,-0.0000283,-0.0000152,0.0000130,0.0000064
3941.0000,-0.0000280,-0.0000150,0.0000129,0.0000064
3941.5000,-0.0000277,-0.0000148,0.0000127,0.0000063
3942.0000,-0.0000274,-0.0000147,0.0000126,0.0000062
3942.5000,-0.0000270,-0.0000145,0.0000124,0.0000061
3943.0000,-0.0000268,-0.0000143,0.0000123,0.0000061
3943.5000,-0.0000265,-0.0000142,0.0000122,0.0000060
3944.0000,-0.0000262,-0.0000140,0.0000120,0.0000060
3944.5000,-0.0000258,-0.0000138,0.0000119,0.0000059
3945.0000,-0.0000256,-0.0000137,0.0000118,0.0000058
3945.5000,-0.0000253,-0.0000135,0.0000116,0.0000057
3946.0000,-0.0000250,-0.0000134,0.0000115,0.0000057
3946.5000,-0.0000247,-0.0000132,0.0000114,0.0000056
3947.0000,-0.0000244,-0.0000131,0.0000112,0.0000055
3947.5000,-0.0000241,-0.0000129,0.0000111,0.0000055
3948.0000,-0.0000239,-0.0000128,0.0000110,0.0000054
3948.5000,-0.0000235,-0.0000127,0.0000108,0.0000054
3949.0000,-0.0000233,-0.0000125,0.0000107,0.0000053
3949.5000,-0.0000230,-0.0000124,0.0000106,0.0000052
3950.0000,-0.0000228,-0.0000122,0.0000104,0.0000052
3950.5000,-0.0000225,-0.0000121,0.0000103,0.0000051
3951.0000,-0.0000222,-0.0000120,0.0000102,0.0000050
3951.5000,-0.0000219,-0.0000118,0.0000101,0.0000050
3952.0000,-0.0000217,-0.0000117,0.0000100,0.0000049
3952.5000,-0.0000215,-0.0000115,0.0000099,0.0000049
3953.0000,-0.0000212,-0.0000114,0.0000097,0.0000048
3953.5000,-0.0000210,-0.0000113,0.0000096,0.0000048
3954.0000,-0.0000207,-0.0000111,0.0000095,0.0000047
3954.5000,-0.0000204,-0.0000110,0.0000094,0.0000046
3955.0000,-0.0000202,-0.0000109,0.0000093,0.0000046
3955.5000,-0.0000200,-0.0000107,0.0000092,0.0000045
3956.0000,-0.0000198,-0.0000106,0.0000091,0.0000045
3956.5000,-0.0000196,-0.0000105,0.0000090,0.0000044
3957.0000,-0.0000192,-0.0000104,0.0000088,0.0000044
3957.5000,-0.0000191,-0.0000102,0.0000087,0.0000043
3958.0000,-0.0000188,-0.0000101,0.0000086,0.0000043
3958.5000,-0.0000186,-0.0000100,0.0000085,0.0000042
3959.0000,-0.0000183,-0.0000098,0.0000084,0.0000041
3959.5000,-0.0000181,-0.0000098,0.0000083,0.0000041
3960.0000,-0.0000179,-0.0000097,0.0000082,0.0000041
3960.5000,-0.0000177,-0.0000095,0.0000081,0.0000040
3961.0000,-0.0000175,-0.0000094,0.0000080,0.0000040
3961.5000,-0.0000174,-0.0000093,0.0000080,0.0000039
3962.0000,-0.0000171,-0.0000092,0.0000078,0.0000039
3962.5000,-0.0000168,-0.0000091,0.0000077,0.0000038
3963.0000,-0.0000167,-0.0000090,0.0000076,0.0000038
3963.5000,-0.0000165,-0.0000089,0.0000075,0.0000037
3964.0000,-0.0000162,-0.0000087,0.0000074,0.0000037
3964.5000,-0.0000161,-0.0000087,0.0000074,0.0000037
3965.0000,-0.0000158,-0.0000086,0.0000073,0.0000036
3965.5000,-0.0000157,-0.0000085,0.0000072,0.0000036
3966.0000,-0.0000155,-0.0000084,0.0000071,0.0000035
3966.5000,-0.0000153,-0.0000082,0.0000070,0.0000035
3967.0000,-0.0000150,-0.0000081,0.0000069,0.0000034
3967.5000,-0.0000149,-0.0000080,0.0000068,0.0000034
3968.0000,-0.0000147,-0.0000079,0.0000067,0.0000033
3968.5000,-0.0000145,-0.0000078,0.0000067,0.0000033
3969.0000,-0.0000143,-0.0000077,0.0000065,0.0000032
3969.5000,-0.0000141,-0.0000077,0.0000064,0.0000032
3970.0000,-0.0000139,-0.0000075,0.0000063,0.0000032
3970.5000,-0.0000138,-0.0000075,0.0000063,0.0000031
3971.0000,-0.0000136,-0.0000073,0.0000062,0.0000031
3971.5000,-0.0000134,-0.0000072,0.0000061,0.0000030
3972.0000,-0.0000132,-0.0000072,0.0000061,0.0000030
3972.5000,-0.0000131,-0.0000071,0.0000060,0.0000030
3973.0000,-0.0000129,-0.0000070,0.0000059,0.0000029
3973.5000,-0.0000127,-0.0000069,0.0000058,0.0000029
3974.0000,-0.0000125,-0.0000068,0.0000057,0.0000028
3974.5000,-0.0000124,-0.0000067,0.0000057,0.0000028
3975.0000,-0.0000122,-0.0000066,0.0000056,0.0000028
3975.5000,-0.0000120,-0.0000065,0.0000055,0.0000027
3976.0000,-0.0000119,-0.0000064,0.0000054,0.0000027
3976.5000,-0.0000118,-0.0000064,0.0000054,0.0000027
3977.0000,-0.0000116,-0.0000063,0.0000053,0.0000026
3977.5000,-0.0000114,-0.0000062,0.0000052,0.0000026
3978.0000,-0.0000113,-0.0000061,0.0000052,0.0000026
3978.5000,-0.0000111,-0.0000061,0.0000051,0.0000025
3979.0000,-0.0000110,-0.0000060,0.0000050,0.0000025
3979.5000,-0.0000108,-0.0000059,0.0000050,0.0000024
3980.0000,-0.0000107,-0.0000058,0.0000049,0.0000024
3980.5000,-0.0000106,-0.0000057,0.0000048,0.0000024
3981.0000,-0.0000105,-0.0000057,0.0000048,0.0000024
3981.5000,-0.0000102,-0.0000055,0.0000047,0.0000023
3982.0000,-0.0000101,-0.0000055,0.0000046,0.0000023
3982.5000,-0.0000100,-0.0000054,0.0000046,0.0000023
3983.0000,-0.0000098,-0.0000053,0.0000045,0.0000022
3983.5000,-0.0000097,-0.0000052,0.0000044,0.0000022
3984.0000,-0.0000095,-0.0000052,0.0000043,0.0000022
3984.5000,-0.0000094,-0.0000051,0.0000043,0.0000021
3985.0000,-0.0000093,-0.0000050,0.0000042,0.0000021
3985.5000,-0.0000092,-0.0000050,0.0000042,0.0000021
3986.0000,-0.0000090,-0.0000049,0.0000041,0.0000020
3986.5000,-0.0000089,-0.0000048,0.0000041,0.0000020
3987.0000,-0.0000088,-0.0000047,0.0000040,0.0000020
3987.5000,-0.0000086,-0.0000046,0.0000039,0.0000019
3988.0000,-0.0000085,-0.0000046,0.0000039,0.0000019
3988.5000,-0.0000084,-0.0000045,0.0000039,0.0000019
3989.0000,-0.0000083,-0.0000045,0.0000038,0.0000019
3989.5000,-0.0000082,-0.0000044,0.0000038,0.0000018
3990.0000,-0.0000080,-0.0000043,0.0000037,0.0000018
3990.5000,-0.0000079,-0.0000043,0.0000036,0.0000018
3991.0000,-0.0000078,-0.0000042,0.0000036,0.0000017
3991.5000,-0.0000077,-0.0000041,0.0000036,0.0000017
3992.0000,-0.0000076,-0.0000041,0.0000035,0.0000017
3992.5000,-0.0000075,-0.0000040,0.0000034,0.0000017
3993.0000,-0.0000074,-0.0000040,0.0000034,0.0000016
3993.5000,-0.0000073,-0.0000039,0.0000033,0.0000016
3994.0000,-0.0000072,-0.0000039,0.0000033,0.0000016
3994.5000,-0.0000070,-0.0000038,0.0000032,0.0000016
3995.0000,-0.0000070,-0.0000038,0.0000032,0.0000016
3995.5000,-0.0000068,-0.0000037,0.0000031,0.0000015
3996.0000,-0.0000067,-0.0000036,0.0000031,0.0000015
3996.5000,-0.0000066,-0.0000036,0.0000030,0.0000015
3997.0000,-0.0000065,-0.0000035,0.0000030,0.0000015
3997.5000,-0.0000064,-0.0000034,0.0000029,0.0000014
3998.0000,-0.0000063,-0.0000034,0.0000029,0.0000014
3998.5000,-0.0000062,-0.0000033,0.0000029,0.0000014
3999.0000,-0.0000061,-0.0000033,0.0000028,0.0000014
3999.5000,-0.0000060,-0.0000032,0.0000028,0.0000013
4000.0000,-0.0000059,-0.0000032,0.0000027,0.0000013
