t_s,x0,x1,x2,x3,x4,x5,x6,x7,x8,x9,x10,x11,x12,x13,x14,x15,x16,x17,x18,x19,x20,x21,x22,x23,x24,x25,x26,x27,x28,x29,x30,x31,x32,x33,x34,x35,x36,x37,x38,x39,x40,x41,x42,x43,x44,x45,x46,x47,x48,y0,y1,y2,y3,y4,y5,y6,y7,y8,y9,y10,y11,y12,y13,y14,y15,y16,y17,y18,y19,y20,y21,y22,y23,y24,y25,y26,y27,y28,y29,y30,y31,y32,y33,y34,y35,y36,y37,y38,y39,y40,y41,y42,y43,y44,y45,y46,y47,y48
533.370000,0.227667,0.220387,0.210897,0.199707,0.188127,0.176877,0.166027,0.154737,0.142337,0.127927,0.114637,0.102377,0.089477,0.076587,0.065917,0.059597,0.055037,0.052577,0.048427,0.043737,0.039247,0.038037,0.036947,0.034937,0.030867,0.026087,0.018447,0.008917,-0.001963,-0.013403,-0.024973,-0.037143,-0.049403,-0.062713,-0.076533,-0.091193,-0.106183,-0.121073,-0.136073,-0.150903,-0.164033,-0.176063,-0.187833,-0.199023,-0.209503,-0.220803,-0.231213,-0.241323,-0.255203,0.062081,0.073781,0.082681,0.090101,0.098611,0.107381,0.117161,0.125701,0.132581,0.135061,0.133361,0.128091,0.122231,0.114781,0.107061,0.096901,0.085511,0.071231,0.058751,0.046181,0.032901,0.017671,0.003841,-0.008959,-0.019679,-0.029689,-0.039599,-0.048279,-0.053939,-0.058649,-0.065769,-0.071729,-0.075989,-0.079359,-0.082139,-0.082699,-0.082459,-0.082459,-0.082359,-0.082289,-0.084289,-0.088619,-0.095379,-0.102669,-0.110479,-0.117649,-0.126969,-0.135199,-0.136379
533.400000,0.225947,0.221427,0.212697,0.202537,0.191527,0.180437,0.170067,0.159837,0.147507,0.134037,0.119287,0.104767,0.090987,0.080277,0.070277,0.062197,0.053847,0.048427,0.043187,0.040677,0.039557,0.040317,0.039407,0.034587,0.028217,0.021697,0.013627,0.003647,-0.006143,-0.016113,-0.026543,-0.038233,-0.050343,-0.063103,-0.076023,-0.090913,-0.106173,-0.121293,-0.136553,-0.151433,-0.164503,-0.176403,-0.188953,-0.200823,-0.211813,-0.222013,-0.232723,-0.243503,-0.257423,0.061819,0.069729,0.080629,0.089449,0.095019,0.101239,0.110379,0.120159,0.127389,0.131599,0.132389,0.130219,0.125979,0.119329,0.111649,0.102699,0.092089,0.079169,0.065489,0.051379,0.036759,0.021369,0.006529,-0.007171,-0.020431,-0.032621,-0.042921,-0.050931,-0.057391,-0.062051,-0.067191,-0.071671,-0.075421,-0.078781,-0.082071,-0.083131,-0.082781,-0.082781,-0.082431,-0.083481,-0.086431,-0.091361,-0.096051,-0.102391,-0.109861,-0.118531,-0.127621,-0.134481,-0.132461
533.430000,0.236965,0.226345,0.214635,0.202885,0.190865,0.178455,0.167715,0.157245,0.145755,0.131955,0.118225,0.104345,0.091305,0.080325,0.070045,0.061755,0.054225,0.048435,0.043605,0.040625,0.039285,0.038705,0.038245,0.035595,0.029825,0.023055,0.013895,0.003655,-0.006345,-0.015975,-0.028015,-0.042265,-0.055345,-0.066805,-0.078445,-0.091885,-0.107185,-0.120925,-0.134225,-0.148495,-0.162615,-0.174725,-0.186945,-0.199145,-0.210285,-0.221245,-0.233225,-0.245255,-0.258615,0.061166,0.068576,0.076556,0.085366,0.093176,0.100546,0.109436,0.118156,0.125256,0.129986,0.131386,0.129336,0.125386,0.119206,0.111326,0.102856,0.092086,0.079496,0.065786,0.051826,0.037126,0.022156,0.006966,-0.007964,-0.020834,-0.031654,-0.041024,-0.049394,-0.056484,-0.062644,-0.067674,-0.071444,-0.075194,-0.079994,-0.082234,-0.081484,-0.079164,-0.080344,-0.082464,-0.083364,-0.084584,-0.089354,-0.095164,-0.101064,-0.108154,-0.116524,-0.124934,-0.132734,-0.137304
533.470000,0.235418,0.223918,0.212008,0.202498,0.194258,0.183598,0.171478,0.161478,0.151418,0.141028,0.128428,0.115048,0.100348,0.086948,0.073438,0.061938,0.052588,0.047138,0.042048,0.039048,0.034858,0.031608,0.029218,0.027858,0.025388,0.021488,0.015798,0.007958,-0.001662,-0.012162,-0.024662,-0.037162,-0.050042,-0.063002,-0.077192,-0.092082,-0.107552,-0.122872,-0.138202,-0.153732,-0.168622,-0.181432,-0.193452,-0.204542,-0.215732,-0.227042,-0.238312,-0.248692,-0.260112,0.062566,0.066846,0.071536,0.078556,0.086306,0.091506,0.098566,0.107806,0.115596,0.122086,0.127106,0.128696,0.125476,0.120646,0.114686,0.105796,0.096376,0.085236,0.074446,0.061246,0.048016,0.033156,0.018016,0.003916,-0.008804,-0.019764,-0.030904,-0.042284,-0.052554,-0.060014,-0.064944,-0.071094,-0.077214,-0.082914,-0.085664,-0.086724,-0.086374,-0.086374,-0.086374,-0.085964,-0.087094,-0.091004,-0.096804,-0.103424,-0.110994,-0.119164,-0.127454,-0.136054,-0.144234
533.500000,0.241821,0.230291,0.218971,0.207771,0.196471,0.185061,0.173161,0.161421,0.149901,0.137561,0.123571,0.108881,0.094931,0.081971,0.070161,0.059811,0.052551,0.047511,0.043531,0.039241,0.034811,0.032001,0.031271,0.030701,0.027361,0.021041,0.012241,0.002141,-0.008519,-0.019549,-0.029769,-0.039989,-0.050829,-0.062399,-0.074589,-0.088889,-0.104599,-0.119969,-0.135329,-0.150949,-0.165449,-0.178799,-0.191659,-0.204959,-0.217059,-0.227169,-0.236479,-0.247269,-0.261919,0.065568,0.071808,0.073508,0.079218,0.088248,0.094938,0.101308,0.110558,0.119848,0.127128,0.131148,0.131108,0.127148,0.120308,0.112168,0.102348,0.091508,0.078998,0.066988,0.053988,0.040468,0.025358,0.009968,-0.004562,-0.016262,-0.026042,-0.036452,-0.046762,-0.054292,-0.058752,-0.063522,-0.069492,-0.075192,-0.079812,-0.082782,-0.083842,-0.083492,-0.083492,-0.083492,-0.082862,-0.084942,-0.089812,-0.095862,-0.101342,-0.107702,-0.115562,-0.125332,-0.134712,-0.137262
533.530000,0.245655,0.233385,0.220015,0.206545,0.194195,0.182855,0.171675,0.160115,0.147795,0.134495,0.119695,0.104825,0.090855,0.077595,0.066905,0.058295,0.053775,0.050355,0.047245,0.041875,0.037675,0.034665,0.032925,0.030635,0.026615,0.019655,0.012405,0.002925,-0.007855,-0.018755,-0.028165,-0.038905,-0.050255,-0.062085,-0.075685,-0.090945,-0.106585,-0.122065,-0.137915,-0.152135,-0.165285,-0.177715,-0.191365,-0.203225,-0.214715,-0.225005,-0.234695,-0.244145,-0.258145,0.067082,0.074842,0.079962,0.085342,0.090912,0.098102,0.106522,0.116422,0.124442,0.129972,0.131082,0.129032,0.124692,0.118422,0.109832,0.101102,0.090172,0.078442,0.064822,0.051332,0.036172,0.021352,0.006292,-0.007718,-0.019038,-0.028858,-0.039138,-0.047738,-0.053498,-0.058858,-0.064728,-0.069488,-0.073418,-0.077898,-0.080968,-0.082028,-0.081678,-0.081678,-0.081328,-0.082378,-0.085208,-0.090578,-0.096038,-0.102788,-0.110108,-0.119148,-0.129328,-0.137238,-0.135488
533.570000,0.247338,0.232748,0.219848,0.208398,0.197178,0.184468,0.172158,0.160538,0.149018,0.136408,0.121978,0.106758,0.093268,0.082578,0.073028,0.063478,0.053288,0.045538,0.039868,0.037218,0.036188,0.037098,0.034628,0.029738,0.023868,0.018358,0.009908,-0.000982,-0.010712,-0.019762,-0.029422,-0.040402,-0.052202,-0.064122,-0.077252,-0.091102,-0.106622,-0.121782,-0.137072,-0.152082,-0.165382,-0.177552,-0.190332,-0.202342,-0.213242,-0.224272,-0.235662,-0.246022,-0.256582,0.070488,0.073148,0.076098,0.082228,0.089748,0.096168,0.103068,0.111628,0.120418,0.126598,0.129068,0.127298,0.124448,0.119478,0.113268,0.104188,0.093078,0.080188,0.066938,0.052788,0.038098,0.022628,0.008148,-0.006002,-0.018412,-0.029292,-0.039542,-0.048022,-0.055302,-0.060882,-0.066332,-0.070592,-0.074882,-0.079202,-0.081782,-0.082942,-0.082592,-0.082592,-0.082472,-0.082472,-0.084672,-0.089342,-0.094492,-0.100422,-0.107882,-0.116362,-0.124472,-0.131892,-0.136332
533.600000,0.247508,0.232788,0.219498,0.207918,0.198028,0.186748,0.175348,0.163608,0.152038,0.139948,0.126438,0.111988,0.097348,0.084538,0.074038,0.065078,0.054828,0.047418,0.043528,0.041148,0.036358,0.033628,0.031478,0.029358,0.025318,0.020348,0.012268,0.002318,-0.008842,-0.019222,-0.029622,-0.041442,-0.054122,-0.066812,-0.080082,-0.095252,-0.110802,-0.126202,-0.141962,-0.156092,-0.169182,-0.181592,-0.194072,-0.205462,-0.216352,-0.226432,-0.235642,-0.245202,-0.256482,0.070802,0.073242,0.076742,0.081402,0.087792,0.093492,0.101892,0.111412,0.120092,0.125712,0.128522,0.127762,0.124792,0.119602,0.112522,0.102542,0.091482,0.078582,0.064662,0.050272,0.036862,0.022392,0.008512,-0.004568,-0.015768,-0.026318,-0.036658,-0.046338,-0.053268,-0.058038,-0.063278,-0.069048,-0.073998,-0.078618,-0.081618,-0.082678,-0.082328,-0.082328,-0.081978,-0.083028,-0.085778,-0.091508,-0.097578,-0.102918,-0.107478,-0.114488,-0.123608,-0.131888,-0.136008
533.630000,0.250349,0.236229,0.221249,0.207899,0.196429,0.185489,0.173769,0.161939,0.150609,0.138039,0.123869,0.108809,0.094489,0.081999,0.069919,0.059199,0.049939,0.044979,0.041349,0.037769,0.032089,0.028339,0.027469,0.026449,0.022219,0.015479,0.009509,0.001129,-0.008321,-0.018621,-0.028211,-0.039331,-0.050131,-0.061341,-0.074071,-0.088691,-0.103891,-0.119201,-0.134451,-0.149851,-0.164791,-0.178531,-0.190311,-0.202401,-0.213861,-0.225191,-0.235901,-0.248331,-0.261581,0.072680,0.075030,0.076490,0.079700,0.084060,0.089590,0.096490,0.105290,0.114560,0.121790,0.126100,0.126300,0.123430,0.118380,0.112020,0.103100,0.092770,0.080630,0.067610,0.052950,0.039160,0.024960,0.009870,-0.004280,-0.016270,-0.025610,-0.035940,-0.044700,-0.052500,-0.058090,-0.063530,-0.067590,-0.072130,-0.077540,-0.082140,-0.084160,-0.084310,-0.084170,-0.084170,-0.083820,-0.084590,-0.088740,-0.095120,-0.100420,-0.105590,-0.112720,-0.121690,-0.129350,-0.133780
533.670000,0.251836,0.236396,0.220966,0.207386,0.195536,0.184986,0.174086,0.163376,0.152816,0.141766,0.128496,0.113866,0.099466,0.086436,0.074746,0.064036,0.054686,0.047516,0.042846,0.038216,0.033116,0.029406,0.028846,0.028346,0.025036,0.017406,0.008256,-0.001494,-0.011054,-0.021984,-0.032934,-0.043534,-0.054494,-0.065344,-0.077684,-0.091754,-0.107604,-0.123034,-0.138474,-0.154164,-0.169164,-0.181104,-0.190894,-0.201954,-0.213774,-0.225164,-0.236024,-0.248114,-0.260134,0.076604,0.076184,0.077024,0.080014,0.084324,0.089264,0.096514,0.104314,0.111474,0.117504,0.123434,0.125264,0.122844,0.118174,0.113834,0.107104,0.096384,0.083114,0.069404,0.055164,0.042014,0.028974,0.014474,-0.000126,-0.013016,-0.024516,-0.036536,-0.046676,-0.054546,-0.059506,-0.064466,-0.070266,-0.075726,-0.080566,-0.083576,-0.084936,-0.084526,-0.084526,-0.084526,-0.084056,-0.085336,-0.090006,-0.096266,-0.100986,-0.106476,-0.114136,-0.123316,-0.130636,-0.134176
533.700000,0.250382,0.237152,0.223712,0.211652,0.199502,0.187732,0.175592,0.164052,0.152262,0.140132,0.126942,0.112402,0.097802,0.084572,0.072942,0.062272,0.051962,0.044972,0.041162,0.037282,0.031642,0.027912,0.027452,0.025882,0.021602,0.014092,0.006882,-0.001008,-0.009608,-0.020568,-0.031778,-0.042398,-0.053858,-0.065188,-0.077878,-0.091698,-0.107328,-0.122558,-0.138138,-0.151958,-0.165538,-0.178228,-0.190988,-0.202188,-0.213088,-0.223558,-0.234228,-0.246598,-0.261548,0.073176,0.077996,0.079146,0.081246,0.084876,0.089686,0.094806,0.101706,0.110506,0.117856,0.123786,0.125306,0.123376,0.119336,0.113546,0.104576,0.093126,0.080806,0.067136,0.053006,0.039076,0.024506,0.009216,-0.004594,-0.016314,-0.025934,-0.036044,-0.046034,-0.054164,-0.059114,-0.062824,-0.067604,-0.072894,-0.078864,-0.082644,-0.084064,-0.083604,-0.083604,-0.083254,-0.084664,-0.086314,-0.088444,-0.092574,-0.098804,-0.104904,-0.111574,-0.121064,-0.128824,-0.129074
533.730000,0.250056,0.236616,0.223076,0.210616,0.198996,0.188096,0.176596,0.164546,0.152546,0.140226,0.126906,0.112026,0.097756,0.084256,0.073876,0.064156,0.054966,0.045686,0.041126,0.038616,0.035166,0.030516,0.026536,0.023396,0.019246,0.015486,0.009616,0.001476,-0.009574,-0.019144,-0.028394,-0.038834,-0.052254,-0.064664,-0.077124,-0.090984,-0.106774,-0.122234,-0.137684,-0.153494,-0.167744,-0.180134,-0.192334,-0.204984,-0.216744,-0.228084,-0.239144,-0.250024,-0.261804,0.072041,0.076601,0.077961,0.080181,0.083891,0.088401,0.093581,0.100291,0.109091,0.116501,0.122651,0.124241,0.121761,0.117361,0.111781,0.103791,0.093841,0.084241,0.072321,0.058141,0.043941,0.030001,0.015591,0.001881,-0.010879,-0.023309,-0.034329,-0.043769,-0.050589,-0.057329,-0.063009,-0.068769,-0.073109,-0.079059,-0.083469,-0.085269,-0.084809,-0.084789,-0.084789,-0.084399,-0.085279,-0.089809,-0.095999,-0.101999,-0.108329,-0.116619,-0.124779,-0.131219,-0.134359
533.770000,0.255472,0.240442,0.225132,0.211302,0.197602,0.185782,0.173132,0.162082,0.150422,0.139562,0.126312,0.111882,0.096792,0.082742,0.070102,0.060332,0.052082,0.047022,0.042092,0.038332,0.032542,0.029952,0.027322,0.024712,0.020582,0.015722,0.007212,-0.003188,-0.013488,-0.023168,-0.033008,-0.042498,-0.054838,-0.067838,-0.079598,-0.091728,-0.105278,-0.119228,-0.133508,-0.149918,-0.164448,-0.177268,-0.190008,-0.201538,-0.212818,-0.222978,-0.234268,-0.245368,-0.260688,0.077891,0.079071,0.080841,0.083321,0.085791,0.091131,0.096651,0.103851,0.111741,0.119401,0.123291,0.123831,0.121141,0.116961,0.110251,0.100121,0.089651,0.078411,0.066401,0.051911,0.038361,0.023181,0.009161,-0.004419,-0.017159,-0.028339,-0.037229,-0.045309,-0.052689,-0.058249,-0.064089,-0.070289,-0.073649,-0.076809,-0.078869,-0.079659,-0.079749,-0.081839,-0.083269,-0.082569,-0.083349,-0.087439,-0.093489,-0.100359,-0.105939,-0.113189,-0.121659,-0.130339,-0.132419
533.800000,0.254291,0.238781,0.225291,0.214181,0.203931,0.192021,0.178851,0.165711,0.154361,0.143891,0.132231,0.117991,0.102481,0.088431,0.077301,0.067331,0.057121,0.048561,0.043331,0.037731,0.033231,0.029721,0.028541,0.026101,0.023921,0.017631,0.008421,-0.003009,-0.014109,-0.024909,-0.034339,-0.044389,-0.057549,-0.070179,-0.081879,-0.094699,-0.110579,-0.126019,-0.141559,-0.156799,-0.170129,-0.182569,-0.195159,-0.208669,-0.219439,-0.228359,-0.236949,-0.248219,-0.261869,0.076652,0.079012,0.078422,0.080372,0.083582,0.088542,0.092282,0.098332,0.106702,0.113712,0.118212,0.120262,0.120492,0.118802,0.114072,0.107432,0.097822,0.085732,0.072182,0.058642,0.044422,0.030032,0.014992,0.001222,-0.011278,-0.022078,-0.033048,-0.044478,-0.053568,-0.059878,-0.065138,-0.071328,-0.074738,-0.078348,-0.081848,-0.084428,-0.083958,-0.083928,-0.083608,-0.084508,-0.087518,-0.091968,-0.096678,-0.100568,-0.105608,-0.112178,-0.122038,-0.131438,-0.137758
533.830000,0.255413,0.240913,0.226153,0.212853,0.199773,0.188083,0.176093,0.164683,0.152913,0.140133,0.126553,0.112093,0.098283,0.084053,0.070983,0.060553,0.051963,0.047033,0.043063,0.038593,0.033853,0.030993,0.029973,0.027193,0.023023,0.016603,0.009113,-0.001017,-0.011977,-0.021377,-0.031317,-0.042547,-0.055357,-0.067077,-0.079897,-0.093397,-0.108987,-0.124137,-0.139387,-0.154547,-0.167687,-0.179727,-0.192447,-0.205047,-0.215527,-0.225847,-0.236177,-0.247027,-0.260447,0.077790,0.078970,0.080740,0.083220,0.085890,0.090250,0.095560,0.102580,0.111260,0.117080,0.120970,0.121510,0.119740,0.114710,0.108010,0.098760,0.089860,0.079760,0.067700,0.053630,0.040020,0.025850,0.010890,-0.002310,-0.012980,-0.021590,-0.031610,-0.041680,-0.050160,-0.056550,-0.062880,-0.069280,-0.073960,-0.078310,-0.081580,-0.083560,-0.083020,-0.083020,-0.082780,-0.083270,-0.086140,-0.090820,-0.095380,-0.099580,-0.105680,-0.113350,-0.122490,-0.130030,-0.132720
533.870000,0.254370,0.242630,0.228130,0.213800,0.200250,0.188250,0.175990,0.165270,0.154180,0.144490,0.132890,0.119380,0.103370,0.089620,0.078220,0.067120,0.056320,0.047980,0.044590,0.040950,0.035290,0.029640,0.027090,0.024060,0.019910,0.014260,0.006200,-0.003960,-0.014570,-0.024740,-0.034530,-0.044140,-0.055060,-0.068180,-0.081010,-0.094410,-0.108590,-0.124450,-0.140070,-0.155330,-0.169690,-0.183130,-0.197230,-0.209060,-0.219430,-0.227900,-0.238160,-0.248730,-0.261890,0.077690,0.078810,0.080710,0.082790,0.085380,0.089640,0.095380,0.102310,0.108380,0.113780,0.117690,0.119930,0.119450,0.117060,0.111530,0.103240,0.094440,0.083560,0.070240,0.055670,0.041580,0.027210,0.012690,-0.000790,-0.012970,-0.023990,-0.034430,-0.044840,-0.053210,-0.059050,-0.064510,-0.070400,-0.074990,-0.077370,-0.080050,-0.082160,-0.083480,-0.083130,-0.082870,-0.083460,-0.086220,-0.091210,-0.095620,-0.100970,-0.106200,-0.114560,-0.123370,-0.130940,-0.128380
533.900000,0.257653,0.244053,0.229803,0.214693,0.200423,0.188323,0.177233,0.166343,0.155113,0.143473,0.129723,0.114503,0.100003,0.087643,0.077073,0.065363,0.054923,0.047283,0.043013,0.038143,0.033793,0.029573,0.027633,0.025403,0.023083,0.016603,0.007283,-0.004247,-0.014387,-0.024387,-0.035007,-0.046197,-0.055617,-0.065527,-0.078187,-0.093557,-0.109077,-0.124447,-0.139817,-0.155577,-0.169537,-0.182157,-0.194557,-0.206607,-0.217997,-0.228777,-0.239727,-0.250077,-0.262687,0.081411,0.078001,0.079571,0.081261,0.082361,0.085471,0.091621,0.098891,0.106561,0.113571,0.117961,0.119531,0.118021,0.115191,0.110101,0.103961,0.094331,0.083041,0.070341,0.057651,0.043471,0.029501,0.014691,0.000891,-0.011519,-0.022199,-0.033289,-0.043709,-0.052479,-0.058629,-0.063049,-0.067219,-0.072969,-0.079259,-0.083139,-0.083969,-0.083619,-0.083619,-0.083619,-0.083159,-0.084569,-0.088369,-0.094039,-0.100679,-0.107349,-0.114459,-0.122869,-0.130529,-0.129119
533.930000,0.259596,0.246666,0.232266,0.218536,0.205396,0.193876,0.181596,0.169336,0.156916,0.145036,0.131756,0.116926,0.101976,0.088296,0.075766,0.063536,0.054266,0.048626,0.044626,0.040136,0.035136,0.031336,0.027756,0.024656,0.020776,0.014666,0.005276,-0.005594,-0.015944,-0.026784,-0.036834,-0.046714,-0.057824,-0.070144,-0.083044,-0.097224,-0.112644,-0.127774,-0.143264,-0.157124,-0.169814,-0.182464,-0.195394,-0.207364,-0.218364,-0.230464,-0.240254,-0.249404,-0.260314,0.082941,0.080241,0.081521,0.084051,0.086661,0.091241,0.095371,0.100371,0.107431,0.115271,0.119751,0.121181,0.119871,0.116511,0.109681,0.101001,0.089761,0.077911,0.065581,0.053161,0.039411,0.024861,0.011281,-0.000659,-0.012179,-0.024129,-0.035849,-0.045649,-0.052869,-0.057189,-0.061919,-0.067999,-0.072999,-0.077459,-0.080659,-0.082449,-0.081949,-0.081949,-0.081599,-0.082649,-0.085719,-0.090209,-0.094029,-0.098829,-0.106789,-0.116019,-0.123599,-0.128169,-0.131559
533.970000,0.258090,0.245290,0.232390,0.217580,0.202240,0.190300,0.178520,0.166490,0.153820,0.144280,0.132980,0.119710,0.103380,0.088880,0.076710,0.066110,0.056050,0.048490,0.042100,0.036540,0.031750,0.029460,0.026610,0.022990,0.018910,0.014760,0.007910,-0.001050,-0.010120,-0.018850,-0.029310,-0.041360,-0.053280,-0.065870,-0.079190,-0.093980,-0.109390,-0.125390,-0.141290,-0.157370,-0.171560,-0.184300,-0.197280,-0.210670,-0.222500,-0.234190,-0.244770,-0.254700,-0.265940,0.079614,0.077554,0.078794,0.079674,0.080144,0.084734,0.090364,0.096054,0.100034,0.106524,0.111024,0.115104,0.115194,0.112594,0.106484,0.100754,0.095144,0.087244,0.076184,0.063644,0.050654,0.036654,0.021804,0.008224,-0.004966,-0.017446,-0.029916,-0.039976,-0.048836,-0.055426,-0.060396,-0.065866,-0.071946,-0.077486,-0.081616,-0.084686,-0.085746,-0.085396,-0.085286,-0.085166,-0.087556,-0.092366,-0.097686,-0.101766,-0.108716,-0.118456,-0.124936,-0.127896,-0.134656
534.000000,0.258492,0.247192,0.233772,0.219562,0.205062,0.192202,0.179822,0.167862,0.154812,0.143952,0.132722,0.119392,0.104832,0.090892,0.079202,0.067222,0.057062,0.048812,0.043352,0.037432,0.031922,0.028812,0.026672,0.023322,0.019172,0.014812,0.007682,-0.002498,-0.014478,-0.024998,-0.035678,-0.046958,-0.059678,-0.071328,-0.084208,-0.099218,-0.114358,-0.126768,-0.139268,-0.153898,-0.169108,-0.183028,-0.195218,-0.206438,-0.217578,-0.229838,-0.241848,-0.253758,-0.265918,0.080316,0.081246,0.082356,0.081326,0.081756,0.084086,0.090806,0.096346,0.100806,0.106496,0.112766,0.116946,0.116726,0.113496,0.108396,0.102876,0.096436,0.087496,0.075056,0.062276,0.049856,0.036146,0.020776,0.007156,-0.005994,-0.018364,-0.030284,-0.041644,-0.050784,-0.057554,-0.062854,-0.069444,-0.074324,-0.079884,-0.083824,-0.085484,-0.086684,-0.087264,-0.086484,-0.085044,-0.088094,-0.092114,-0.096884,-0.100884,-0.106984,-0.114464,-0.124364,-0.131364,-0.130854
534.030000,0.264476,0.248776,0.234466,0.220426,0.205976,0.192686,0.180056,0.167226,0.153716,0.142056,0.129596,0.115196,0.101096,0.089266,0.078466,0.066956,0.056006,0.047186,0.041546,0.037436,0.033166,0.029396,0.027036,0.024616,0.021436,0.015376,0.006866,-0.003664,-0.014124,-0.024004,-0.033294,-0.044184,-0.057094,-0.069254,-0.081604,-0.095844,-0.111644,-0.127064,-0.142644,-0.157614,-0.172024,-0.184984,-0.196934,-0.207804,-0.218774,-0.230314,-0.241384,-0.252234,-0.264014,0.085529,0.085459,0.084219,0.083949,0.085159,0.088779,0.092709,0.096969,0.102589,0.109609,0.114249,0.116619,0.115399,0.111449,0.106459,0.101169,0.091789,0.079849,0.068049,0.057119,0.045319,0.032209,0.017309,0.003709,-0.009591,-0.019951,-0.029991,-0.040061,-0.049741,-0.056661,-0.062111,-0.067061,-0.072291,-0.078711,-0.083311,-0.084181,-0.083791,-0.083791,-0.083441,-0.084521,-0.087481,-0.091941,-0.095851,-0.100721,-0.107371,-0.115671,-0.123801,-0.130241,-0.133361
534.070000,0.260123,0.244963,0.228643,0.214563,0.203153,0.191623,0.178413,0.165133,0.153403,0.141833,0.130863,0.118403,0.104113,0.090043,0.077663,0.066443,0.055543,0.045603,0.037853,0.032553,0.029263,0.026503,0.024033,0.020663,0.016823,0.012333,0.005413,-0.003407,-0.012827,-0.022597,-0.033657,-0.045447,-0.057007,-0.069487,-0.081867,-0.094687,-0.106637,-0.120027,-0.134547,-0.150547,-0.165857,-0.179377,-0.191547,-0.204807,-0.217627,-0.228717,-0.239307,-0.251727,-0.264267,0.083729,0.083659,0.083809,0.083009,0.084209,0.086319,0.089019,0.092799,0.098929,0.104589,0.108629,0.112919,0.114779,0.112979,0.108389,0.102309,0.093369,0.081699,0.069399,0.057939,0.045769,0.031949,0.017899,0.005489,-0.005801,-0.017651,-0.030121,-0.040861,-0.049531,-0.055951,-0.060791,-0.066001,-0.072141,-0.077681,-0.081511,-0.086101,-0.087671,-0.086811,-0.085281,-0.085241,-0.086291,-0.089201,-0.094511,-0.098491,-0.103541,-0.111591,-0.121511,-0.128461,-0.130861
534.100000,0.265987,0.252037,0.236737,0.220897,0.205867,0.191047,0.178077,0.165247,0.153247,0.142727,0.132567,0.119687,0.104617,0.090817,0.077247,0.063737,0.052147,0.045537,0.040867,0.034707,0.028967,0.025507,0.022227,0.019477,0.016387,0.011667,0.003597,-0.004753,-0.014903,-0.025113,-0.035793,-0.047333,-0.060073,-0.071303,-0.082933,-0.096963,-0.112843,-0.125263,-0.137083,-0.151023,-0.165833,-0.178953,-0.191893,-0.205533,-0.216273,-0.226663,-0.237843,-0.250783,-0.262453,0.081029,0.084859,0.085449,0.084739,0.085969,0.088209,0.092419,0.096749,0.101739,0.107389,0.112899,0.117079,0.117399,0.113909,0.107169,0.099009,0.090619,0.080059,0.068259,0.055069,0.041389,0.026729,0.013379,-0.000161,-0.012321,-0.023221,-0.031961,-0.041961,-0.049861,-0.055911,-0.061021,-0.066951,-0.071611,-0.077561,-0.082411,-0.084741,-0.084911,-0.085201,-0.084911,-0.083681,-0.084911,-0.087921,-0.092501,-0.097111,-0.104181,-0.111571,-0.119511,-0.125551,-0.129861
534.130000,0.268456,0.253036,0.237356,0.222226,0.207366,0.192596,0.178986,0.167146,0.156136,0.145036,0.132766,0.118476,0.103106,0.089516,0.077346,0.066486,0.056856,0.050056,0.045416,0.040736,0.035316,0.029576,0.026416,0.023956,0.021236,0.014206,0.004936,-0.005184,-0.014564,-0.024684,-0.035294,-0.047344,-0.059674,-0.072464,-0.085224,-0.099824,-0.114314,-0.129134,-0.144194,-0.159544,-0.173534,-0.185514,-0.196514,-0.207494,-0.220034,-0.231944,-0.242294,-0.251694,-0.264254,0.085396,0.085616,0.085186,0.086116,0.087676,0.089936,0.093026,0.097536,0.102036,0.106166,0.110266,0.113556,0.113686,0.110826,0.105796,0.100186,0.092596,0.082976,0.071606,0.060726,0.049116,0.035846,0.020346,0.006266,-0.006874,-0.018564,-0.030984,-0.041804,-0.051334,-0.058024,-0.063294,-0.068564,-0.074454,-0.079804,-0.084274,-0.087634,-0.087284,-0.084924,-0.083154,-0.084644,-0.087334,-0.091694,-0.095534,-0.101604,-0.107874,-0.115674,-0.123164,-0.130634,-0.133334
534.170000,0.268517,0.255097,0.240367,0.226117,0.211977,0.197537,0.182207,0.168367,0.157267,0.146027,0.134327,0.120747,0.106517,0.092437,0.080597,0.069387,0.057977,0.048427,0.041027,0.036687,0.031347,0.026767,0.022887,0.020727,0.017407,0.011277,0.002597,-0.007353,-0.016393,-0.027023,-0.039603,-0.052593,-0.063963,-0.074063,-0.085963,-0.100943,-0.115593,-0.128563,-0.142203,-0.156333,-0.169873,-0.183743,-0.197153,-0.208623,-0.219493,-0.229833,-0.240053,-0.250973,-0.264273,0.080097,0.084697,0.087887,0.088227,0.087627,0.087517,0.089287,0.091957,0.097887,0.103987,0.109787,0.112797,0.113197,0.109907,0.105497,0.100597,0.094477,0.084397,0.071687,0.056927,0.045337,0.034017,0.021517,0.007267,-0.005753,-0.018113,-0.029843,-0.039663,-0.048443,-0.056163,-0.062823,-0.067953,-0.073743,-0.080073,-0.084583,-0.084993,-0.086403,-0.086983,-0.086073,-0.085403,-0.088223,-0.090733,-0.094733,-0.100313,-0.105293,-0.111673,-0.120173,-0.128303,-0.130133
534.200000,0.268753,0.255603,0.241963,0.227743,0.213323,0.197293,0.182143,0.167463,0.155143,0.143063,0.131573,0.118023,0.103813,0.088183,0.074093,0.062073,0.052723,0.045463,0.038113,0.032453,0.026413,0.022903,0.019433,0.017023,0.012633,0.008703,0.001853,-0.006257,-0.015387,-0.024097,-0.034847,-0.046147,-0.058077,-0.069777,-0.080827,-0.093347,-0.108237,-0.122907,-0.135907,-0.149407,-0.164287,-0.178937,-0.192757,-0.206557,-0.219617,-0.232217,-0.244117,-0.255997,-0.268237,0.078807,0.086467,0.087647,0.086947,0.086947,0.086587,0.087647,0.090367,0.096267,0.102397,0.108297,0.111327,0.111537,0.108377,0.103267,0.097557,0.090917,0.082707,0.072227,0.059127,0.047557,0.035717,0.022857,0.008507,-0.003473,-0.014603,-0.025773,-0.036763,-0.047273,-0.055823,-0.061393,-0.067033,-0.073043,-0.078583,-0.082713,-0.085783,-0.086493,-0.087913,-0.088493,-0.087553,-0.086933,-0.089923,-0.094193,-0.098513,-0.104623,-0.111953,-0.120823,-0.128383,-0.131993
534.230000,0.270206,0.262246,0.247786,0.231446,0.215806,0.200026,0.184626,0.170816,0.159276,0.147866,0.135356,0.121046,0.106056,0.090536,0.076496,0.064726,0.055246,0.046986,0.040656,0.035916,0.029786,0.024036,0.019196,0.016116,0.012796,0.008976,0.001316,-0.009244,-0.020524,-0.030694,-0.040914,-0.051564,-0.063404,-0.074394,-0.085554,-0.096834,-0.110144,-0.124184,-0.139374,-0.154254,-0.169494,-0.184214,-0.197584,-0.208984,-0.219494,-0.230794,-0.242554,-0.254434,-0.266704,0.079937,0.087597,0.088777,0.088077,0.088077,0.087717,0.088777,0.091687,0.096737,0.102077,0.108127,0.112217,0.112847,0.109457,0.105047,0.100117,0.094487,0.086467,0.075647,0.061847,0.048087,0.034357,0.020747,0.006537,-0.006773,-0.019763,-0.032173,-0.042113,-0.050353,-0.057723,-0.064433,-0.069063,-0.072863,-0.077503,-0.081973,-0.086333,-0.089163,-0.088753,-0.086273,-0.085263,-0.086933,-0.089493,-0.094143,-0.100263,-0.105553,-0.111123,-0.119063,-0.127593,-0.130773
534.270000,0.272356,0.262386,0.248426,0.232756,0.216836,0.200966,0.185446,0.171546,0.159666,0.147436,0.134606,0.122436,0.109766,0.095556,0.081136,0.068556,0.056816,0.047776,0.039966,0.034106,0.026986,0.022636,0.019076,0.016676,0.012506,0.007556,0.000436,-0.008004,-0.017274,-0.027724,-0.038964,-0.049924,-0.061004,-0.072134,-0.083864,-0.097114,-0.112234,-0.127294,-0.142404,-0.157274,-0.172404,-0.187354,-0.200604,-0.212104,-0.223084,-0.234184,-0.244874,-0.255894,-0.268684,0.074955,0.083505,0.087045,0.087755,0.087385,0.087125,0.088215,0.091225,0.095755,0.099955,0.104035,0.108375,0.111915,0.111805,0.106855,0.100645,0.094785,0.086935,0.075205,0.062345,0.050375,0.037305,0.022595,0.008445,-0.003585,-0.015295,-0.027905,-0.038935,-0.048175,-0.055305,-0.061435,-0.066675,-0.072355,-0.077795,-0.083075,-0.087635,-0.090425,-0.089285,-0.086865,-0.086185,-0.088425,-0.090895,-0.095465,-0.101405,-0.106635,-0.111645,-0.119595,-0.128105,-0.131455
534.300000,0.266963,0.259673,0.246223,0.231433,0.217043,0.203033,0.189073,0.174333,0.160723,0.147763,0.135753,0.123403,0.110663,0.096303,0.081093,0.067853,0.055773,0.046173,0.037963,0.032303,0.026273,0.020493,0.014603,0.011573,0.009503,0.005933,-0.001017,-0.009437,-0.018207,-0.028127,-0.037947,-0.047887,-0.058897,-0.071647,-0.083967,-0.095377,-0.108037,-0.123007,-0.138637,-0.153817,-0.168597,-0.183617,-0.198067,-0.211007,-0.223717,-0.235667,-0.247417,-0.257787,-0.270037,0.068853,0.080443,0.086163,0.086703,0.086963,0.085753,0.087053,0.087453,0.091583,0.096273,0.102053,0.106213,0.109633,0.109633,0.106273,0.101853,0.096673,0.089543,0.079493,0.066693,0.053563,0.040783,0.027763,0.013003,-0.001377,-0.013057,-0.023177,-0.034407,-0.046357,-0.054757,-0.061207,-0.066657,-0.072587,-0.077027,-0.082477,-0.087837,-0.091877,-0.093067,-0.091297,-0.088927,-0.088717,-0.091467,-0.095367,-0.100517,-0.105437,-0.110787,-0.118997,-0.129367,-0.133687
534.330000,0.272416,0.261836,0.247496,0.232416,0.217186,0.202416,0.187796,0.173456,0.159246,0.145066,0.132156,0.119186,0.105746,0.091356,0.078866,0.067376,0.057616,0.047926,0.040086,0.031966,0.025686,0.020276,0.016396,0.012286,0.008156,0.004586,-0.001344,-0.010124,-0.019654,-0.027994,-0.037634,-0.049224,-0.060464,-0.071304,-0.082184,-0.094484,-0.108394,-0.124114,-0.139484,-0.154814,-0.168764,-0.182474,-0.194764,-0.208144,-0.220654,-0.232544,-0.244514,-0.257284,-0.268644,0.072807,0.081657,0.084607,0.086747,0.088657,0.088277,0.087177,0.088067,0.092597,0.097017,0.101997,0.106617,0.108747,0.107497,0.102797,0.098537,0.092727,0.085787,0.076907,0.067557,0.056107,0.042817,0.028497,0.014177,0.000917,-0.012233,-0.024923,-0.036993,-0.046653,-0.055583,-0.062633,-0.067473,-0.072663,-0.078803,-0.084343,-0.088473,-0.091543,-0.092963,-0.091193,-0.088823,-0.088473,-0.091893,-0.096383,-0.100403,-0.104343,-0.111463,-0.119793,-0.126183,-0.125063
534.370000,0.276469,0.266299,0.251809,0.236439,0.220949,0.205919,0.190989,0.176589,0.162869,0.150329,0.138969,0.125979,0.110989,0.094229,0.078989,0.067049,0.056349,0.046219,0.038069,0.032179,0.026129,0.020509,0.016049,0.012899,0.009069,0.005079,-0.001311,-0.008661,-0.018121,-0.029061,-0.040431,-0.051571,-0.061871,-0.073211,-0.084401,-0.096941,-0.111161,-0.126811,-0.142311,-0.157791,-0.173131,-0.188131,-0.202231,-0.213951,-0.225721,-0.237311,-0.248041,-0.256611,-0.268611,0.073268,0.082058,0.084978,0.087128,0.089198,0.088828,0.087538,0.089188,0.094018,0.098148,0.102638,0.105698,0.106768,0.106768,0.105958,0.102048,0.096018,0.088548,0.078308,0.064738,0.051268,0.039278,0.026938,0.012938,-0.000102,-0.011502,-0.022592,-0.035472,-0.046702,-0.054722,-0.060742,-0.066212,-0.072612,-0.078462,-0.083862,-0.088022,-0.091242,-0.091892,-0.089872,-0.087762,-0.088172,-0.091302,-0.096062,-0.102182,-0.107982,-0.113142,-0.119912,-0.128502,-0.133212
534.400000,0.273145,0.262585,0.248945,0.234235,0.219095,0.204015,0.190475,0.177945,0.164925,0.150655,0.137785,0.124665,0.110375,0.094185,0.079205,0.067225,0.056585,0.046415,0.037975,0.031735,0.025905,0.019375,0.015225,0.012025,0.009185,0.005085,-0.001415,-0.010435,-0.019715,-0.029005,-0.040135,-0.052645,-0.064495,-0.075575,-0.086425,-0.099445,-0.113105,-0.126865,-0.140355,-0.155655,-0.170385,-0.184985,-0.198065,-0.210265,-0.220745,-0.232025,-0.243565,-0.255965,-0.267685,0.073810,0.082110,0.086160,0.088550,0.090280,0.089110,0.087980,0.089630,0.094460,0.098590,0.103080,0.106140,0.107210,0.107310,0.105890,0.101570,0.094540,0.085550,0.073800,0.060140,0.047540,0.036540,0.024460,0.011380,-0.002180,-0.014390,-0.026500,-0.037060,-0.046630,-0.053870,-0.059810,-0.066840,-0.073810,-0.079780,-0.084060,-0.086600,-0.088630,-0.090270,-0.090110,-0.087560,-0.087680,-0.091000,-0.095490,-0.099260,-0.104700,-0.110900,-0.119110,-0.124920,-0.124670
534.430000,0.268264,0.257804,0.244194,0.229544,0.214504,0.199524,0.185854,0.174274,0.162184,0.148934,0.136624,0.124794,0.111134,0.095344,0.079784,0.067054,0.056894,0.047404,0.038864,0.031984,0.026514,0.019114,0.014254,0.010814,0.008494,0.004004,-0.000486,-0.007546,-0.017516,-0.028196,-0.039236,-0.050356,-0.062736,-0.073036,-0.084276,-0.095226,-0.108716,-0.123076,-0.138326,-0.153126,-0.167446,-0.182596,-0.196436,-0.208836,-0.220366,-0.232726,-0.245916,-0.257426,-0.264556,0.070637,0.078987,0.082937,0.085307,0.087067,0.085957,0.084817,0.086727,0.090617,0.092727,0.096257,0.100927,0.103747,0.104207,0.103227,0.099297,0.093347,0.086737,0.078827,0.068907,0.056887,0.044287,0.030117,0.016767,0.004217,-0.007473,-0.019603,-0.031243,-0.042153,-0.052743,-0.061133,-0.067773,-0.073353,-0.079723,-0.085493,-0.090993,-0.093823,-0.095233,-0.093463,-0.091103,-0.091083,-0.093083,-0.095573,-0.098153,-0.102873,-0.109623,-0.113603,-0.117163,-0.127053
534.470000,0.272576,0.262476,0.248966,0.233906,0.218496,0.203296,0.188976,0.175086,0.161316,0.147756,0.134566,0.120536,0.105136,0.090986,0.078426,0.067356,0.055936,0.045606,0.038076,0.030606,0.023376,0.017026,0.014596,0.011966,0.008466,0.002526,-0.004944,-0.012734,-0.021224,-0.030724,-0.041454,-0.052504,-0.064004,-0.075274,-0.086044,-0.098054,-0.110624,-0.124494,-0.138204,-0.152984,-0.167174,-0.181404,-0.194274,-0.206974,-0.217884,-0.228714,-0.238784,-0.249614,-0.259964,0.075204,0.083754,0.087294,0.088004,0.087534,0.087564,0.089724,0.092904,0.096384,0.100384,0.105274,0.108124,0.108874,0.107874,0.103814,0.097674,0.090224,0.081934,0.070674,0.059214,0.046594,0.033544,0.018734,0.005204,-0.006536,-0.017316,-0.029036,-0.040036,-0.047836,-0.052946,-0.057916,-0.065196,-0.072406,-0.077926,-0.081916,-0.085116,-0.087756,-0.089596,-0.089106,-0.086486,-0.086136,-0.089626,-0.093966,-0.097076,-0.100896,-0.106776,-0.115056,-0.122706,-0.127136
534.500000,0.272210,0.262020,0.248430,0.233280,0.217780,0.202540,0.188230,0.174250,0.160140,0.147070,0.134920,0.121700,0.106200,0.092040,0.079070,0.066540,0.054510,0.044550,0.037990,0.031900,0.026140,0.020190,0.016020,0.012230,0.009600,0.005750,-0.000440,-0.009690,-0.019320,-0.029260,-0.039820,-0.051320,-0.063290,-0.074880,-0.085540,-0.095980,-0.108500,-0.123600,-0.139220,-0.154080,-0.168110,-0.181500,-0.195360,-0.209040,-0.223010,-0.235070,-0.243350,-0.250390,-0.264510,0.072973,0.081523,0.085063,0.085773,0.085273,0.085423,0.087813,0.091003,0.094363,0.097743,0.102513,0.105513,0.106733,0.105353,0.102573,0.097173,0.090793,0.083933,0.075783,0.065373,0.052723,0.040673,0.028103,0.015733,0.002393,-0.010387,-0.023017,-0.034757,-0.045647,-0.054307,-0.061327,-0.066807,-0.073047,-0.078727,-0.084877,-0.089347,-0.092127,-0.092327,-0.092497,-0.090727,-0.089787,-0.091567,-0.095737,-0.099647,-0.103737,-0.109157,-0.117127,-0.124357,-0.121257
534.530000,0.276861,0.262391,0.248351,0.234291,0.219531,0.203411,0.188571,0.174881,0.162041,0.148401,0.136031,0.122471,0.108081,0.093021,0.079141,0.066691,0.055591,0.045811,0.037571,0.030661,0.025401,0.019211,0.014971,0.011311,0.008721,0.004741,-0.000809,-0.008999,-0.017429,-0.025959,-0.034949,-0.046239,-0.058379,-0.070809,-0.082749,-0.095559,-0.110549,-0.126279,-0.141839,-0.157159,-0.172129,-0.187219,-0.200919,-0.212529,-0.223979,-0.236419,-0.245839,-0.253439,-0.267959,0.075103,0.080583,0.081773,0.082443,0.082613,0.083533,0.084333,0.087473,0.091613,0.095623,0.100223,0.103293,0.106213,0.106263,0.103683,0.097663,0.091623,0.084483,0.075613,0.065743,0.053993,0.043833,0.032393,0.019223,0.004633,-0.007957,-0.018917,-0.029667,-0.040107,-0.049557,-0.057067,-0.063507,-0.070247,-0.077667,-0.084637,-0.090337,-0.093277,-0.094647,-0.092877,-0.090507,-0.090157,-0.093577,-0.097887,-0.102897,-0.107237,-0.110807,-0.117387,-0.125787,-0.127267
534.560000,0.277274,0.262674,0.248884,0.234514,0.221544,0.207754,0.193364,0.178434,0.165254,0.152334,0.139534,0.126774,0.113144,0.098524,0.083674,0.069204,0.056014,0.044994,0.036094,0.029204,0.023474,0.016334,0.010234,0.006584,0.004284,0.000904,-0.004256,-0.010876,-0.019926,-0.030116,-0.040546,-0.051076,-0.062396,-0.073356,-0.084486,-0.096986,-0.111576,-0.126786,-0.141866,-0.156896,-0.170536,-0.183716,-0.197476,-0.211376,-0.222706,-0.233166,-0.245246,-0.257706,-0.267926,0.075617,0.079577,0.080207,0.079457,0.080747,0.082777,0.083707,0.085117,0.088417,0.092667,0.096187,0.100307,0.103567,0.103377,0.102077,0.098857,0.094757,0.087617,0.080077,0.069667,0.058347,0.046657,0.034497,0.020077,0.006137,-0.006173,-0.016713,-0.027693,-0.039043,-0.050193,-0.058463,-0.065613,-0.072673,-0.079853,-0.085273,-0.090083,-0.093013,-0.094433,-0.092663,-0.090293,-0.090003,-0.093493,-0.096153,-0.099393,-0.104753,-0.111993,-0.119523,-0.126073,-0.126923
534.600000,0.278683,0.263943,0.249383,0.235603,0.222813,0.208713,0.193033,0.177933,0.165063,0.153953,0.140423,0.128103,0.115733,0.102353,0.087243,0.073593,0.060133,0.046623,0.035903,0.028173,0.022993,0.017263,0.011263,0.005713,0.001913,-0.002097,-0.006327,-0.011847,-0.020737,-0.032117,-0.043167,-0.053357,-0.063727,-0.075087,-0.086017,-0.097427,-0.110467,-0.126197,-0.141337,-0.153907,-0.166347,-0.180717,-0.195687,-0.210667,-0.225117,-0.238807,-0.249837,-0.260937,-0.274597,0.073379,0.077729,0.078189,0.078139,0.079429,0.081249,0.081529,0.082389,0.085459,0.090299,0.092709,0.096339,0.099909,0.103179,0.101649,0.098759,0.094259,0.088889,0.081859,0.073489,0.062469,0.049639,0.035889,0.022039,0.008299,-0.004191,-0.015561,-0.027491,-0.038891,-0.050191,-0.059701,-0.066691,-0.072601,-0.078351,-0.084201,-0.088531,-0.091431,-0.091651,-0.093171,-0.093641,-0.093261,-0.092741,-0.096271,-0.098621,-0.102231,-0.108181,-0.118511,-0.126071,-0.124991
534.630000,0.273682,0.264582,0.253502,0.240452,0.227062,0.213172,0.200232,0.186922,0.173302,0.158702,0.144352,0.130222,0.116032,0.100842,0.086372,0.072392,0.059552,0.046542,0.035162,0.026792,0.020102,0.014722,0.007882,0.001922,-0.002648,-0.006148,-0.010148,-0.016558,-0.023418,-0.032748,-0.043228,-0.054728,-0.065228,-0.074058,-0.083278,-0.094278,-0.108108,-0.123228,-0.139318,-0.154908,-0.170158,-0.185158,-0.200348,-0.213858,-0.227388,-0.239598,-0.251908,-0.262418,-0.271618,0.072974,0.077754,0.080944,0.080344,0.077824,0.078154,0.078744,0.079264,0.080324,0.085084,0.089224,0.093894,0.098434,0.101754,0.101234,0.098924,0.094974,0.090974,0.084624,0.076184,0.064314,0.051874,0.039614,0.026744,0.012464,-0.000526,-0.011916,-0.022976,-0.036216,-0.048776,-0.057956,-0.063806,-0.069176,-0.076376,-0.082926,-0.089066,-0.093456,-0.096256,-0.096896,-0.095216,-0.093176,-0.092926,-0.096236,-0.100406,-0.104026,-0.110296,-0.118056,-0.126726,-0.133256
534.660000,0.280942,0.266652,0.251362,0.236662,0.222972,0.208522,0.193572,0.178612,0.166512,0.154162,0.141592,0.128362,0.115472,0.100452,0.084582,0.070862,0.057892,0.045642,0.034952,0.027192,0.021062,0.014782,0.009032,0.003962,0.000092,-0.003878,-0.008078,-0.015298,-0.022558,-0.031048,-0.038858,-0.048868,-0.058948,-0.071408,-0.084488,-0.096578,-0.109318,-0.123808,-0.139398,-0.154428,-0.169268,-0.184578,-0.199448,-0.212998,-0.226258,-0.237878,-0.248168,-0.257808,-0.272528,0.077274,0.081974,0.080844,0.080374,0.079384,0.078334,0.077934,0.080414,0.084904,0.088114,0.090904,0.095024,0.100234,0.102914,0.102384,0.099714,0.094994,0.088604,0.081774,0.073554,0.063384,0.050894,0.036854,0.023024,0.008704,-0.004796,-0.016816,-0.027796,-0.039676,-0.048976,-0.056336,-0.061946,-0.069316,-0.076296,-0.083786,-0.090646,-0.095126,-0.096896,-0.094986,-0.092746,-0.092136,-0.093936,-0.096616,-0.099936,-0.103826,-0.109456,-0.118516,-0.126926,-0.125006
534.700000,0.281367,0.268497,0.254037,0.238887,0.223787,0.207607,0.193327,0.179217,0.166947,0.153487,0.141127,0.128157,0.115307,0.099907,0.085037,0.072417,0.060907,0.050627,0.040467,0.030457,0.021237,0.015047,0.009767,0.004837,0.000357,-0.003503,-0.007603,-0.013793,-0.022603,-0.032333,-0.041723,-0.051793,-0.063203,-0.075713,-0.088213,-0.099823,-0.112323,-0.127093,-0.142543,-0.157543,-0.172053,-0.187403,-0.201443,-0.214203,-0.225783,-0.235953,-0.244543,-0.253593,-0.268043,0.081098,0.081978,0.080208,0.078208,0.076788,0.076788,0.078178,0.079648,0.083868,0.087268,0.092018,0.096468,0.101068,0.102728,0.101208,0.098148,0.093978,0.088958,0.082098,0.073578,0.063318,0.050828,0.037118,0.023268,0.010078,-0.002242,-0.013452,-0.025052,-0.037142,-0.047842,-0.055972,-0.063802,-0.072882,-0.081542,-0.087742,-0.092722,-0.095582,-0.097002,-0.095232,-0.092862,-0.092862,-0.094872,-0.097352,-0.100062,-0.104122,-0.109782,-0.117982,-0.123822,-0.116972
534.730000,0.282327,0.269067,0.255967,0.241947,0.226687,0.210937,0.195847,0.180997,0.166187,0.152267,0.140377,0.128277,0.115947,0.102557,0.087807,0.073197,0.059857,0.047497,0.036477,0.028477,0.023067,0.016517,0.009607,0.002687,-0.002233,-0.005823,-0.009533,-0.013953,-0.021713,-0.031283,-0.043153,-0.053983,-0.065293,-0.077133,-0.088053,-0.098653,-0.111473,-0.127093,-0.143103,-0.157383,-0.170993,-0.184723,-0.199643,-0.213243,-0.225473,-0.236753,-0.246443,-0.256653,-0.270813,0.083728,0.081308,0.078978,0.076988,0.075528,0.075228,0.076688,0.078588,0.081088,0.083718,0.087928,0.092108,0.096598,0.099658,0.101188,0.099318,0.096008,0.090508,0.084048,0.075978,0.065618,0.053658,0.040558,0.027578,0.014728,0.001768,-0.009702,-0.021512,-0.032702,-0.044822,-0.055322,-0.064772,-0.073482,-0.080352,-0.086692,-0.091392,-0.095632,-0.097292,-0.098442,-0.096702,-0.094732,-0.094512,-0.097852,-0.101672,-0.105682,-0.109722,-0.117842,-0.125242,-0.122992
534.760000,0.282932,0.268612,0.254042,0.239192,0.224232,0.208402,0.193352,0.178872,0.164672,0.151032,0.137972,0.125462,0.111842,0.096952,0.081642,0.068282,0.055372,0.042772,0.032352,0.024792,0.018992,0.014552,0.009072,0.003382,-0.000478,-0.002348,-0.006078,-0.012628,-0.021488,-0.030208,-0.039188,-0.049308,-0.061398,-0.073528,-0.085388,-0.097598,-0.111768,-0.126028,-0.139068,-0.152368,-0.167818,-0.182928,-0.198248,-0.210768,-0.223318,-0.233308,-0.243848,-0.253078,-0.266608,0.083563,0.080613,0.078253,0.076603,0.075183,0.075183,0.076383,0.079043,0.082263,0.084663,0.087993,0.093863,0.098873,0.101143,0.100233,0.097433,0.092943,0.087463,0.080633,0.072143,0.061483,0.049273,0.038493,0.028483,0.015793,0.001233,-0.010717,-0.021697,-0.033487,-0.045197,-0.055927,-0.063787,-0.070787,-0.078207,-0.086767,-0.092077,-0.093637,-0.095277,-0.095767,-0.095187,-0.093057,-0.094827,-0.096217,-0.100077,-0.102807,-0.108167,-0.114897,-0.123907,-0.126737
534.800000,0.279628,0.267138,0.255038,0.241788,0.226478,0.211078,0.195978,0.181068,0.166508,0.151828,0.138928,0.126368,0.112518,0.098578,0.084498,0.071378,0.058498,0.047278,0.036038,0.026568,0.018448,0.012168,0.006928,0.001528,-0.004442,-0.009602,-0.012842,-0.016772,-0.022562,-0.030542,-0.038892,-0.048762,-0.059592,-0.071252,-0.082792,-0.095422,-0.109182,-0.124382,-0.140632,-0.154302,-0.167232,-0.180212,-0.195542,-0.210322,-0.224082,-0.236392,-0.247592,-0.259492,-0.273412,0.088545,0.082315,0.077215,0.073565,0.072385,0.071235,0.072885,0.074535,0.077015,0.079725,0.084205,0.088695,0.091405,0.093885,0.095885,0.096245,0.092835,0.088635,0.083465,0.076455,0.066695,0.054455,0.041415,0.030995,0.020745,0.009285,-0.004355,-0.016655,-0.028935,-0.040365,-0.052005,-0.061965,-0.069955,-0.077115,-0.084885,-0.092545,-0.096955,-0.097885,-0.097445,-0.097645,-0.097365,-0.098685,-0.100115,-0.102645,-0.105085,-0.110975,-0.117045,-0.120185,-0.113905
534.830000,0.278572,0.266282,0.252132,0.238532,0.224872,0.210152,0.194792,0.179482,0.165612,0.151982,0.139102,0.125642,0.113692,0.100782,0.085812,0.070762,0.058162,0.046722,0.035262,0.023922,0.015462,0.009442,0.004582,-0.001558,-0.006698,-0.010578,-0.015048,-0.020698,-0.027538,-0.034978,-0.043388,-0.053198,-0.064938,-0.075588,-0.085148,-0.095398,-0.107008,-0.119698,-0.134648,-0.150178,-0.162678,-0.174908,-0.189158,-0.204288,-0.216458,-0.228508,-0.242008,-0.256948,-0.270538,0.089158,0.081388,0.076328,0.073968,0.072908,0.072548,0.073738,0.075448,0.077968,0.080598,0.084398,0.088388,0.093278,0.096928,0.098218,0.096838,0.093798,0.088958,0.082548,0.074038,0.063718,0.052208,0.040188,0.027478,0.013338,-0.001152,-0.012722,-0.023442,-0.033312,-0.042872,-0.052432,-0.063202,-0.071032,-0.077382,-0.083152,-0.088662,-0.092792,-0.095862,-0.096662,-0.097592,-0.098022,-0.097532,-0.096202,-0.097412,-0.101382,-0.105902,-0.109752,-0.112552,-0.117352
534.860000,0.276137,0.263307,0.251297,0.238707,0.224317,0.209187,0.193807,0.178747,0.165037,0.151817,0.138047,0.124507,0.113367,0.101947,0.087637,0.071877,0.058467,0.045697,0.033707,0.023467,0.015447,0.008757,0.003797,-0.001503,-0.007893,-0.012443,-0.013923,-0.018073,-0.024833,-0.032933,-0.039393,-0.047973,-0.058433,-0.071253,-0.082973,-0.094183,-0.104843,-0.117313,-0.131733,-0.147563,-0.163133,-0.178303,-0.193143,-0.207943,-0.221123,-0.234233,-0.248213,-0.261043,-0.264683,0.087355,0.082325,0.078545,0.074555,0.071595,0.070305,0.071255,0.072685,0.075355,0.078115,0.080595,0.083845,0.089575,0.094525,0.096475,0.095095,0.092095,0.087895,0.082485,0.075675,0.066205,0.054465,0.041095,0.030445,0.021565,0.010645,-0.003105,-0.015285,-0.025725,-0.036335,-0.047775,-0.057745,-0.066225,-0.074615,-0.083165,-0.089995,-0.094895,-0.097745,-0.098805,-0.098455,-0.098235,-0.098975,-0.100515,-0.102655,-0.106205,-0.109195,-0.111475,-0.116055,-0.131595
534.900000,0.271719,0.259429,0.249109,0.238059,0.225159,0.210649,0.195309,0.180389,0.165659,0.151059,0.137599,0.125219,0.112139,0.099199,0.086199,0.071929,0.057049,0.045019,0.033099,0.022059,0.013019,0.007829,0.003029,-0.002551,-0.008481,-0.013421,-0.017321,-0.021181,-0.026041,-0.032501,-0.041141,-0.049471,-0.058871,-0.069751,-0.081871,-0.093201,-0.103271,-0.114861,-0.128691,-0.144591,-0.160001,-0.175411,-0.191181,-0.205531,-0.217671,-0.229081,-0.242601,-0.257871,-0.273351,0.085233,0.078323,0.076173,0.074323,0.071983,0.068713,0.067823,0.069483,0.071133,0.073613,0.076323,0.080803,0.084933,0.089423,0.092733,0.093193,0.090423,0.085913,0.081423,0.075963,0.068763,0.059083,0.047243,0.034933,0.023303,0.012633,0.001253,-0.009937,-0.021547,-0.033657,-0.045907,-0.057247,-0.066967,-0.075517,-0.082767,-0.088207,-0.094227,-0.099167,-0.101577,-0.100887,-0.100887,-0.100887,-0.100537,-0.101587,-0.104657,-0.109497,-0.112567,-0.113747,-0.113157
534.930000,0.276929,0.265639,0.255379,0.243999,0.230739,0.216099,0.200569,0.185389,0.170429,0.155599,0.141899,0.129079,0.116589,0.104599,0.092179,0.077469,0.062579,0.049749,0.037079,0.024189,0.014159,0.008359,0.004399,-0.001201,-0.007201,-0.012351,-0.015851,-0.021261,-0.027551,-0.035311,-0.042031,-0.051011,-0.061251,-0.073561,-0.085021,-0.096241,-0.107991,-0.121821,-0.137341,-0.153121,-0.168771,-0.184561,-0.199981,-0.213731,-0.225511,-0.237951,-0.249691,-0.260821,-0.271981,0.088191,0.084881,0.083241,0.080121,0.075141,0.072211,0.071211,0.072901,0.074551,0.077031,0.079741,0.084221,0.088351,0.092841,0.096091,0.096841,0.094401,0.089411,0.082401,0.075381,0.066751,0.054811,0.041461,0.029041,0.017341,0.005411,-0.005959,-0.017859,-0.029249,-0.039959,-0.050349,-0.060429,-0.068119,-0.075559,-0.082939,-0.089599,-0.094069,-0.096959,-0.097769,-0.097469,-0.097469,-0.097119,-0.098169,-0.101239,-0.105759,-0.109069,-0.116709,-0.123519,-0.118639
534.960000,0.282672,0.267392,0.254892,0.242332,0.227782,0.212332,0.196202,0.180962,0.165632,0.151462,0.138632,0.127212,0.113912,0.099542,0.084052,0.069792,0.057022,0.046162,0.034462,0.023742,0.015532,0.009702,0.003752,-0.001818,-0.006428,-0.010098,-0.015488,-0.022008,-0.029208,-0.035628,-0.044308,-0.054158,-0.065548,-0.075368,-0.084248,-0.093218,-0.105878,-0.121198,-0.137798,-0.151858,-0.164038,-0.176678,-0.192758,-0.206648,-0.217978,-0.229508,-0.242448,-0.254598,-0.266288,0.093780,0.092440,0.084420,0.076510,0.073430,0.072510,0.072510,0.073920,0.075600,0.078090,0.080520,0.086350,0.090950,0.094970,0.097010,0.097400,0.093730,0.088220,0.081450,0.073750,0.063870,0.052360,0.039700,0.027930,0.015250,0.002500,-0.010220,-0.022450,-0.033890,-0.044250,-0.053540,-0.063250,-0.070420,-0.077050,-0.083550,-0.091240,-0.095580,-0.096920,-0.096230,-0.097290,-0.097650,-0.097290,-0.095610,-0.097980,-0.102480,-0.106370,-0.111350,-0.117060,-0.117510
535.000000,0.274375,0.266185,0.252885,0.239705,0.227455,0.214485,0.199105,0.184395,0.170835,0.156805,0.143445,0.130455,0.118215,0.106095,0.093915,0.080135,0.065045,0.051665,0.039285,0.027195,0.015135,0.006515,0.001515,-0.002735,-0.009415,-0.015355,-0.019535,-0.022815,-0.028355,-0.035405,-0.043175,-0.052115,-0.061795,-0.073025,-0.084695,-0.096375,-0.107985,-0.121305,-0.136425,-0.151905,-0.167245,-0.182585,-0.198375,-0.211695,-0.224355,-0.237865,-0.250265,-0.259605,-0.270455,0.089833,0.085613,0.082133,0.078023,0.073363,0.069653,0.068493,0.069623,0.071383,0.072583,0.074923,0.078283,0.082373,0.085753,0.089253,0.091273,0.091343,0.089793,0.085313,0.078343,0.070063,0.059583,0.047723,0.035963,0.025373,0.012823,-0.000347,-0.012317,-0.023767,-0.033897,-0.043877,-0.054057,-0.065187,-0.073897,-0.082567,-0.090397,-0.096777,-0.099577,-0.100587,-0.100237,-0.100237,-0.100217,-0.099617,-0.102487,-0.106107,-0.109507,-0.113097,-0.120907,-0.129217
535.030000,0.275160,0.266790,0.253520,0.239780,0.226340,0.212140,0.196340,0.181420,0.167300,0.154600,0.142570,0.130370,0.116370,0.102880,0.089940,0.075960,0.061320,0.047770,0.036190,0.025430,0.015540,0.007530,0.002640,-0.003800,-0.010870,-0.015930,-0.017850,-0.023120,-0.029060,-0.035680,-0.042430,-0.050990,-0.060710,-0.072200,-0.084560,-0.095060,-0.105690,-0.118570,-0.133460,-0.148300,-0.163270,-0.179080,-0.194110,-0.208280,-0.220820,-0.233310,-0.246300,-0.260390,-0.274040,0.089817,0.085377,0.082167,0.076877,0.071867,0.068707,0.068737,0.069477,0.070867,0.073667,0.077067,0.080587,0.083057,0.085847,0.089897,0.093787,0.092397,0.087677,0.082237,0.077597,0.069237,0.058507,0.046697,0.035867,0.023907,0.010087,-0.004213,-0.014913,-0.023953,-0.034093,-0.046643,-0.057983,-0.067433,-0.075873,-0.082823,-0.089073,-0.093523,-0.096013,-0.097483,-0.099303,-0.100593,-0.100093,-0.100573,-0.101703,-0.105493,-0.109483,-0.113443,-0.116253,-0.121043
535.060000,0.274894,0.259454,0.248814,0.237184,0.224704,0.211514,0.199154,0.184674,0.171344,0.157654,0.144944,0.132674,0.121344,0.108274,0.095564,0.082744,0.069004,0.054344,0.040634,0.028074,0.017144,0.008864,0.001934,-0.005436,-0.011236,-0.015456,-0.018926,-0.025026,-0.032116,-0.039936,-0.047196,-0.055656,-0.065526,-0.076836,-0.087356,-0.096656,-0.106976,-0.120536,-0.136106,-0.151276,-0.166476,-0.181666,-0.197416,-0.210506,-0.222386,-0.232916,-0.244756,-0.256206,-0.270346,0.090277,0.089617,0.081137,0.074867,0.072347,0.069147,0.067147,0.067737,0.070917,0.072217,0.074697,0.077407,0.081887,0.086017,0.090507,0.093927,0.093927,0.090717,0.085877,0.078847,0.070267,0.060567,0.049897,0.037867,0.024987,0.011537,-0.002213,-0.014873,-0.027133,-0.039473,-0.050083,-0.059863,-0.067803,-0.075993,-0.082843,-0.090133,-0.095333,-0.098593,-0.099633,-0.099933,-0.099803,-0.099803,-0.099243,-0.101343,-0.104513,-0.109603,-0.114943,-0.118983,-0.112193
535.100000,0.272895,0.264185,0.251925,0.238055,0.224245,0.211255,0.198945,0.185205,0.171545,0.157705,0.144845,0.132435,0.120955,0.107945,0.094255,0.080155,0.065145,0.051015,0.039175,0.027515,0.016615,0.008305,0.002235,-0.003215,-0.008585,-0.014225,-0.020045,-0.024395,-0.029395,-0.036395,-0.044535,-0.052615,-0.061625,-0.073135,-0.085375,-0.097925,-0.109285,-0.122175,-0.136305,-0.151995,-0.167335,-0.182925,-0.197325,-0.211175,-0.223965,-0.235625,-0.246345,-0.258275,-0.272345,0.088383,0.084993,0.079853,0.075353,0.071313,0.067033,0.065303,0.066053,0.069203,0.070503,0.072983,0.075693,0.080173,0.084303,0.088823,0.092083,0.092033,0.088803,0.084233,0.078513,0.070483,0.060963,0.051753,0.041503,0.029403,0.015873,0.003563,-0.007967,-0.019237,-0.031047,-0.043227,-0.055417,-0.066547,-0.074547,-0.082357,-0.090427,-0.097877,-0.100947,-0.101867,-0.101517,-0.101517,-0.101257,-0.102197,-0.103687,-0.106107,-0.110157,-0.116787,-0.120537,-0.113957
535.130000,0.275853,0.261643,0.249753,0.239323,0.227653,0.214023,0.198333,0.182933,0.168983,0.155483,0.142143,0.128473,0.114723,0.100953,0.086873,0.072003,0.057993,0.044893,0.032523,0.020573,0.012183,0.005243,0.000123,-0.006157,-0.012077,-0.017387,-0.021947,-0.027337,-0.035077,-0.042757,-0.051167,-0.059767,-0.068907,-0.077977,-0.086447,-0.096227,-0.106457,-0.118067,-0.129167,-0.140957,-0.154657,-0.169387,-0.183767,-0.197867,-0.213057,-0.227637,-0.240767,-0.250817,-0.256857,0.096479,0.092689,0.085709,0.078439,0.074169,0.071359,0.071109,0.071399,0.072779,0.074849,0.078599,0.083249,0.087339,0.091369,0.094799,0.097169,0.094489,0.089689,0.081819,0.074569,0.064859,0.054379,0.042659,0.031819,0.019239,0.006629,-0.005761,-0.018141,-0.030581,-0.043261,-0.053921,-0.062391,-0.069471,-0.076391,-0.083211,-0.088881,-0.094091,-0.098631,-0.100641,-0.098281,-0.094151,-0.094251,-0.097541,-0.100771,-0.101401,-0.103471,-0.109901,-0.121511,-0.135021
535.160000,0.275485,0.263175,0.253085,0.242255,0.231185,0.219765,0.206135,0.190145,0.174535,0.159515,0.145385,0.131655,0.117325,0.102735,0.089705,0.076415,0.063495,0.049875,0.037845,0.026235,0.015995,0.006515,-0.000555,-0.006795,-0.012555,-0.017785,-0.021575,-0.025595,-0.030775,-0.038365,-0.046735,-0.055185,-0.065045,-0.076195,-0.087345,-0.096225,-0.106005,-0.118195,-0.133775,-0.149375,-0.164835,-0.180295,-0.195985,-0.210785,-0.224385,-0.235415,-0.246485,-0.258525,-0.273675,0.096574,0.092194,0.086894,0.080764,0.073384,0.068894,0.067274,0.067814,0.067454,0.068514,0.071524,0.076304,0.080534,0.084564,0.088754,0.092234,0.092234,0.088944,0.084174,0.079054,0.071334,0.060614,0.047214,0.034814,0.023574,0.012914,0.001624,-0.010436,-0.022246,-0.033646,-0.045156,-0.056566,-0.066616,-0.075546,-0.083156,-0.090266,-0.096746,-0.101146,-0.101846,-0.101496,-0.101496,-0.101496,-0.101056,-0.102546,-0.105316,-0.111686,-0.117506,-0.120566,-0.113646
535.200000,0.279048,0.264558,0.252378,0.241178,0.231518,0.219908,0.205938,0.189618,0.173858,0.158388,0.144688,0.131638,0.119078,0.106948,0.094488,0.080248,0.065408,0.052018,0.038608,0.025018,0.013598,0.005158,-0.001762,-0.008592,-0.014002,-0.018732,-0.022482,-0.027572,-0.034602,-0.042622,-0.050262,-0.059042,-0.068022,-0.077612,-0.086722,-0.095842,-0.105382,-0.118512,-0.133832,-0.149652,-0.165432,-0.181482,-0.196412,-0.209432,-0.220832,-0.232932,-0.244682,-0.256702,-0.270122,0.101183,0.096963,0.090683,0.084203,0.076173,0.070013,0.067323,0.068063,0.068033,0.069203,0.072163,0.076323,0.080513,0.084923,0.088023,0.090823,0.092143,0.090563,0.084873,0.077073,0.068693,0.058403,0.047143,0.034943,0.022183,0.009403,-0.004117,-0.015267,-0.025957,-0.036897,-0.049507,-0.059857,-0.068637,-0.075337,-0.081767,-0.088297,-0.094687,-0.098717,-0.100737,-0.101417,-0.101177,-0.101177,-0.100827,-0.101877,-0.104857,-0.109547,-0.115787,-0.119837,-0.113757
535.230000,0.271218,0.257908,0.246868,0.235098,0.222208,0.211038,0.200418,0.188318,0.173678,0.158888,0.144458,0.131008,0.118208,0.105148,0.091828,0.077498,0.062578,0.048238,0.036248,0.024288,0.012238,0.003608,-0.002552,-0.007882,-0.015142,-0.019872,-0.025042,-0.028662,-0.034632,-0.040952,-0.048232,-0.055892,-0.063742,-0.072492,-0.081372,-0.091432,-0.102472,-0.114002,-0.127002,-0.141332,-0.157202,-0.172722,-0.188232,-0.204102,-0.218342,-0.231412,-0.244092,-0.258482,-0.273702,0.098698,0.094638,0.087158,0.079628,0.074058,0.068988,0.064248,0.062968,0.064298,0.066878,0.068948,0.071548,0.075638,0.080618,0.086208,0.089548,0.090238,0.086748,0.082208,0.077158,0.070158,0.060748,0.049328,0.037468,0.025868,0.013048,0.001068,-0.010222,-0.020142,-0.031852,-0.043292,-0.053922,-0.062682,-0.070822,-0.079012,-0.086332,-0.093292,-0.099412,-0.103132,-0.103982,-0.103632,-0.103632,-0.103632,-0.103282,-0.104332,-0.107402,-0.112242,-0.115782,-0.116082
535.260000,0.270316,0.259066,0.248676,0.237176,0.225146,0.211826,0.197586,0.182046,0.166646,0.151626,0.138476,0.126046,0.114166,0.101376,0.089636,0.076516,0.062796,0.048176,0.035446,0.024066,0.013636,0.004636,-0.002334,-0.008454,-0.014124,-0.018954,-0.023444,-0.027814,-0.032714,-0.039234,-0.046024,-0.052714,-0.061104,-0.071244,-0.081174,-0.090824,-0.101834,-0.113924,-0.127874,-0.142764,-0.158284,-0.173234,-0.187264,-0.200464,-0.214454,-0.228854,-0.243274,-0.256084,-0.266594,0.096792,0.093812,0.086252,0.078692,0.070402,0.065742,0.063302,0.063982,0.063632,0.064692,0.067762,0.072252,0.076382,0.080492,0.084962,0.088302,0.088762,0.085552,0.080972,0.075032,0.068222,0.059122,0.049182,0.039402,0.030232,0.019072,0.006942,-0.006008,-0.017148,-0.027998,-0.038118,-0.049708,-0.061088,-0.070898,-0.079268,-0.086198,-0.093948,-0.100688,-0.104948,-0.105668,-0.105608,-0.104168,-0.103338,-0.105238,-0.108318,-0.110508,-0.114288,-0.117238,-0.109568
535.300000,0.271253,0.258123,0.249243,0.240833,0.229453,0.218293,0.205333,0.191173,0.175473,0.159973,0.145033,0.131083,0.117683,0.103133,0.089473,0.076663,0.063423,0.049083,0.036263,0.023413,0.011883,0.002053,-0.004197,-0.009967,-0.015447,-0.021287,-0.025997,-0.029687,-0.034517,-0.040927,-0.049597,-0.058017,-0.066517,-0.075367,-0.084117,-0.092907,-0.102657,-0.114717,-0.127987,-0.142877,-0.158247,-0.173637,-0.188987,-0.204837,-0.218197,-0.230777,-0.243917,-0.259497,-0.273447,0.097295,0.095545,0.090315,0.082225,0.074055,0.067905,0.064965,0.063975,0.064335,0.063975,0.064895,0.068395,0.074595,0.078745,0.082795,0.086505,0.089185,0.087185,0.082305,0.076835,0.069695,0.061205,0.050465,0.039975,0.029515,0.018165,0.006025,-0.005995,-0.017355,-0.029445,-0.041555,-0.053115,-0.063315,-0.072155,-0.080555,-0.087745,-0.092875,-0.096975,-0.101575,-0.104535,-0.105265,-0.104975,-0.104975,-0.104265,-0.107095,-0.110935,-0.114285,-0.114565,-0.117535
535.330000,0.269232,0.257872,0.246312,0.236712,0.226592,0.215702,0.201812,0.188842,0.174722,0.160962,0.146262,0.132502,0.118592,0.104482,0.091462,0.078622,0.064602,0.049052,0.036142,0.023582,0.011212,0.001602,-0.004788,-0.010278,-0.016478,-0.021978,-0.027938,-0.032168,-0.037488,-0.043218,-0.050088,-0.055908,-0.064098,-0.072318,-0.082688,-0.092848,-0.103928,-0.114528,-0.126678,-0.140498,-0.155858,-0.171628,-0.187248,-0.203308,-0.217188,-0.230178,-0.243448,-0.258508,-0.271618,0.100849,0.095539,0.087489,0.079029,0.072829,0.067029,0.064469,0.062029,0.060029,0.059669,0.063089,0.067579,0.071709,0.075829,0.079959,0.084449,0.087869,0.088229,0.083339,0.077349,0.070929,0.062699,0.052849,0.043269,0.032849,0.019919,0.006559,-0.007721,-0.019691,-0.030111,-0.038571,-0.048421,-0.057461,-0.067421,-0.076491,-0.085641,-0.092851,-0.098061,-0.102161,-0.105131,-0.106211,-0.105861,-0.105861,-0.105281,-0.107461,-0.111001,-0.115351,-0.116351,-0.114321
535.360000,0.268378,0.255968,0.245278,0.234828,0.223438,0.210888,0.199258,0.188798,0.176738,0.162528,0.147488,0.133638,0.120268,0.107268,0.094508,0.081738,0.067538,0.053538,0.041388,0.030258,0.018158,0.005548,-0.003462,-0.008592,-0.013512,-0.019852,-0.026992,-0.032502,-0.037542,-0.042892,-0.050202,-0.057352,-0.064952,-0.074742,-0.086442,-0.097382,-0.107512,-0.119372,-0.133022,-0.147612,-0.162172,-0.176892,-0.190242,-0.203132,-0.216202,-0.229282,-0.241922,-0.255062,-0.268612,0.102970,0.095170,0.086950,0.078510,0.071010,0.065790,0.061000,0.059410,0.060350,0.061770,0.062470,0.065540,0.070130,0.073760,0.077720,0.082370,0.086220,0.086490,0.083380,0.078370,0.071520,0.064570,0.056670,0.046140,0.034300,0.022770,0.011500,-0.002010,-0.014570,-0.026560,-0.037970,-0.049510,-0.060510,-0.069970,-0.079710,-0.088330,-0.095380,-0.098920,-0.102390,-0.105520,-0.107930,-0.106330,-0.105190,-0.105120,-0.109280,-0.111290,-0.114110,-0.114170,-0.112080
535.400000,0.268642,0.259562,0.248822,0.236862,0.225912,0.214092,0.201262,0.188202,0.175162,0.160982,0.145552,0.130862,0.117742,0.106022,0.094252,0.081992,0.068562,0.054552,0.040732,0.028262,0.015802,0.004352,-0.004388,-0.009768,-0.014578,-0.020528,-0.027078,-0.032048,-0.037548,-0.045348,-0.052778,-0.059228,-0.067408,-0.078828,-0.090348,-0.100588,-0.110568,-0.122538,-0.135198,-0.147218,-0.159018,-0.172248,-0.186028,-0.199808,-0.213608,-0.227078,-0.239188,-0.251068,-0.264168,0.107510,0.097580,0.090120,0.083020,0.073980,0.067620,0.062030,0.060720,0.061530,0.062410,0.063340,0.065830,0.070120,0.074440,0.079150,0.083520,0.086940,0.086940,0.083730,0.078880,0.071850,0.063340,0.054850,0.045440,0.034270,0.022370,0.009790,-0.004730,-0.017900,-0.029280,-0.040870,-0.053850,-0.065270,-0.074350,-0.082910,-0.091400,-0.098240,-0.102900,-0.107490,-0.109500,-0.106790,-0.104670,-0.104410,-0.105580,-0.106150,-0.109680,-0.111890,-0.110860,-0.102600
535.430000,0.270886,0.258676,0.248156,0.237276,0.225276,0.213616,0.201086,0.186796,0.170986,0.155176,0.140996,0.127996,0.115026,0.101856,0.089146,0.078126,0.065856,0.052466,0.038616,0.026236,0.013666,0.002066,-0.005404,-0.010394,-0.015774,-0.022274,-0.026934,-0.032064,-0.037594,-0.042944,-0.047904,-0.054884,-0.061544,-0.069114,-0.079134,-0.090564,-0.101614,-0.114344,-0.129184,-0.143944,-0.158674,-0.173554,-0.188264,-0.202384,-0.216514,-0.229614,-0.243114,-0.256094,-0.266144,0.105936,0.100746,0.091356,0.081316,0.073126,0.066316,0.061786,0.060006,0.060576,0.060216,0.061276,0.064346,0.068836,0.073116,0.076476,0.080696,0.084376,0.085176,0.081736,0.076546,0.069506,0.061266,0.051776,0.042006,0.031176,0.020906,0.008336,-0.002824,-0.013224,-0.022794,-0.034944,-0.045554,-0.056394,-0.066114,-0.076744,-0.085264,-0.093564,-0.099934,-0.103754,-0.106044,-0.107774,-0.108854,-0.107474,-0.107004,-0.108854,-0.113034,-0.117344,-0.116754,-0.104664
535.460000,0.268836,0.260666,0.249936,0.237696,0.225586,0.215596,0.206446,0.195176,0.182566,0.169056,0.154256,0.139456,0.126186,0.112946,0.099556,0.086866,0.073256,0.057416,0.042596,0.030166,0.018226,0.005606,-0.006194,-0.014654,-0.020334,-0.024454,-0.028934,-0.034514,-0.040374,-0.047044,-0.054524,-0.062824,-0.071294,-0.080414,-0.090844,-0.100294,-0.109434,-0.120724,-0.135884,-0.151374,-0.166734,-0.179994,-0.192454,-0.205724,-0.220314,-0.233144,-0.243434,-0.254284,-0.267874,0.106797,0.102817,0.096177,0.088077,0.080207,0.072687,0.066337,0.060457,0.058997,0.059967,0.061387,0.062087,0.065157,0.069647,0.073767,0.078257,0.081327,0.082737,0.081387,0.078307,0.073087,0.065467,0.055547,0.044787,0.034127,0.022987,0.010937,-0.002313,-0.015343,-0.027363,-0.039093,-0.051793,-0.063383,-0.073863,-0.081443,-0.088603,-0.094883,-0.099303,-0.099663,-0.100703,-0.102803,-0.103893,-0.104923,-0.106483,-0.108913,-0.111723,-0.118273,-0.122353,-0.116393
535.500000,0.270959,0.258869,0.247619,0.236039,0.224589,0.214229,0.205739,0.195439,0.182249,0.166589,0.151379,0.136749,0.122959,0.109569,0.096919,0.084849,0.071919,0.057059,0.042239,0.028479,0.015299,0.002689,-0.007921,-0.015811,-0.021651,-0.027331,-0.031171,-0.036911,-0.043361,-0.050591,-0.056241,-0.063721,-0.070961,-0.079211,-0.089021,-0.098391,-0.106581,-0.117061,-0.131131,-0.145591,-0.159791,-0.174441,-0.189421,-0.202591,-0.213651,-0.225441,-0.239451,-0.255101,-0.269871,0.106755,0.105585,0.097295,0.087825,0.080435,0.073765,0.067025,0.062385,0.060515,0.061105,0.060745,0.061805,0.064875,0.069385,0.073395,0.077845,0.080955,0.082475,0.081145,0.077915,0.072385,0.064845,0.054535,0.043185,0.031595,0.020615,0.008185,-0.003815,-0.016605,-0.027845,-0.039395,-0.050855,-0.061905,-0.071695,-0.079885,-0.088305,-0.095115,-0.100235,-0.102425,-0.105075,-0.107245,-0.108905,-0.106785,-0.105845,-0.107855,-0.111625,-0.112685,-0.112095,-0.112395
535.530000,0.268934,0.257394,0.246964,0.235604,0.224494,0.214824,0.205504,0.194904,0.182424,0.167904,0.152094,0.137224,0.122734,0.110144,0.096944,0.084124,0.071794,0.059714,0.045864,0.031474,0.017534,0.004134,-0.007486,-0.015136,-0.020526,-0.026506,-0.032426,-0.037566,-0.042476,-0.048626,-0.055086,-0.062156,-0.069326,-0.077306,-0.087356,-0.098046,-0.108336,-0.118586,-0.130926,-0.145096,-0.160746,-0.176456,-0.190396,-0.203896,-0.217346,-0.232316,-0.244806,-0.256196,-0.267606,0.112579,0.104629,0.096079,0.087569,0.079579,0.072699,0.067049,0.062299,0.059419,0.058589,0.058539,0.059699,0.062279,0.066959,0.069839,0.072439,0.075409,0.079189,0.079189,0.075859,0.071589,0.065069,0.056139,0.045389,0.035089,0.024009,0.011419,-0.001081,-0.011401,-0.021201,-0.032941,-0.045881,-0.057441,-0.068461,-0.078721,-0.087701,-0.093721,-0.098751,-0.103151,-0.105931,-0.106371,-0.105961,-0.107341,-0.108991,-0.111581,-0.114021,-0.118381,-0.118971,-0.110571
535.560000,0.271588,0.262618,0.251648,0.240278,0.229098,0.217618,0.205868,0.193438,0.179308,0.164418,0.148828,0.133978,0.119718,0.107238,0.093938,0.081758,0.068878,0.055288,0.040738,0.028678,0.017038,0.004478,-0.007002,-0.015552,-0.021232,-0.027112,-0.033072,-0.038612,-0.042182,-0.047042,-0.052452,-0.059482,-0.065922,-0.073762,-0.083262,-0.094932,-0.106812,-0.118272,-0.131102,-0.144972,-0.160192,-0.175262,-0.189952,-0.204792,-0.218082,-0.231722,-0.245182,-0.259072,-0.269412,0.110188,0.106658,0.101168,0.093478,0.085078,0.075458,0.066898,0.059978,0.057148,0.056168,0.056168,0.057248,0.060238,0.065058,0.067528,0.071048,0.074538,0.077878,0.076558,0.073398,0.069428,0.063808,0.055008,0.044608,0.034408,0.024698,0.013348,0.001598,-0.010762,-0.020792,-0.031012,-0.042012,-0.053822,-0.064942,-0.074842,-0.084732,-0.093472,-0.100722,-0.103732,-0.105582,-0.107082,-0.108292,-0.109802,-0.111362,-0.114202,-0.115622,-0.118852,-0.118172,-0.108972
535.600000,0.275893,0.262753,0.250373,0.238393,0.227203,0.216893,0.206973,0.197633,0.186883,0.172773,0.156703,0.141803,0.126823,0.113263,0.100133,0.086603,0.072613,0.060663,0.048433,0.034283,0.020323,0.008683,-0.002627,-0.011597,-0.017977,-0.022967,-0.029927,-0.036007,-0.041737,-0.047247,-0.055217,-0.062467,-0.069667,-0.077877,-0.088477,-0.099417,-0.111657,-0.126137,-0.141267,-0.155857,-0.171117,-0.184507,-0.196837,-0.209677,-0.224727,-0.238297,-0.249557,-0.260107,-0.273127,0.107626,0.108066,0.101586,0.092146,0.083376,0.074986,0.069076,0.063196,0.058496,0.057156,0.057296,0.058626,0.060246,0.062606,0.066136,0.070846,0.075446,0.076366,0.075916,0.073086,0.070486,0.066126,0.059626,0.049746,0.038716,0.028326,0.017466,0.004446,-0.009214,-0.022774,-0.034934,-0.047504,-0.059494,-0.070884,-0.079554,-0.088074,-0.094714,-0.099724,-0.102684,-0.105704,-0.107364,-0.107454,-0.108144,-0.109604,-0.112274,-0.115944,-0.119824,-0.119694,-0.111654
535.630000,0.276314,0.264624,0.251914,0.239814,0.227514,0.215344,0.203874,0.193194,0.181374,0.167294,0.151964,0.137924,0.124554,0.111214,0.097264,0.083274,0.069964,0.056124,0.043564,0.030234,0.016964,0.002944,-0.008706,-0.016076,-0.022206,-0.028236,-0.033556,-0.038746,-0.044596,-0.049716,-0.055176,-0.062516,-0.070956,-0.079746,-0.089866,-0.099276,-0.108596,-0.118776,-0.131176,-0.144896,-0.159946,-0.175056,-0.190006,-0.204236,-0.216706,-0.229796,-0.243136,-0.256996,-0.268566,0.108443,0.107383,0.102333,0.093893,0.086663,0.078413,0.071623,0.065623,0.061733,0.059373,0.057923,0.059623,0.061423,0.064103,0.068653,0.073333,0.076793,0.078533,0.078983,0.075313,0.070273,0.063723,0.054293,0.042553,0.031743,0.020953,0.008063,-0.003847,-0.013747,-0.023257,-0.034707,-0.046347,-0.058357,-0.070427,-0.080317,-0.088167,-0.093737,-0.098717,-0.102407,-0.106727,-0.109707,-0.111467,-0.109277,-0.108337,-0.110347,-0.114037,-0.116197,-0.114827,-0.106797
535.660000,0.279429,0.266119,0.254009,0.241699,0.229879,0.218999,0.208629,0.197279,0.185689,0.172819,0.157929,0.141599,0.126129,0.111439,0.097589,0.082879,0.068999,0.054639,0.041249,0.026319,0.012819,0.000739,-0.007821,-0.015251,-0.021771,-0.028061,-0.034261,-0.042641,-0.050161,-0.055571,-0.060681,-0.067841,-0.076341,-0.085841,-0.095791,-0.104301,-0.113471,-0.124841,-0.138441,-0.149951,-0.160131,-0.171221,-0.185291,-0.199851,-0.212841,-0.226641,-0.241281,-0.253261,-0.253301,0.104352,0.110482,0.104912,0.097032,0.090832,0.083162,0.075912,0.070682,0.066552,0.063482,0.062372,0.062642,0.063762,0.066582,0.072272,0.076882,0.080762,0.083142,0.081912,0.077442,0.070602,0.062782,0.051992,0.042712,0.032372,0.020202,0.006492,-0.005948,-0.019418,-0.032898,-0.045978,-0.056468,-0.066428,-0.074648,-0.082478,-0.090088,-0.096728,-0.101288,-0.104338,-0.106638,-0.105418,-0.104368,-0.103048,-0.104098,-0.106318,-0.109288,-0.112078,-0.118768,-0.135618
535.700000,0.271323,0.257663,0.248123,0.237893,0.227763,0.216483,0.206073,0.193823,0.180953,0.167103,0.151973,0.138063,0.124533,0.112033,0.099053,0.086193,0.071913,0.057343,0.042163,0.027943,0.015803,0.005073,-0.005527,-0.014887,-0.021377,-0.027557,-0.033407,-0.038707,-0.043817,-0.049817,-0.055017,-0.061487,-0.069007,-0.076557,-0.084477,-0.094467,-0.105427,-0.117637,-0.131827,-0.146287,-0.161097,-0.176407,-0.191017,-0.205587,-0.219437,-0.233177,-0.246277,-0.259167,-0.269857,0.105067,0.104927,0.097257,0.089927,0.083227,0.077657,0.070957,0.065397,0.059327,0.056107,0.054797,0.056567,0.058217,0.060697,0.063657,0.067267,0.069927,0.071397,0.072617,0.071317,0.068277,0.064087,0.058637,0.050727,0.040537,0.029497,0.018197,0.006177,-0.006263,-0.018543,-0.029563,-0.040063,-0.051503,-0.063963,-0.075243,-0.084723,-0.091963,-0.098003,-0.103153,-0.107663,-0.109743,-0.109463,-0.110753,-0.112533,-0.114683,-0.115913,-0.119313,-0.119483,-0.109903
535.730000,0.275208,0.262598,0.250358,0.238318,0.226238,0.214328,0.203238,0.192318,0.180368,0.166368,0.151078,0.136058,0.121078,0.107428,0.094508,0.081688,0.066878,0.051068,0.036618,0.024228,0.013158,0.002008,-0.008552,-0.016522,-0.022912,-0.028642,-0.034342,-0.038502,-0.043322,-0.049072,-0.055382,-0.061122,-0.067672,-0.076132,-0.086362,-0.096152,-0.104662,-0.114902,-0.127162,-0.140972,-0.155472,-0.170402,-0.185082,-0.200122,-0.215192,-0.229562,-0.242222,-0.254962,-0.269712,0.107774,0.106914,0.100074,0.091254,0.082604,0.075394,0.069794,0.065864,0.061524,0.058894,0.057394,0.059164,0.060814,0.063144,0.066614,0.071704,0.074514,0.075174,0.073914,0.070844,0.066594,0.062004,0.055224,0.045954,0.034614,0.022924,0.011384,0.000314,-0.010876,-0.021856,-0.032366,-0.043696,-0.056016,-0.067546,-0.077186,-0.085406,-0.092946,-0.098366,-0.104066,-0.108786,-0.111816,-0.110256,-0.108136,-0.106316,-0.107966,-0.111816,-0.113746,-0.112266,-0.110946
535.760000,0.271972,0.259022,0.248292,0.236932,0.224562,0.214832,0.205592,0.195402,0.183162,0.169462,0.153752,0.139422,0.125572,0.112162,0.098472,0.086752,0.073802,0.059212,0.042942,0.028412,0.016012,0.004152,-0.007508,-0.016968,-0.023418,-0.029768,-0.036098,-0.041498,-0.046118,-0.051828,-0.057358,-0.063248,-0.070208,-0.077998,-0.086508,-0.096728,-0.106808,-0.117098,-0.129538,-0.144678,-0.160028,-0.175798,-0.190958,-0.203798,-0.215608,-0.228948,-0.244248,-0.258378,-0.268748,0.106918,0.107808,0.100318,0.090968,0.084078,0.076418,0.070098,0.064998,0.060808,0.057738,0.056328,0.058098,0.059838,0.062028,0.063718,0.068418,0.072248,0.074078,0.073908,0.072848,0.070118,0.064958,0.056668,0.046258,0.036068,0.026628,0.015628,0.002358,-0.010772,-0.021532,-0.030912,-0.041882,-0.054432,-0.065712,-0.075952,-0.084342,-0.092362,-0.097892,-0.103422,-0.106832,-0.108542,-0.108182,-0.108932,-0.110242,-0.113032,-0.115132,-0.118522,-0.119112,-0.112622
535.800000,0.269638,0.259248,0.248388,0.237178,0.225968,0.216598,0.207528,0.197888,0.185228,0.172048,0.158138,0.143868,0.128368,0.113438,0.098918,0.084938,0.071158,0.056448,0.040508,0.026058,0.012978,0.002378,-0.008882,-0.017462,-0.024552,-0.029592,-0.035742,-0.042772,-0.048382,-0.054202,-0.059012,-0.066072,-0.071502,-0.079142,-0.088292,-0.099762,-0.110062,-0.120412,-0.131142,-0.143192,-0.156972,-0.171702,-0.186942,-0.200532,-0.214372,-0.227932,-0.243582,-0.257452,-0.267222,0.110581,0.105721,0.098401,0.091341,0.085471,0.077271,0.070161,0.064451,0.061551,0.059171,0.057521,0.055861,0.057201,0.058721,0.061151,0.065191,0.070241,0.073011,0.073521,0.072401,0.069101,0.063381,0.056591,0.047471,0.037561,0.026721,0.016141,0.004691,-0.008219,-0.020119,-0.030509,-0.040509,-0.052579,-0.064009,-0.075359,-0.085009,-0.093359,-0.099609,-0.104909,-0.109069,-0.112409,-0.112029,-0.109349,-0.109419,-0.111409,-0.114249,-0.116959,-0.116959,-0.104569
535.830000,0.269839,0.258929,0.249799,0.239859,0.230769,0.221219,0.210979,0.198969,0.186419,0.172609,0.157269,0.141529,0.126529,0.112259,0.099499,0.087059,0.073859,0.058639,0.042409,0.027769,0.015489,0.003679,-0.008871,-0.018211,-0.024661,-0.031551,-0.039051,-0.044021,-0.048931,-0.054811,-0.060581,-0.065991,-0.073041,-0.080791,-0.088911,-0.097321,-0.107591,-0.118531,-0.131781,-0.145631,-0.159881,-0.174001,-0.188951,-0.204361,-0.217951,-0.231771,-0.246141,-0.259141,-0.262911,0.110644,0.110494,0.102534,0.093754,0.085464,0.079054,0.071964,0.066104,0.060924,0.058444,0.057144,0.056574,0.057434,0.058814,0.061364,0.066604,0.071834,0.074124,0.073804,0.072834,0.069594,0.064454,0.057364,0.046104,0.034514,0.024194,0.013984,0.000304,-0.011886,-0.022316,-0.031846,-0.043436,-0.055816,-0.068066,-0.078006,-0.085346,-0.092456,-0.099466,-0.103546,-0.104956,-0.106376,-0.107776,-0.109016,-0.110346,-0.113356,-0.115306,-0.118886,-0.117726,-0.104516
535.860000,0.268419,0.255549,0.245789,0.235469,0.224649,0.214329,0.203229,0.191199,0.178979,0.165899,0.151049,0.135739,0.120939,0.107529,0.094469,0.081859,0.070359,0.058549,0.044139,0.029739,0.017689,0.006879,-0.003711,-0.012881,-0.020841,-0.027471,-0.033271,-0.038821,-0.045521,-0.051961,-0.057541,-0.065031,-0.072271,-0.077631,-0.083371,-0.093771,-0.104861,-0.116111,-0.129241,-0.144561,-0.158971,-0.173091,-0.186971,-0.201841,-0.215301,-0.228471,-0.241011,-0.253861,-0.264071,0.112259,0.108079,0.098479,0.088209,0.079839,0.073439,0.067749,0.062789,0.058319,0.055419,0.054279,0.054039,0.055249,0.058129,0.061019,0.063319,0.066929,0.070249,0.071659,0.070249,0.067179,0.063109,0.057799,0.049949,0.040219,0.030479,0.019559,0.007209,-0.004811,-0.016391,-0.027441,-0.038321,-0.049161,-0.061401,-0.072501,-0.081821,-0.090171,-0.097311,-0.101931,-0.104361,-0.107351,-0.110001,-0.112891,-0.113971,-0.116341,-0.117331,-0.118771,-0.115991,-0.106941
535.900000,0.268572,0.258812,0.248742,0.237122,0.226952,0.217172,0.207342,0.196202,0.184542,0.170842,0.156082,0.141292,0.126502,0.111742,0.098142,0.086212,0.074652,0.060782,0.045202,0.030162,0.016922,0.004792,-0.006348,-0.016658,-0.023548,-0.029698,-0.036898,-0.044418,-0.049408,-0.054408,-0.061338,-0.068418,-0.073708,-0.079228,-0.086388,-0.096868,-0.108748,-0.120368,-0.132448,-0.146408,-0.160398,-0.173808,-0.188538,-0.202868,-0.215098,-0.227048,-0.241378,-0.256148,-0.268188,0.117322,0.110802,0.102502,0.094302,0.085492,0.077452,0.069952,0.064032,0.060202,0.058022,0.056372,0.054602,0.056372,0.058022,0.060402,0.063602,0.068602,0.071512,0.072432,0.071122,0.068302,0.063212,0.056442,0.047762,0.037962,0.026932,0.015872,0.004162,-0.007808,-0.019238,-0.029108,-0.039728,-0.052038,-0.065128,-0.076618,-0.084858,-0.092818,-0.100648,-0.105428,-0.106188,-0.107438,-0.109258,-0.109748,-0.110658,-0.113658,-0.116938,-0.118848,-0.117648,-0.109988
535.930000,0.274907,0.261487,0.250817,0.239697,0.228877,0.217257,0.207017,0.196727,0.186337,0.172247,0.156917,0.141267,0.125307,0.110757,0.098517,0.087007,0.073387,0.057987,0.042147,0.027447,0.015897,0.005527,-0.005573,-0.016773,-0.024693,-0.031263,-0.037153,-0.043703,-0.049643,-0.055313,-0.061783,-0.068803,-0.075193,-0.082213,-0.090613,-0.099833,-0.108353,-0.118163,-0.129303,-0.143233,-0.158593,-0.174473,-0.189653,-0.204193,-0.217043,-0.230003,-0.242023,-0.254143,-0.265783,0.119337,0.115347,0.106817,0.097507,0.087497,0.079747,0.072327,0.066707,0.061007,0.058357,0.057227,0.057377,0.057067,0.058057,0.061187,0.067417,0.072297,0.074487,0.074147,0.073227,0.069397,0.063877,0.056377,0.046437,0.034337,0.023467,0.012387,-0.000323,-0.013373,-0.025673,-0.036833,-0.048853,-0.060873,-0.071393,-0.079603,-0.086423,-0.093353,-0.098923,-0.104213,-0.107043,-0.108103,-0.107413,-0.109123,-0.109313,-0.109913,-0.111563,-0.116473,-0.116803,-0.107833
535.960000,0.272171,0.259931,0.248961,0.238171,0.227941,0.217891,0.207021,0.195931,0.185031,0.172761,0.158211,0.142951,0.127371,0.113111,0.101201,0.089301,0.075791,0.061031,0.046191,0.030591,0.016961,0.004501,-0.007199,-0.018079,-0.025929,-0.031849,-0.037909,-0.043989,-0.050699,-0.056819,-0.062229,-0.067739,-0.074039,-0.080359,-0.087629,-0.097869,-0.108999,-0.119179,-0.130499,-0.144049,-0.159099,-0.174249,-0.189749,-0.204649,-0.218529,-0.231839,-0.244509,-0.256659,-0.268669,0.114801,0.116291,0.108631,0.097381,0.086421,0.078581,0.072071,0.065751,0.059851,0.056711,0.054501,0.053051,0.052271,0.053481,0.056781,0.060141,0.064241,0.067691,0.069931,0.069631,0.067741,0.063111,0.057501,0.050261,0.039941,0.028291,0.018471,0.007881,-0.004299,-0.016649,-0.027709,-0.038799,-0.050699,-0.062839,-0.073329,-0.082749,-0.091449,-0.098929,-0.104399,-0.109009,-0.111909,-0.112699,-0.112049,-0.113269,-0.115869,-0.119349,-0.120079,-0.117139,-0.108169
536.000000,0.272031,0.262151,0.251891,0.240331,0.228991,0.218331,0.208451,0.197421,0.185411,0.171831,0.157081,0.141111,0.126571,0.112381,0.099001,0.086241,0.074071,0.059571,0.043481,0.027701,0.014371,0.002831,-0.008189,-0.019709,-0.028159,-0.034049,-0.039539,-0.045319,-0.050239,-0.055359,-0.062769,-0.069559,-0.075779,-0.082309,-0.092119,-0.101689,-0.111139,-0.119779,-0.129749,-0.142099,-0.156439,-0.171149,-0.185809,-0.201029,-0.215079,-0.228049,-0.239879,-0.251639,-0.264639,0.117518,0.117458,0.109318,0.099268,0.089418,0.081358,0.072838,0.066178,0.061128,0.058258,0.056078,0.054958,0.056628,0.058278,0.060668,0.063838,0.068838,0.071798,0.072508,0.071268,0.067818,0.062628,0.054958,0.045548,0.034538,0.024018,0.012158,-0.000122,-0.012302,-0.022282,-0.032162,-0.044182,-0.057272,-0.068802,-0.077462,-0.085532,-0.092542,-0.099542,-0.105412,-0.108842,-0.110992,-0.111072,-0.110472,-0.109572,-0.111732,-0.115662,-0.116092,-0.112032,-0.105182
536.030000,0.271164,0.261294,0.249584,0.238364,0.228004,0.217044,0.205244,0.193914,0.182784,0.169904,0.154944,0.139184,0.123304,0.109054,0.095764,0.083934,0.070854,0.056824,0.040704,0.026364,0.013264,0.001444,-0.009726,-0.018876,-0.025396,-0.031466,-0.037826,-0.045446,-0.052126,-0.058296,-0.063206,-0.069036,-0.074696,-0.080506,-0.087216,-0.096276,-0.104826,-0.113386,-0.124146,-0.137406,-0.151886,-0.166966,-0.182776,-0.197706,-0.212546,-0.226886,-0.242296,-0.256136,-0.265866,0.116997,0.116527,0.109207,0.099787,0.089997,0.079977,0.072107,0.066847,0.061087,0.056227,0.054387,0.054967,0.054607,0.055667,0.058627,0.063677,0.068347,0.071227,0.072077,0.070917,0.067447,0.061867,0.054827,0.046397,0.034757,0.024137,0.012957,0.001737,-0.011243,-0.022583,-0.033763,-0.043273,-0.053753,-0.065213,-0.075933,-0.083113,-0.090123,-0.096823,-0.102203,-0.106463,-0.109503,-0.110563,-0.109863,-0.111273,-0.112923,-0.115763,-0.118473,-0.118473,-0.106083
536.060000,0.273878,0.264158,0.252398,0.241508,0.230668,0.219748,0.207958,0.196928,0.186268,0.173838,0.159698,0.144048,0.128258,0.112838,0.099418,0.085978,0.073138,0.059348,0.044918,0.030008,0.017598,0.005578,-0.006992,-0.016942,-0.024092,-0.029812,-0.036602,-0.042802,-0.049612,-0.056132,-0.062992,-0.068862,-0.072972,-0.078072,-0.086042,-0.097662,-0.108932,-0.119542,-0.131482,-0.145862,-0.161302,-0.176622,-0.192022,-0.206992,-0.222462,-0.236102,-0.247852,-0.258222,-0.271182,0.115557,0.114167,0.108977,0.100487,0.091397,0.081447,0.073127,0.066297,0.061237,0.057297,0.054307,0.053157,0.053007,0.054137,0.057527,0.060307,0.063667,0.067127,0.070457,0.069257,0.066127,0.061717,0.056777,0.048307,0.038177,0.027787,0.018607,0.007357,-0.005033,-0.017933,-0.029113,-0.039353,-0.050423,-0.061483,-0.072463,-0.082173,-0.091743,-0.098903,-0.103553,-0.106923,-0.110013,-0.111723,-0.112293,-0.113893,-0.114833,-0.118733,-0.122613,-0.123163,-0.111453
536.100000,0.279749,0.267249,0.254309,0.241929,0.230199,0.219369,0.208829,0.198059,0.186249,0.172689,0.158029,0.142619,0.126869,0.111879,0.097609,0.085289,0.073219,0.060069,0.044479,0.028979,0.016399,0.004749,-0.007271,-0.019241,-0.027901,-0.033651,-0.039431,-0.045531,-0.052241,-0.058851,-0.065541,-0.072401,-0.078281,-0.084141,-0.090791,-0.099751,-0.108411,-0.116931,-0.127591,-0.141211,-0.156371,-0.171971,-0.187581,-0.203321,-0.218411,-0.233261,-0.244611,-0.255051,-0.269061,0.119486,0.118076,0.112626,0.104356,0.094576,0.084596,0.077266,0.070506,0.063016,0.057246,0.054216,0.053126,0.052856,0.053556,0.054606,0.058646,0.064486,0.069206,0.070216,0.069606,0.066816,0.062556,0.056136,0.047556,0.036986,0.026716,0.015786,0.003266,-0.009944,-0.021974,-0.033964,-0.044184,-0.055414,-0.066554,-0.077384,-0.084724,-0.091774,-0.098484,-0.104294,-0.108804,-0.111674,-0.112314,-0.112044,-0.111664,-0.112844,-0.117014,-0.117564,-0.113864,-0.111584
536.130000,0.277501,0.266681,0.253401,0.240371,0.227951,0.216221,0.204341,0.193321,0.182311,0.171311,0.158281,0.143241,0.126461,0.111811,0.097351,0.084241,0.069761,0.056781,0.042051,0.028441,0.015051,0.003541,-0.008459,-0.019559,-0.027579,-0.032109,-0.038179,-0.045689,-0.053929,-0.060279,-0.067169,-0.073459,-0.078729,-0.083459,-0.089889,-0.099909,-0.109469,-0.118999,-0.129119,-0.140419,-0.152889,-0.167049,-0.182299,-0.196779,-0.210129,-0.223649,-0.238759,-0.254939,-0.267539,0.118582,0.117362,0.112372,0.103982,0.095172,0.084172,0.075392,0.068382,0.062802,0.056622,0.052742,0.051912,0.051912,0.053332,0.054752,0.058382,0.061482,0.065942,0.068202,0.068432,0.065072,0.060802,0.054762,0.047142,0.037392,0.026372,0.015702,0.005182,-0.004248,-0.015388,-0.027328,-0.040118,-0.052048,-0.063758,-0.075318,-0.082958,-0.090738,-0.098098,-0.105088,-0.110828,-0.115948,-0.116778,-0.112788,-0.110498,-0.112768,-0.116278,-0.118098,-0.116328,-0.108958
536.160000,0.274812,0.262472,0.249882,0.237882,0.226012,0.213922,0.202292,0.192242,0.182262,0.171362,0.158682,0.144272,0.130172,0.116332,0.102062,0.088022,0.074872,0.061552,0.047362,0.032922,0.020202,0.008432,-0.003818,-0.016808,-0.027178,-0.034008,-0.040408,-0.045848,-0.052708,-0.058648,-0.065748,-0.071388,-0.076828,-0.081798,-0.089008,-0.098308,-0.108468,-0.118688,-0.130718,-0.143428,-0.157038,-0.171708,-0.187758,-0.202428,-0.216328,-0.230548,-0.243178,-0.255208,-0.270048,0.119156,0.118326,0.111626,0.101636,0.092016,0.082186,0.074216,0.066956,0.061556,0.056726,0.053146,0.049956,0.050076,0.051366,0.053986,0.056696,0.061306,0.065166,0.068146,0.069546,0.067206,0.062246,0.056036,0.047816,0.037096,0.025216,0.015736,0.004696,-0.005474,-0.016014,-0.025154,-0.037184,-0.050664,-0.064064,-0.074924,-0.083374,-0.091724,-0.098994,-0.104384,-0.108474,-0.111544,-0.112824,-0.111374,-0.110654,-0.112084,-0.117314,-0.117684,-0.114134,-0.111784
536.200000,0.273139,0.261419,0.249509,0.237649,0.224699,0.214959,0.205419,0.196479,0.186389,0.176799,0.165089,0.151789,0.137119,0.122589,0.107419,0.093699,0.080499,0.067149,0.053709,0.040069,0.026419,0.013599,0.001989,-0.010541,-0.022981,-0.032821,-0.041091,-0.049001,-0.057321,-0.064451,-0.071161,-0.078191,-0.084091,-0.088451,-0.094511,-0.102611,-0.112041,-0.122441,-0.134671,-0.147831,-0.162811,-0.178701,-0.194051,-0.207381,-0.220801,-0.233171,-0.246191,-0.258311,-0.271981,0.117672,0.115652,0.111092,0.103562,0.095752,0.085192,0.077512,0.070872,0.065492,0.059722,0.055222,0.051052,0.047692,0.047972,0.049802,0.052322,0.055042,0.059532,0.064012,0.067332,0.067812,0.064652,0.059962,0.054152,0.045792,0.034462,0.021922,0.009672,-0.002448,-0.015058,-0.027988,-0.040278,-0.052838,-0.065358,-0.076498,-0.085128,-0.093638,-0.100488,-0.107318,-0.111988,-0.114508,-0.114288,-0.112488,-0.111878,-0.111888,-0.116788,-0.120168,-0.120458,-0.109448
536.230000,0.282280,0.268730,0.257040,0.245480,0.233520,0.220650,0.208690,0.196400,0.183960,0.170270,0.155830,0.140340,0.125920,0.112960,0.100150,0.086110,0.071010,0.056300,0.041300,0.026140,0.011050,-0.002910,-0.014610,-0.023860,-0.030260,-0.036960,-0.042930,-0.048490,-0.053480,-0.060900,-0.067720,-0.072920,-0.076480,-0.081980,-0.088890,-0.097530,-0.107310,-0.117400,-0.128700,-0.141440,-0.155200,-0.168360,-0.182050,-0.196430,-0.210710,-0.225300,-0.240040,-0.254270,-0.267000,0.114633,0.120833,0.115053,0.106043,0.098373,0.090423,0.080763,0.071893,0.063493,0.057543,0.053053,0.050313,0.049353,0.051263,0.054473,0.057293,0.060593,0.065283,0.068703,0.068093,0.063123,0.056683,0.050463,0.042603,0.032123,0.021973,0.012033,0.001663,-0.009307,-0.017857,-0.026997,-0.037757,-0.050157,-0.060437,-0.069977,-0.079117,-0.089077,-0.097707,-0.104177,-0.109037,-0.113747,-0.115667,-0.112697,-0.110077,-0.112037,-0.116477,-0.119177,-0.117987,-0.108667
536.260000,0.283193,0.269313,0.256413,0.243643,0.230713,0.218153,0.206763,0.196403,0.185393,0.172483,0.158073,0.143663,0.128443,0.114263,0.101303,0.088953,0.074753,0.061053,0.047433,0.033023,0.017763,0.003163,-0.010077,-0.021067,-0.029327,-0.036247,-0.043297,-0.051447,-0.058467,-0.064997,-0.070257,-0.075707,-0.079497,-0.085017,-0.091617,-0.099017,-0.108157,-0.117507,-0.128757,-0.139847,-0.153747,-0.168177,-0.184387,-0.200217,-0.216307,-0.231507,-0.244147,-0.255567,-0.270017,0.117724,0.119054,0.112894,0.104964,0.097954,0.089344,0.081274,0.073274,0.066124,0.059504,0.055164,0.050894,0.047714,0.047734,0.051014,0.054754,0.057364,0.060274,0.064004,0.066294,0.064594,0.060354,0.055474,0.047664,0.037134,0.026754,0.016884,0.005274,-0.007546,-0.018096,-0.028246,-0.038626,-0.050486,-0.061496,-0.071856,-0.080736,-0.089006,-0.097636,-0.104516,-0.109956,-0.112776,-0.114156,-0.113736,-0.113736,-0.113086,-0.116106,-0.118226,-0.118196,-0.113226
536.300000,0.286479,0.270459,0.257459,0.245959,0.233979,0.221979,0.209699,0.199529,0.189369,0.179219,0.166439,0.152769,0.137079,0.121639,0.105499,0.090829,0.077569,0.065949,0.052689,0.037549,0.021519,0.006309,-0.007391,-0.019301,-0.028571,-0.034971,-0.042111,-0.051311,-0.059621,-0.065371,-0.071431,-0.078801,-0.084461,-0.089581,-0.096231,-0.105541,-0.115751,-0.126661,-0.138661,-0.150271,-0.162181,-0.176221,-0.192291,-0.206931,-0.219491,-0.232331,-0.245361,-0.258331,-0.270791,0.118231,0.117761,0.114581,0.109611,0.103331,0.093731,0.084321,0.075651,0.069781,0.063181,0.057871,0.052011,0.048651,0.048171,0.050081,0.052721,0.055941,0.060471,0.064431,0.066911,0.065771,0.061801,0.055871,0.048701,0.039871,0.029661,0.018461,0.006381,-0.006939,-0.020579,-0.032759,-0.042559,-0.053989,-0.066829,-0.078459,-0.086099,-0.093259,-0.099839,-0.104849,-0.110749,-0.114409,-0.115209,-0.111319,-0.110729,-0.112589,-0.116719,-0.120859,-0.121839,-0.113389
536.330000,0.287153,0.273183,0.258923,0.245533,0.232473,0.220003,0.208803,0.197933,0.186123,0.173183,0.159733,0.145333,0.129943,0.115833,0.102223,0.089833,0.076143,0.062913,0.048323,0.033813,0.018943,0.005633,-0.006097,-0.015837,-0.025657,-0.033327,-0.040817,-0.048067,-0.055167,-0.060537,-0.066187,-0.071907,-0.077337,-0.084457,-0.094117,-0.104797,-0.114057,-0.122977,-0.133787,-0.147877,-0.163327,-0.178717,-0.193147,-0.207857,-0.221987,-0.233937,-0.244117,-0.255567,-0.270327,0.119007,0.114877,0.111427,0.105917,0.099577,0.091337,0.082527,0.073727,0.066387,0.059267,0.053897,0.050807,0.048887,0.049537,0.051637,0.055907,0.059527,0.064887,0.068337,0.069437,0.065907,0.061677,0.056477,0.048817,0.038497,0.025777,0.014727,0.004407,-0.007023,-0.019783,-0.030263,-0.039733,-0.051493,-0.064033,-0.076443,-0.086913,-0.096303,-0.103173,-0.108653,-0.111413,-0.112983,-0.110913,-0.109893,-0.109933,-0.113573,-0.116113,-0.115573,-0.112773,-0.116233
536.360000,0.281446,0.266866,0.252486,0.239226,0.226876,0.215086,0.204566,0.194506,0.183186,0.170566,0.156966,0.143046,0.128326,0.113276,0.099576,0.086056,0.072526,0.060266,0.049586,0.036326,0.022176,0.008646,-0.004344,-0.016044,-0.024894,-0.032744,-0.039604,-0.047124,-0.056144,-0.064664,-0.070644,-0.076464,-0.081924,-0.087084,-0.094164,-0.104454,-0.114464,-0.123304,-0.131684,-0.142884,-0.155434,-0.168534,-0.181834,-0.196514,-0.211234,-0.225864,-0.239264,-0.252494,-0.267784,0.116149,0.113359,0.110069,0.104069,0.095379,0.087159,0.079839,0.073259,0.066619,0.059649,0.054159,0.049779,0.046609,0.046579,0.050299,0.053349,0.055349,0.058829,0.063899,0.067079,0.066429,0.063209,0.057569,0.050579,0.041989,0.031699,0.020089,0.008429,-0.002751,-0.015381,-0.027781,-0.040241,-0.052361,-0.065581,-0.077091,-0.085371,-0.091521,-0.098221,-0.105371,-0.110731,-0.115601,-0.117431,-0.115491,-0.112041,-0.112751,-0.113011,-0.112011,-0.109821,-0.110921
536.400000,0.281667,0.269307,0.255687,0.242757,0.231087,0.219337,0.207407,0.194867,0.182437,0.169107,0.155117,0.140427,0.125097,0.110787,0.098127,0.085537,0.071847,0.058917,0.046247,0.031457,0.016937,0.003407,-0.008953,-0.019683,-0.027823,-0.036233,-0.043443,-0.050643,-0.057803,-0.065323,-0.071373,-0.076993,-0.081443,-0.086473,-0.094203,-0.102743,-0.111903,-0.120553,-0.130353,-0.141573,-0.154863,-0.167153,-0.179793,-0.193773,-0.208533,-0.221343,-0.233943,-0.247113,-0.263513,0.121100,0.115620,0.112380,0.105750,0.096680,0.089300,0.081950,0.073940,0.065500,0.059220,0.053940,0.050260,0.047320,0.047210,0.050940,0.054250,0.056450,0.059180,0.063560,0.065860,0.064150,0.059810,0.055130,0.048890,0.038860,0.027370,0.016190,0.006160,-0.005320,-0.016530,-0.028150,-0.039250,-0.051340,-0.062640,-0.072910,-0.083210,-0.091630,-0.099160,-0.104910,-0.110410,-0.114900,-0.116650,-0.115330,-0.112580,-0.113370,-0.114640,-0.113670,-0.110410,-0.109970
536.430000,0.275863,0.263133,0.250813,0.238783,0.227853,0.217073,0.206123,0.195083,0.185183,0.174163,0.162943,0.150233,0.136113,0.120163,0.104263,0.089873,0.077283,0.065073,0.051753,0.037373,0.022493,0.008833,-0.003987,-0.015847,-0.026747,-0.035307,-0.043867,-0.051547,-0.059427,-0.065637,-0.072437,-0.077677,-0.084707,-0.089827,-0.095057,-0.101067,-0.109327,-0.118767,-0.129637,-0.142827,-0.156597,-0.171497,-0.186467,-0.201267,-0.215747,-0.230197,-0.243827,-0.257867,-0.273307,0.117712,0.117352,0.109662,0.102162,0.095862,0.088762,0.080852,0.073122,0.066062,0.059222,0.053002,0.048372,0.046942,0.047442,0.047082,0.048232,0.050992,0.054772,0.059212,0.063172,0.063962,0.060532,0.056302,0.050932,0.043582,0.033052,0.021472,0.010752,0.000682,-0.011478,-0.022818,-0.034258,-0.044748,-0.057878,-0.069888,-0.081018,-0.089188,-0.097228,-0.105018,-0.111678,-0.115958,-0.118198,-0.116738,-0.114508,-0.114938,-0.115448,-0.116038,-0.116118,-0.118138
536.460000,0.280593,0.269183,0.257033,0.245703,0.234823,0.223483,0.212103,0.201963,0.191593,0.179113,0.165153,0.150273,0.134513,0.118423,0.102733,0.088163,0.073403,0.059593,0.045473,0.031043,0.014853,0.001623,-0.009257,-0.018737,-0.027017,-0.034127,-0.040527,-0.048717,-0.055997,-0.062217,-0.068207,-0.075787,-0.082367,-0.086847,-0.093457,-0.102387,-0.113247,-0.124517,-0.135897,-0.148057,-0.162547,-0.179247,-0.194087,-0.206707,-0.218997,-0.232077,-0.243127,-0.252367,-0.264307,0.126678,0.121638,0.112648,0.102408,0.095068,0.088128,0.081548,0.074478,0.068268,0.062048,0.056078,0.052748,0.051808,0.051928,0.052428,0.055648,0.058898,0.061938,0.063588,0.064868,0.063528,0.059778,0.054568,0.046958,0.037108,0.026858,0.016478,0.006048,-0.005462,-0.015912,-0.027852,-0.039782,-0.051712,-0.063702,-0.075632,-0.085522,-0.093762,-0.101162,-0.108232,-0.112212,-0.113462,-0.112662,-0.114432,-0.114662,-0.115182,-0.117312,-0.118182,-0.114722,-0.112582
536.500000,0.277152,0.267292,0.257402,0.246322,0.234622,0.224002,0.213592,0.203112,0.192412,0.181382,0.169812,0.157562,0.143412,0.127942,0.111892,0.096062,0.082032,0.068852,0.055732,0.040882,0.026162,0.011502,-0.002788,-0.015848,-0.025528,-0.032888,-0.040278,-0.049868,-0.058598,-0.066428,-0.072298,-0.077558,-0.082468,-0.089528,-0.099468,-0.109828,-0.120848,-0.132188,-0.144188,-0.156488,-0.169968,-0.184328,-0.197488,-0.211028,-0.225278,-0.239268,-0.251058,-0.261688,-0.271948,0.133606,0.125926,0.115806,0.105396,0.096466,0.088446,0.080906,0.073596,0.067516,0.062226,0.056806,0.052426,0.050976,0.050636,0.050436,0.051496,0.054646,0.058756,0.063106,0.066716,0.067116,0.062336,0.056506,0.049766,0.041406,0.030086,0.017996,0.005946,-0.006614,-0.017744,-0.029054,-0.040094,-0.052924,-0.065404,-0.078014,-0.088904,-0.098334,-0.105364,-0.111464,-0.116214,-0.117794,-0.114204,-0.112014,-0.113254,-0.113594,-0.112744,-0.111774,-0.113374,-0.118164
536.530000,0.272348,0.263458,0.253638,0.242608,0.231558,0.221998,0.211778,0.199318,0.185938,0.173588,0.161388,0.147568,0.132028,0.116018,0.100548,0.085048,0.070578,0.058678,0.046998,0.032498,0.017748,0.004278,-0.008572,-0.020662,-0.028662,-0.034832,-0.041762,-0.048512,-0.054552,-0.059872,-0.066752,-0.073122,-0.078212,-0.083852,-0.091672,-0.101752,-0.110792,-0.119572,-0.129782,-0.142822,-0.157682,-0.173162,-0.188852,-0.202382,-0.215732,-0.230112,-0.243222,-0.254402,-0.268312,0.131284,0.121504,0.110974,0.100964,0.092894,0.085254,0.077724,0.070904,0.064124,0.057854,0.052054,0.049334,0.048274,0.048274,0.049664,0.051464,0.053644,0.058074,0.063344,0.066524,0.063624,0.058514,0.051764,0.045904,0.037824,0.028384,0.019544,0.010524,0.000994,-0.010286,-0.020156,-0.031206,-0.042356,-0.054986,-0.067346,-0.080306,-0.091476,-0.100736,-0.107556,-0.113126,-0.115836,-0.117256,-0.115126,-0.114536,-0.114726,-0.118296,-0.119636,-0.119996,-0.116286
536.560000,0.274210,0.265180,0.255480,0.244200,0.231870,0.220760,0.210170,0.198700,0.186940,0.174450,0.161070,0.146070,0.130670,0.114790,0.099560,0.084360,0.070720,0.057160,0.042450,0.027370,0.013030,-0.000110,-0.012810,-0.021580,-0.029250,-0.036400,-0.044650,-0.051630,-0.058250,-0.064030,-0.068410,-0.074160,-0.079890,-0.086310,-0.093060,-0.101670,-0.111040,-0.120630,-0.130850,-0.140770,-0.152960,-0.166410,-0.181540,-0.195700,-0.209070,-0.222020,-0.236990,-0.252320,-0.266700,0.134058,0.124298,0.113678,0.104158,0.094688,0.084778,0.076978,0.070908,0.063858,0.057888,0.054178,0.052378,0.050948,0.051538,0.052878,0.055348,0.059458,0.062778,0.064528,0.062978,0.061548,0.058688,0.054858,0.046078,0.034528,0.023088,0.013478,0.003808,-0.006232,-0.016082,-0.027272,-0.038252,-0.050042,-0.062822,-0.075442,-0.085352,-0.092222,-0.098262,-0.103882,-0.109592,-0.114572,-0.116122,-0.114822,-0.114902,-0.115792,-0.113652,-0.109662,-0.109612,-0.113762
536.600000,0.276755,0.266215,0.255455,0.244215,0.232705,0.221415,0.210495,0.199765,0.188655,0.176295,0.162765,0.148265,0.133255,0.117475,0.102575,0.087455,0.074405,0.061565,0.048135,0.031945,0.017445,0.005185,-0.005565,-0.016295,-0.025355,-0.033945,-0.041905,-0.050385,-0.056545,-0.063285,-0.068725,-0.075635,-0.080985,-0.087875,-0.096345,-0.106525,-0.116065,-0.125575,-0.137465,-0.149235,-0.161275,-0.174605,-0.189145,-0.202525,-0.215135,-0.228245,-0.239535,-0.250215,-0.264065,0.131215,0.124715,0.114135,0.103395,0.093335,0.084565,0.077825,0.073255,0.067165,0.061085,0.055895,0.053515,0.052365,0.052365,0.053785,0.055155,0.059035,0.062565,0.065515,0.065535,0.064515,0.061585,0.054485,0.045715,0.035605,0.025375,0.014335,0.003185,-0.008085,-0.020015,-0.032005,-0.041995,-0.052145,-0.063925,-0.076305,-0.085245,-0.092835,-0.099515,-0.105035,-0.111125,-0.114265,-0.113825,-0.113145,-0.114185,-0.112055,-0.112325,-0.114665,-0.116555,-0.111975
536.630000,0.270364,0.262074,0.254054,0.245024,0.234304,0.222244,0.210714,0.200234,0.188874,0.175574,0.162424,0.148894,0.136234,0.122744,0.108814,0.093474,0.078924,0.064984,0.050334,0.035274,0.020484,0.005794,-0.007686,-0.018676,-0.027606,-0.036426,-0.045686,-0.054106,-0.060176,-0.065686,-0.071166,-0.077166,-0.081476,-0.087286,-0.095096,-0.103806,-0.112156,-0.122456,-0.134216,-0.146386,-0.158976,-0.173686,-0.188286,-0.202306,-0.216366,-0.231086,-0.245186,-0.258156,-0.270556,0.135184,0.122534,0.113744,0.104894,0.095944,0.086004,0.078364,0.071124,0.065614,0.060504,0.056284,0.053314,0.051774,0.051964,0.051724,0.053494,0.056544,0.061304,0.064284,0.065474,0.062034,0.057374,0.051334,0.045554,0.036824,0.026014,0.012914,0.001024,-0.010536,-0.020376,-0.030396,-0.039826,-0.051116,-0.063466,-0.075106,-0.084396,-0.092216,-0.099176,-0.105356,-0.111606,-0.115636,-0.115456,-0.111566,-0.110636,-0.111016,-0.111106,-0.108426,-0.108956,-0.116776
536.660000,0.265777,0.258187,0.248517,0.238647,0.228707,0.218617,0.208527,0.198637,0.188027,0.175747,0.162497,0.148127,0.133007,0.117547,0.102427,0.088657,0.075077,0.062827,0.050017,0.036037,0.021597,0.008557,-0.003343,-0.016013,-0.025673,-0.035083,-0.042203,-0.050733,-0.059413,-0.067983,-0.073023,-0.077853,-0.083813,-0.088913,-0.094143,-0.101503,-0.110783,-0.121303,-0.132403,-0.144443,-0.157063,-0.170813,-0.184593,-0.199013,-0.212453,-0.224953,-0.238253,-0.253123,-0.266893,0.132066,0.120616,0.110416,0.100366,0.091586,0.084086,0.076956,0.070726,0.065126,0.059286,0.053276,0.050236,0.049236,0.049496,0.049646,0.051056,0.053046,0.057066,0.060546,0.062866,0.061276,0.058206,0.054056,0.049116,0.041546,0.031566,0.019876,0.007716,-0.003134,-0.013914,-0.025724,-0.036764,-0.045604,-0.056344,-0.069634,-0.082294,-0.091774,-0.099244,-0.105804,-0.111294,-0.116414,-0.118134,-0.116594,-0.112804,-0.113244,-0.113334,-0.112504,-0.110754,-0.115754
536.700000,0.267623,0.262753,0.254573,0.244713,0.235133,0.225573,0.214063,0.202873,0.192083,0.181393,0.168473,0.154743,0.138903,0.123053,0.106753,0.091233,0.075873,0.062113,0.048093,0.033023,0.017783,0.004253,-0.008407,-0.019687,-0.028727,-0.036827,-0.045627,-0.054547,-0.061587,-0.068137,-0.073567,-0.080537,-0.086277,-0.091327,-0.096707,-0.104227,-0.114177,-0.123407,-0.133577,-0.145207,-0.158277,-0.171627,-0.185067,-0.200237,-0.216147,-0.231557,-0.244557,-0.255997,-0.269057,0.133308,0.127608,0.117138,0.105678,0.095978,0.087308,0.080648,0.074358,0.068638,0.061268,0.055878,0.052148,0.051058,0.050498,0.050298,0.051538,0.054668,0.059448,0.062328,0.063778,0.062698,0.058318,0.052218,0.045858,0.038138,0.026598,0.014888,0.003398,-0.008522,-0.019252,-0.030112,-0.041222,-0.053572,-0.065012,-0.076322,-0.086062,-0.093022,-0.099662,-0.105362,-0.110742,-0.114902,-0.116782,-0.114552,-0.111142,-0.109982,-0.110172,-0.111332,-0.113342,-0.114602
536.730000,0.262102,0.255352,0.248202,0.239822,0.232422,0.221142,0.210522,0.198832,0.188512,0.177292,0.164882,0.150292,0.135142,0.119442,0.103502,0.089282,0.075562,0.063242,0.049702,0.035442,0.019722,0.006032,-0.005918,-0.017378,-0.027588,-0.036188,-0.044038,-0.051918,-0.059898,-0.066848,-0.073898,-0.079038,-0.084368,-0.089228,-0.095878,-0.103678,-0.112048,-0.120328,-0.130688,-0.142358,-0.154988,-0.168718,-0.184268,-0.199318,-0.214068,-0.227008,-0.238718,-0.250988,-0.267098,0.136934,0.127504,0.117854,0.107444,0.095284,0.085804,0.077344,0.071794,0.065994,0.059914,0.052534,0.048004,0.045954,0.046474,0.046134,0.047314,0.049804,0.054454,0.057714,0.059704,0.058174,0.055104,0.050684,0.046804,0.040954,0.031204,0.020704,0.011044,0.001504,-0.011036,-0.022276,-0.033366,-0.043086,-0.055026,-0.068106,-0.080816,-0.090306,-0.098146,-0.105036,-0.111446,-0.116236,-0.119066,-0.118376,-0.116136,-0.115836,-0.118006,-0.118236,-0.115216,-0.114396
536.760000,0.277232,0.266202,0.254842,0.244552,0.234292,0.224462,0.214462,0.204902,0.193612,0.183332,0.173262,0.161732,0.148552,0.134562,0.119612,0.102942,0.087052,0.071802,0.056522,0.041322,0.025792,0.010372,-0.004098,-0.017008,-0.027718,-0.037118,-0.046688,-0.056418,-0.065078,-0.073508,-0.081188,-0.086218,-0.091358,-0.097238,-0.103338,-0.109968,-0.118518,-0.128548,-0.141028,-0.154238,-0.166258,-0.177308,-0.190218,-0.204608,-0.220568,-0.236968,-0.251398,-0.264748,-0.280068,0.110712,0.116872,0.115522,0.112912,0.108242,0.098432,0.086492,0.076762,0.070302,0.063732,0.058002,0.052482,0.048272,0.045212,0.044152,0.044252,0.044942,0.047662,0.050702,0.053842,0.056302,0.056542,0.053122,0.048982,0.043962,0.036592,0.026312,0.015382,0.003512,-0.007558,-0.019828,-0.032718,-0.044388,-0.054068,-0.065658,-0.078828,-0.090498,-0.100138,-0.107358,-0.113818,-0.120318,-0.123638,-0.121418,-0.117798,-0.116478,-0.116478,-0.118148,-0.120348,-0.120748
536.800000,0.270388,0.262828,0.253178,0.242148,0.231568,0.222488,0.212658,0.201368,0.190058,0.180418,0.170118,0.157608,0.142378,0.126888,0.111108,0.095388,0.080268,0.065478,0.051198,0.036328,0.021448,0.006938,-0.006422,-0.017972,-0.027632,-0.037202,-0.047042,-0.055852,-0.063762,-0.071012,-0.078132,-0.083482,-0.089102,-0.093122,-0.098512,-0.104672,-0.114302,-0.123522,-0.133012,-0.143002,-0.156512,-0.170952,-0.186202,-0.200712,-0.215702,-0.230792,-0.246912,-0.262102,-0.274602,0.128838,0.118388,0.112198,0.107718,0.100648,0.090408,0.079878,0.072408,0.066608,0.060958,0.055068,0.049638,0.046828,0.045768,0.046078,0.045968,0.047108,0.050098,0.054688,0.058098,0.058238,0.055448,0.052248,0.048438,0.041868,0.032108,0.021398,0.011058,0.000568,-0.011632,-0.022642,-0.034332,-0.045572,-0.058302,-0.069242,-0.080682,-0.088602,-0.095672,-0.101462,-0.108882,-0.113112,-0.116612,-0.118342,-0.118342,-0.115982,-0.114562,-0.114922,-0.114922,-0.114922
536.960000,0.266953,0.256603,0.245053,0.234673,0.225163,0.214863,0.205013,0.195483,0.186343,0.174633,0.163003,0.150093,0.137283,0.122433,0.108833,0.095073,0.081253,0.067533,0.055243,0.041863,0.026373,0.011333,-0.001017,-0.012867,-0.024387,-0.034757,-0.042927,-0.050377,-0.059227,-0.068297,-0.075507,-0.081167,-0.086347,-0.091547,-0.096077,-0.102647,-0.110657,-0.120987,-0.132777,-0.145307,-0.159167,-0.173787,-0.188367,-0.201107,-0.213897,-0.226937,-0.240707,-0.254407,-0.269857,0.131383,0.130843,0.122423,0.110703,0.099013,0.087673,0.077483,0.070233,0.063783,0.058053,0.052283,0.048443,0.044033,0.040823,0.041133,0.043143,0.045623,0.048333,0.053173,0.056233,0.057553,0.056623,0.053713,0.049683,0.042893,0.035063,0.024893,0.013653,0.001103,-0.008917,-0.019377,-0.030607,-0.042857,-0.053477,-0.065137,-0.077257,-0.088287,-0.096677,-0.104067,-0.111677,-0.115547,-0.118317,-0.118137,-0.119217,-0.118217,-0.119817,-0.118437,-0.117787,-0.116157
537.000000,0.270383,0.261803,0.250153,0.238873,0.228513,0.218333,0.208413,0.198963,0.188973,0.177433,0.165453,0.152813,0.139063,0.123543,0.107623,0.091463,0.077303,0.064763,0.051853,0.036513,0.020163,0.005873,-0.005847,-0.017807,-0.028817,-0.038027,-0.044687,-0.053137,-0.061007,-0.068177,-0.074367,-0.079747,-0.086047,-0.091557,-0.098197,-0.105127,-0.113527,-0.122147,-0.132877,-0.145247,-0.159477,-0.172617,-0.184307,-0.196077,-0.210897,-0.227537,-0.241347,-0.253367,-0.266277,0.136190,0.132340,0.123620,0.113480,0.102570,0.093510,0.083640,0.074420,0.065980,0.059800,0.054160,0.048960,0.046110,0.045040,0.045390,0.044870,0.046700,0.051660,0.056620,0.058110,0.058450,0.056330,0.051380,0.046060,0.039600,0.029930,0.018320,0.008390,-0.001540,-0.012730,-0.023510,-0.035200,-0.046260,-0.059350,-0.070060,-0.080340,-0.088340,-0.097310,-0.104790,-0.112640,-0.117830,-0.120630,-0.118810,-0.116730,-0.115290,-0.115050,-0.118070,-0.121090,-0.116050
537.030000,0.270931,0.261101,0.251171,0.239661,0.228451,0.218551,0.208601,0.197461,0.187001,0.176291,0.164271,0.150731,0.136831,0.122371,0.107451,0.091811,0.077681,0.065241,0.054471,0.041971,0.027291,0.011931,-0.002649,-0.015629,-0.028039,-0.037419,-0.044729,-0.050599,-0.059899,-0.069259,-0.076209,-0.079749,-0.085229,-0.091079,-0.096969,-0.104209,-0.114169,-0.125269,-0.137419,-0.149619,-0.162199,-0.175659,-0.189349,-0.201109,-0.213529,-0.226649,-0.238639,-0.250269,-0.265749,0.135472,0.134292,0.125772,0.116402,0.107382,0.096532,0.084452,0.074762,0.067262,0.060352,0.053292,0.047872,0.043832,0.040782,0.040472,0.042272,0.044952,0.048282,0.053002,0.056062,0.057672,0.055522,0.051432,0.045492,0.041362,0.034532,0.024562,0.011412,0.000282,-0.009788,-0.019768,-0.030998,-0.042548,-0.055008,-0.068708,-0.081638,-0.091798,-0.100168,-0.106978,-0.113608,-0.117998,-0.122498,-0.122618,-0.121678,-0.118158,-0.118898,-0.118398,-0.118258,-0.116258
537.060000,0.269379,0.260449,0.248629,0.236279,0.224429,0.213379,0.203299,0.193299,0.183319,0.172859,0.162759,0.152129,0.139479,0.125449,0.110309,0.096729,0.082979,0.069749,0.055049,0.041649,0.027759,0.013499,-0.000671,-0.012431,-0.023911,-0.035131,-0.044651,-0.052631,-0.061081,-0.069381,-0.077261,-0.082521,-0.086561,-0.091121,-0.098081,-0.105801,-0.114751,-0.125571,-0.136831,-0.147791,-0.158261,-0.171081,-0.184461,-0.198171,-0.211921,-0.227591,-0.242411,-0.255531,-0.267261,0.134783,0.131753,0.124653,0.115603,0.106583,0.095103,0.083503,0.073293,0.065723,0.059503,0.053103,0.047253,0.044473,0.041973,0.040343,0.040343,0.042803,0.047013,0.050073,0.053373,0.055073,0.056183,0.053013,0.048603,0.043083,0.035223,0.023873,0.011133,-0.000417,-0.010037,-0.018447,-0.029467,-0.042037,-0.055107,-0.067537,-0.079777,-0.089317,-0.097247,-0.105297,-0.112537,-0.118067,-0.121237,-0.122497,-0.120547,-0.118317,-0.117217,-0.117457,-0.117397,-0.117497
537.100000,0.270025,0.261665,0.250315,0.239195,0.228675,0.218805,0.208235,0.197335,0.186365,0.175245,0.163645,0.151095,0.137575,0.123225,0.108215,0.093345,0.078555,0.064125,0.050475,0.037225,0.023615,0.009365,-0.004235,-0.017715,-0.028645,-0.037285,-0.045685,-0.053985,-0.062495,-0.070025,-0.076715,-0.081535,-0.087125,-0.093565,-0.099555,-0.105475,-0.113085,-0.122295,-0.133775,-0.144575,-0.155925,-0.168175,-0.182175,-0.196365,-0.210625,-0.225835,-0.239815,-0.253015,-0.266605,0.134794,0.132644,0.125394,0.117214,0.109624,0.099624,0.088794,0.079274,0.069954,0.060954,0.053124,0.047594,0.044404,0.043224,0.043614,0.043464,0.043624,0.045904,0.051164,0.054524,0.054214,0.051954,0.048954,0.044654,0.038724,0.031434,0.021864,0.010484,-0.001546,-0.012696,-0.023736,-0.034916,-0.046476,-0.058026,-0.070096,-0.080066,-0.089036,-0.097646,-0.104376,-0.110356,-0.116526,-0.121416,-0.120886,-0.118486,-0.117076,-0.117576,-0.116826,-0.116086,-0.117326
537.130000,0.272888,0.259898,0.247898,0.235888,0.223798,0.212728,0.202058,0.192368,0.182928,0.172488,0.160058,0.148128,0.135948,0.123118,0.108138,0.094668,0.081388,0.067548,0.053798,0.040888,0.027108,0.011268,-0.002692,-0.015282,-0.026562,-0.037222,-0.046142,-0.053922,-0.061802,-0.070892,-0.079822,-0.086262,-0.089702,-0.093482,-0.097752,-0.103202,-0.110502,-0.120562,-0.131742,-0.143872,-0.156302,-0.167782,-0.179072,-0.192322,-0.207232,-0.222512,-0.237652,-0.252792,-0.267932,0.128400,0.129250,0.122590,0.114490,0.107130,0.096810,0.087520,0.079190,0.070280,0.060430,0.052960,0.046920,0.042540,0.039040,0.037260,0.037990,0.039860,0.042340,0.045400,0.048830,0.049890,0.049890,0.049050,0.045220,0.039410,0.032450,0.023540,0.012790,0.001510,-0.008260,-0.017010,-0.025890,-0.037430,-0.048790,-0.059280,-0.069940,-0.081520,-0.092910,-0.103010,-0.110780,-0.115830,-0.120520,-0.122130,-0.121190,-0.119420,-0.119770,-0.119770,-0.119770,-0.119770
537.160000,0.279548,0.267388,0.255328,0.243768,0.231708,0.219848,0.208178,0.197408,0.185998,0.174478,0.161988,0.149308,0.135608,0.121688,0.106878,0.092258,0.077208,0.062778,0.048308,0.033518,0.017438,0.002878,-0.009652,-0.021132,-0.031572,-0.039792,-0.047022,-0.054172,-0.062282,-0.071152,-0.078842,-0.085132,-0.089582,-0.094562,-0.100272,-0.107072,-0.113292,-0.121272,-0.131252,-0.142912,-0.154692,-0.168072,-0.179792,-0.191862,-0.204742,-0.220232,-0.236132,-0.251492,-0.265512,0.120563,0.127013,0.124663,0.118813,0.112343,0.105283,0.095283,0.083613,0.073493,0.063623,0.056103,0.049063,0.044463,0.040103,0.038903,0.039653,0.041563,0.045083,0.048633,0.050963,0.050923,0.049823,0.046753,0.042623,0.037663,0.029453,0.020223,0.009943,-0.000377,-0.010097,-0.018717,-0.028257,-0.040637,-0.052727,-0.065207,-0.076757,-0.087507,-0.095507,-0.102887,-0.109647,-0.115207,-0.119407,-0.122827,-0.122237,-0.119907,-0.118407,-0.118427,-0.119017,-0.122847
537.200000,0.277703,0.265123,0.251943,0.238863,0.225453,0.213923,0.202193,0.190583,0.180813,0.171793,0.163823,0.153413,0.142403,0.130433,0.118413,0.104193,0.088543,0.073173,0.058073,0.043843,0.029713,0.014783,-0.000417,-0.013827,-0.025447,-0.036237,-0.047347,-0.057387,-0.065877,-0.074277,-0.082927,-0.089017,-0.093177,-0.097057,-0.102877,-0.108587,-0.115937,-0.125177,-0.136347,-0.147927,-0.159387,-0.172977,-0.185647,-0.197817,-0.210227,-0.225257,-0.240727,-0.256017,-0.271307,0.119252,0.121632,0.121052,0.117012,0.111992,0.102912,0.094322,0.084432,0.074592,0.066252,0.059482,0.053822,0.048372,0.044222,0.041162,0.040092,0.040442,0.040092,0.041162,0.044572,0.048002,0.049412,0.048002,0.044962,0.040932,0.034922,0.025822,0.014152,0.002072,-0.008828,-0.017528,-0.027488,-0.039488,-0.051478,-0.062268,-0.075248,-0.087078,-0.096628,-0.103998,-0.110828,-0.117838,-0.122918,-0.125828,-0.123888,-0.121798,-0.120208,-0.120598,-0.120598,-0.120598
537.230000,0.284746,0.269766,0.255516,0.241636,0.228226,0.216396,0.204686,0.194446,0.184946,0.175036,0.163616,0.151366,0.139506,0.126276,0.112836,0.097856,0.083586,0.069436,0.055986,0.041906,0.027096,0.011386,-0.002404,-0.015534,-0.027014,-0.038634,-0.047454,-0.056124,-0.064734,-0.074584,-0.081924,-0.086624,-0.091544,-0.097814,-0.103154,-0.107844,-0.114884,-0.125334,-0.136274,-0.147964,-0.159554,-0.172414,-0.184734,-0.197614,-0.211004,-0.225984,-0.241174,-0.255404,-0.268504,0.124446,0.123646,0.121126,0.117676,0.113126,0.104726,0.095316,0.085836,0.077096,0.068506,0.059356,0.051256,0.044936,0.042766,0.040286,0.038276,0.037926,0.041416,0.045896,0.048846,0.050026,0.050516,0.048716,0.045806,0.040586,0.033396,0.022076,0.009626,-0.002014,-0.010534,-0.019574,-0.031854,-0.044084,-0.054514,-0.066074,-0.079234,-0.089034,-0.096314,-0.103654,-0.110534,-0.115504,-0.119624,-0.123404,-0.123174,-0.120694,-0.119194,-0.118224,-0.116814,-0.119154
537.260000,0.286988,0.271518,0.256348,0.241878,0.230058,0.220018,0.208728,0.197588,0.187868,0.176758,0.165278,0.154958,0.144628,0.130998,0.115938,0.099908,0.083808,0.068468,0.053228,0.038098,0.023638,0.009778,-0.003532,-0.016302,-0.027462,-0.038882,-0.048472,-0.056802,-0.064902,-0.073802,-0.080472,-0.084522,-0.089552,-0.096052,-0.103802,-0.110742,-0.118852,-0.128562,-0.139662,-0.150802,-0.161832,-0.174422,-0.187362,-0.199692,-0.212512,-0.227642,-0.242912,-0.256652,-0.270262,0.122046,0.121056,0.118916,0.116606,0.113106,0.106016,0.097426,0.089146,0.079756,0.071096,0.062846,0.056956,0.050266,0.045706,0.043066,0.043276,0.043096,0.044536,0.046206,0.048956,0.049726,0.049766,0.046986,0.043906,0.039046,0.031476,0.021166,0.009486,-0.001594,-0.012234,-0.022954,-0.034784,-0.046104,-0.057534,-0.069884,-0.082484,-0.093074,-0.100264,-0.106604,-0.112354,-0.118604,-0.119804,-0.120654,-0.119424,-0.119044,-0.117304,-0.117304,-0.117894,-0.121724
