t_ms,x0,y0,x1,y1,x2,y2,x3,y3,x4,y4,x5,y5,x6,y6,x7,y7,x8,y8,x9,y9,x10,y10,x11,y11,x12,y12,x13,y13,x14,y14,x15,y15,x16,y16,x17,y17,x18,y18,x19,y19,x20,y20,x21,y21,x22,y22,x23,y23,x24,y24
0,0.01811,-1.57489,0.05469,-1.49726,0.09127,-1.41963,0.12785,-1.34199,0.16524,-1.25984,0.20264,-1.17769,0.24003,-1.09553,0.27900,-1.01845,0.31797,-0.94137,0.35694,-0.86429,0.39788,-0.78714,0.43882,-0.70999,0.47976,-0.63284,0.52070,-0.56375,0.56164,-0.49466,0.60258,-0.42556,0.64352,-0.36671,0.68446,-0.30786,0.72539,-0.24900,0.76633,-0.20257,0.80726,-0.15613,0.84819,-0.10970,0.88901,-0.07937,0.92983,-0.04905,0.97065,-0.01872
5,0.01819,-1.56640,0.05476,-1.48931,0.09133,-1.41222,0.12790,-1.33512,0.16531,-1.25352,0.20272,-1.17192,0.24013,-1.09031,0.27909,-1.01372,0.31805,-0.93712,0.35700,-0.86052,0.39794,-0.78381,0.43887,-0.70709,0.47981,-0.63038,0.52074,-0.56162,0.56168,-0.49287,0.60261,-0.42412,0.64355,-0.36551,0.68448,-0.30690,0.72542,-0.24829,0.76635,-0.20201,0.80727,-0.15573,0.84820,-0.10945,0.88902,-0.07920,0.92984,-0.04894,0.97066,-0.01869
10,0.01828,-1.52652,0.05483,-1.45139,0.09138,-1.37625,0.12792,-1.30112,0.16537,-1.22157,0.20282,-1.14202,0.24027,-1.06248,0.27920,-0.98784,0.31813,-0.91320,0.35706,-0.83856,0.39799,-0.76380,0.43892,-0.68904,0.47985,-0.61428,0.52078,-0.54728,0.56171,-0.48028,0.60264,-0.41329,0.64358,-0.35618,0.68451,-0.29906,0.72544,-0.24195,0.76637,-0.19686,0.80729,-0.15176,0.84822,-0.10667,0.88903,-0.07718,0.92984,-0.04770,0.97066,-0.01821
15,0.01836,-1.48666,0.05489,-1.41348,0.09142,-1.34030,0.12795,-1.26713,0.16544,-1.18964,0.20293,-1.11215,0.24042,-1.03466,0.27931,-0.96197,0.31821,-0.88929,0.35711,-0.81660,0.39804,-0.74380,0.43897,-0.67099,0.47989,-0.59819,0.52082,-0.53295,0.56175,-0.46770,0.60268,-0.40246,0.64361,-0.34685,0.68454,-0.29123,0.72546,-0.23562,0.76639,-0.19171,0.80731,-0.14780,0.84823,-0.10389,0.88904,-0.07517,0.92985,-0.04645,0.97066,-0.01774
20,0.01845,-1.44683,0.05496,-1.37560,0.09147,-1.30438,0.12797,-1.23316,0.16550,-1.15773,0.20303,-1.08229,0.24056,-1.00685,0.27943,-0.93612,0.31830,-0.86540,0.35717,-0.79467,0.39809,-0.72382,0.43901,-0.65296,0.47994,-0.58211,0.52086,-0.51862,0.56179,-0.45513,0.60271,-0.39164,0.64364,-0.33753,0.68456,-0.28341,0.72549,-0.22929,0.76641,-0.18656,0.80732,-0.14383,0.84824,-0.10111,0.88905,-0.07316,0.92986,-0.04521,0.97066,-0.01726
25,0.01854,-1.40703,0.05502,-1.33776,0.09151,-1.26850,0.12800,-1.19923,0.16556,-1.12585,0.20313,-1.05246,0.24070,-0.97908,0.27954,-0.91030,0.31838,-0.84153,0.35722,-0.77275,0.39814,-0.70385,0.43906,-0.63495,0.47998,-0.56605,0.52090,-0.50431,0.56182,-0.44257,0.60275,-0.38084,0.64367,-0.32821,0.68459,-0.27559,0.72551,-0.22297,0.76642,-0.18142,0.80734,-0.13988,0.84825,-0.09833,0.88906,-0.07115,0.92986,-0.04397,0.97067,-0.01679
30,0.01862,-1.36729,0.05509,-1.29997,0.09155,-1.23266,0.12802,-1.16534,0.16563,-1.09401,0.20323,-1.02267,0.24084,-0.95134,0.27965,-0.88451,0.31846,-0.81769,0.35728,-0.75086,0.39819,-0.68391,0.43911,-0.61696,0.48003,-0.55001,0.52094,-0.49002,0.56186,-0.43003,0.60278,-0.37004,0.64370,-0.31891,0.68462,-0.26778,0.72553,-0.21665,0.76644,-0.17629,0.80735,-0.13592,0.84826,-0.09555,0.88907,-0.06914,0.92987,-0.04273,0.97067,-0.01632
35,0.01871,-1.32760,0.05515,-1.26223,0.09160,-1.19687,0.12805,-1.13150,0.16569,-1.06221,0.20333,-0.99293,0.24098,-0.92364,0.27976,-0.85876,0.31855,-0.79388,0.35733,-0.72901,0.39824,-0.66400,0.43916,-0.59900,0.48007,-0.53399,0.52099,-0.47575,0.56190,-0.41751,0.60281,-0.35926,0.64373,-0.30963,0.68464,-0.25999,0.72556,-0.21035,0.76646,-0.17116,0.80737,-0.13197,0.84828,-0.09278,0.88907,-0.06714,0.92987,-0.04149,0.97067,-0.01585
40,0.01879,-1.28799,0.05522,-1.22456,0.09164,-1.16114,0.12807,-1.09772,0.16575,-1.03048,0.20344,-0.96323,0.24112,-0.89599,0.27987,-0.83306,0.31863,-0.77012,0.35738,-0.70719,0.39829,-0.64413,0.43920,-0.58106,0.48012,-0.51800,0.52103,-0.46150,0.56194,-0.40500,0.60285,-0.34850,0.64376,-0.30035,0.68467,-0.25221,0.72558,-0.20406,0.76648,-0.16604,0.80739,-0.12803,0.84829,-0.09002,0.88908,-0.06514,0.92988,-0.04026,0.97067,-0.01538
45,0.01888,-1.24845,0.05528,-1.18697,0.09169,-1.12549,0.12809,-1.06401,0.16582,-0.99880,0.20354,-0.93360,0.24126,-0.86839,0.27998,-0.80740,0.31871,-0.74641,0.35744,-0.68541,0.39835,-0.62429,0.43925,-0.56317,0.48016,-0.50204,0.52107,-0.44728,0.56197,-0.39252,0.60288,-0.33777,0.64379,-0.29110,0.68469,-0.24444,0.72560,-0.19777,0.76650,-0.16094,0.80740,-0.12410,0.84830,-0.08726,0.88909,-0.06314,0.92988,-0.03902,0.97068,-0.01491
50,0.01896,-1.20900,0.05535,-1.14945,0.09173,-1.08991,0.12812,-1.03037,0.16588,-0.96720,0.20364,-0.90403,0.24140,-0.84086,0.28010,-0.78180,0.31879,-0.72274,0.35749,-0.66369,0.39840,-0.60450,0.43930,-0.54531,0.48020,-0.48612,0.52111,-0.43310,0.56201,-0.38007,0.60291,-0.32705,0.64382,-0.28187,0.68472,-0.23669,0.72563,-0.19151,0.76652,-0.15584,0.80742,-0.12017,0.84831,-0.08451,0.88910,-0.06115,0.92989,-0.03779,0.97068,-0.01444
55,0.01905,-1.16965,0.05541,-1.11203,0.09178,-1.05442,0.12814,-0.99681,0.16594,-0.93567,0.20374,-0.87453,0.24154,-0.81339,0.28021,-0.75627,0.31888,-0.69914,0.35755,-0.64202,0.39845,-0.58476,0.43935,-0.52749,0.48025,-0.47023,0.52115,-0.41894,0.56205,-0.36765,0.60295,-0.31637,0.64385,-0.27266,0.68475,-0.22896,0.72565,-0.18525,0.76654,-0.15076,0.80743,-0.11626,0.84833,-0.08176,0.88911,-0.05916,0.92990,-0.03657,0.97068,-0.01397
60,0.01913,-1.13040,0.05548,-1.07472,0.09182,-1.01903,0.12817,-0.96335,0.16600,-0.90423,0.20384,-0.84512,0.24167,-0.78600,0.28032,-0.73080,0.31896,-0.67560,0.35760,-0.62040,0.39850,-0.56507,0.43939,-0.50973,0.48029,-0.45439,0.52119,-0.40483,0.56208,-0.35527,0.60298,-0.30571,0.64388,-0.26348,0.68477,-0.22125,0.72567,-0.17902,0.76656,-0.14569,0.80745,-0.11235,0.84834,-0.07902,0.88912,-0.05718,0.92990,-0.03534,0.97068,-0.01350
65,0.01922,-1.09128,0.05554,-1.03751,0.09187,-0.98375,0.12819,-0.92998,0.16606,-0.87289,0.20394,-0.81579,0.24181,-0.75869,0.28043,-0.70541,0.31904,-0.65213,0.35766,-0.59886,0.39855,-0.54544,0.43944,-0.49202,0.48033,-0.43860,0.52123,-0.39076,0.56212,-0.34292,0.60301,-0.29508,0.64391,-0.25432,0.68480,-0.21356,0.72569,-0.17280,0.76658,-0.14063,0.80746,-0.10846,0.84835,-0.07629,0.88913,-0.05521,0.92991,-0.03412,0.97069,-0.01304
70,0.01930,-1.05228,0.05561,-1.00043,0.09191,-0.94858,0.12821,-0.89673,0.16613,-0.84164,0.20404,-0.78656,0.24195,-0.73147,0.28054,-0.68011,0.31912,-0.62874,0.35771,-0.57738,0.39860,-0.52587,0.43949,-0.47437,0.48038,-0.42286,0.52127,-0.37674,0.56216,-0.33061,0.60305,-0.28449,0.64394,-0.24520,0.68483,-0.20590,0.72572,-0.16661,0.76660,-0.13559,0.80748,-0.10458,0.84836,-0.07357,0.88914,-0.05324,0.92991,-0.03291,0.97069,-0.01257
75,0.01939,-1.01341,0.05567,-0.96347,0.09195,-0.91353,0.12824,-0.86359,0.16619,-0.81051,0.20414,-0.75743,0.24209,-0.70434,0.28065,-0.65489,0.31920,-0.60543,0.35776,-0.55597,0.39865,-0.50637,0.43953,-0.45677,0.48042,-0.40717,0.52131,-0.36276,0.56219,-0.31835,0.60308,-0.27393,0.64396,-0.23610,0.68485,-0.19827,0.72574,-0.16043,0.76662,-0.13057,0.80750,-0.10071,0.84837,-0.07086,0.88915,-0.05128,0.92992,-0.03169,0.97069,-0.01211
80,0.01947,-0.97470,0.05573,-0.92666,0.09200,-0.87862,0.12826,-0.83058,0.16625,-0.77949,0.20424,-0.72841,0.24222,-0.67732,0.28076,-0.62977,0.31929,-0.58221,0.35782,-0.53465,0.39870,-0.48695,0.43958,-0.43925,0.48046,-0.39155,0.52135,-0.34884,0.56223,-0.30613,0.60311,-0.26342,0.64399,-0.22704,0.68488,-0.19066,0.72576,-0.15428,0.76664,-0.12557,0.80751,-0.09686,0.84839,-0.06815,0.88916,-0.04932,0.92992,-0.03049,0.97069,-0.01165
85,0.01955,-0.93613,0.05580,-0.88999,0.09204,-0.84384,0.12828,-0.79770,0.16631,-0.74860,0.20434,-0.69950,0.24236,-0.65041,0.28086,-0.60474,0.31937,-0.55908,0.35787,-0.51342,0.39875,-0.46760,0.43963,-0.42179,0.48051,-0.37598,0.52139,-0.33497,0.56226,-0.29396,0.60314,-0.25295,0.64402,-0.21802,0.68490,-0.18309,0.72578,-0.14816,0.76665,-0.12059,0.80753,-0.09303,0.84840,-0.06546,0.88916,-0.04737,0.92993,-0.02928,0.97069,-0.01119
90,0.01964,-0.89774,0.05586,-0.85348,0.09208,-0.80922,0.12831,-0.76496,0.16637,-0.71784,0.20443,-0.67072,0.24250,-0.62361,0.28097,-0.57983,0.31945,-0.53605,0.35792,-0.49227,0.39880,-0.44834,0.43967,-0.40441,0.48055,-0.36048,0.52142,-0.32116,0.56230,-0.28184,0.60318,-0.24252,0.64405,-0.20903,0.68493,-0.17554,0.72581,-0.14206,0.76667,-0.11563,0.80754,-0.08921,0.84841,-0.06278,0.88917,-0.04543,0.92994,-0.02809,0.97070,-0.01074
95,0.01972,-0.85952,0.05592,-0.81713,0.09213,-0.77475,0.12833,-0.73237,0.16643,-0.68722,0.20453,-0.64208,0.24263,-0.59693,0.28108,-0.55503,0.31953,-0.51312,0.35797,-0.47122,0.39885,-0.42917,0.43972,-0.38711,0.48059,-0.34506,0.52146,-0.30742,0.56234,-0.26978,0.60321,-0.23214,0.64408,-0.20009,0.68495,-0.16804,0.72583,-0.13598,0.76669,-0.11069,0.80756,-0.08540,0.84842,-0.06012,0.88918,-0.04350,0.92994,-0.02689,0.97070,-0.01028
100,0.01980,-0.82148,0.05598,-0.78097,0.09217,-0.74045,0.12835,-0.69993,0.16649,-0.65675,0.20463,-0.61357,0.24277,-0.57038,0.28119,-0.53035,0.31961,-0.49031,0.35803,-0.45027,0.39890,-0.41008,0.43976,-0.36989,0.48063,-0.32970,0.52150,-0.29374,0.56237,-0.25777,0.60324,-0.22181,0.64411,-0.19119,0.68498,-0.16056,0.72585,-0.12994,0.76671,-0.10578,0.80757,-0.08162,0.84843,-0.05746,0.88919,-0.04158,0.92995,-0.02571,0.97070,-0.00983
105,0.01988,-0.78364,0.05605,-0.74498,0.09221,-0.70632,0.12838,-0.66766,0.16655,-0.62643,0.20473,-0.58520,0.24290,-0.54397,0.28129,-0.50579,0.31969,-0.46761,0.35808,-0.42943,0.39894,-0.39110,0.43981,-0.35276,0.48068,-0.31443,0.52154,-0.28013,0.56241,-0.24583,0.60327,-0.21153,0.64414,-0.18233,0.68500,-0.15313,0.72587,-0.12393,0.76673,-0.10089,0.80759,-0.07786,0.84845,-0.05482,0.88920,-0.03967,0.92995,-0.02453,0.97070,-0.00938
110,0.01996,-0.74600,0.05611,-0.70919,0.09225,-0.67238,0.12840,-0.63557,0.16661,-0.59628,0.20482,-0.55699,0.24303,-0.51770,0.28140,-0.48137,0.31976,-0.44503,0.35813,-0.40870,0.39899,-0.37221,0.43985,-0.33573,0.48072,-0.29924,0.52158,-0.26660,0.56244,-0.23395,0.60330,-0.20131,0.64417,-0.17352,0.68503,-0.14573,0.72589,-0.11795,0.76675,-0.09603,0.80760,-0.07411,0.84846,-0.05219,0.88921,-0.03777,0.92996,-0.02335,0.97071,-0.00893
115,0.02004,-0.70857,0.05617,-0.67360,0.09230,-0.63863,0.12842,-0.60365,0.16667,-0.56629,0.20492,-0.52893,0.24317,-0.49158,0.28150,-0.45708,0.31984,-0.42258,0.35818,-0.38809,0.39904,-0.35344,0.43990,-0.31878,0.48076,-0.28413,0.52162,-0.25314,0.56248,-0.22214,0.60334,-0.19115,0.64420,-0.16476,0.68505,-0.13838,0.72591,-0.11200,0.76677,-0.09119,0.80762,-0.07039,0.84847,-0.04958,0.88922,-0.03588,0.92996,-0.02219,0.97071,-0.00849
120,0.02012,-0.67137,0.05623,-0.63822,0.09234,-0.60507,0.12845,-0.57193,0.16673,-0.53649,0.20501,-0.50105,0.24330,-0.46561,0.28161,-0.43294,0.31992,-0.40027,0.35823,-0.36760,0.39909,-0.33477,0.43994,-0.30194,0.48080,-0.26911,0.52166,-0.23976,0.56251,-0.21040,0.60337,-0.18104,0.64422,-0.15606,0.68508,-0.13107,0.72594,-0.10609,0.76678,-0.08639,0.80763,-0.06669,0.84848,-0.04698,0.88922,-0.03400,0.92997,-0.02103,0.97071,-0.00805
125,0.02020,-0.63439,0.05629,-0.60306,0.09238,-0.57173,0.12847,-0.54040,0.16679,-0.50687,0.20511,-0.47333,0.24343,-0.43980,0.28171,-0.40894,0.32000,-0.37809,0.35828,-0.34724,0.39914,-0.31622,0.43999,-0.28520,0.48084,-0.25419,0.52169,-0.22646,0.56255,-0.19873,0.60340,-0.17100,0.64425,-0.14740,0.68510,-0.12381,0.72596,-0.10022,0.76680,-0.08161,0.80765,-0.06301,0.84849,-0.04440,0.88923,-0.03214,0.92997,-0.01987,0.97071,-0.00761
130,0.02028,-0.59765,0.05635,-0.56813,0.09242,-0.53860,0.12849,-0.50908,0.16685,-0.47744,0.20520,-0.44580,0.24356,-0.41416,0.28182,-0.38511,0.32008,-0.35606,0.35833,-0.32700,0.39918,-0.29779,0.44003,-0.26858,0.48088,-0.23936,0.52173,-0.21325,0.56258,-0.18713,0.60343,-0.16102,0.64428,-0.13881,0.68513,-0.11659,0.72598,-0.09438,0.76682,-0.07687,0.80766,-0.05935,0.84850,-0.04184,0.88924,-0.03028,0.92998,-0.01873,0.97072,-0.00717
135,0.02036,-0.56117,0.05641,-0.53343,0.09246,-0.50570,0.12851,-0.47796,0.16690,-0.44821,0.20530,-0.41845,0.24369,-0.38869,0.28192,-0.36143,0.32015,-0.33417,0.35838,-0.30691,0.39923,-0.27948,0.44008,-0.25206,0.48092,-0.22463,0.52177,-0.20013,0.56261,-0.17562,0.60346,-0.15111,0.64431,-0.13027,0.68515,-0.10943,0.72600,-0.08858,0.76684,-0.07215,0.80768,-0.05572,0.84852,-0.03929,0.88925,-0.02844,0.92998,-0.01759,0.97072,-0.00674
140,0.02044,-0.52494,0.05647,-0.49898,0.09250,-0.47303,0.12854,-0.44707,0.16696,-0.41918,0.20539,-0.39129,0.24381,-0.36340,0.28202,-0.33792,0.32023,-0.31244,0.35843,-0.28696,0.39928,-0.26131,0.44012,-0.23566,0.48096,-0.21001,0.52181,-0.18710,0.56265,-0.16419,0.60349,-0.14127,0.64433,-0.12179,0.68518,-0.10231,0.72602,-0.08283,0.76686,-0.06747,0.80769,-0.05212,0.84853,-0.03676,0.88926,-0.02661,0.92999,-0.01646,0.97072,-0.00631
145,0.02052,-0.48898,0.05653,-0.46479,0.09254,-0.44060,0.12856,-0.41641,0.16702,-0.39037,0.20548,-0.36434,0.24394,-0.33830,0.28212,-0.31459,0.32030,-0.29087,0.35848,-0.26715,0.39932,-0.24327,0.44016,-0.21938,0.48100,-0.19550,0.52184,-0.17417,0.56268,-0.15284,0.60352,-0.13151,0.64436,-0.11338,0.68520,-0.09524,0.72604,-0.07711,0.76687,-0.06283,0.80771,-0.04854,0.84854,-0.03425,0.88927,-0.02480,0.92999,-0.01534,0.97072,-0.00588
150,0.02059,-0.45329,0.05659,-0.43085,0.09258,-0.40841,0.12858,-0.38598,0.16708,-0.36178,0.20557,-0.33759,0.24407,-0.31340,0.28222,-0.29143,0.32038,-0.26946,0.35853,-0.24750,0.39937,-0.22536,0.44021,-0.20323,0.48104,-0.18109,0.52188,-0.16133,0.56271,-0.14157,0.60355,-0.12181,0.64439,-0.10502,0.68523,-0.08823,0.72606,-0.07144,0.76689,-0.05822,0.80772,-0.04499,0.84855,-0.03176,0.88927,-0.02299,0.93000,-0.01422,0.97072,-0.00546
155,0.02067,-0.41789,0.05665,-0.39719,0.09262,-0.37649,0.12860,-0.35579,0.16713,-0.33342,0.20566,-0.31105,0.24419,-0.28869,0.28232,-0.26846,0.32045,-0.24823,0.35858,-0.22800,0.39942,-0.20760,0.44025,-0.18720,0.48108,-0.16680,0.52191,-0.14860,0.56275,-0.13040,0.60358,-0.11220,0.64441,-0.09674,0.68525,-0.08128,0.72608,-0.06582,0.76691,-0.05364,0.80773,-0.04147,0.84856,-0.02929,0.88928,-0.02121,0.93000,-0.01312,0.97073,-0.00503
160,0.02075,-0.38278,0.05671,-0.36380,0.09266,-0.34483,0.12862,-0.32585,0.16719,-0.30529,0.20575,-0.28474,0.24432,-0.26418,0.28242,-0.24568,0.32053,-0.22717,0.35863,-0.20867,0.39946,-0.18999,0.44029,-0.17131,0.48112,-0.15263,0.52195,-0.13598,0.56278,-0.11932,0.60361,-0.10266,0.64444,-0.08852,0.68527,-0.07438,0.72610,-0.06024,0.76693,-0.04911,0.80775,-0.03797,0.84857,-0.02684,0.88929,-0.01943,0.93001,-0.01202,0.97073,-0.00462
165,0.02082,-0.34797,0.05676,-0.33070,0.09270,-0.31344,0.12864,-0.29617,0.16724,-0.27741,0.20584,-0.25865,0.24444,-0.23989,0.28252,-0.22309,0.32060,-0.20629,0.35868,-0.18950,0.39951,-0.17252,0.44033,-0.15555,0.48116,-0.13858,0.52199,-0.12346,0.56281,-0.10834,0.60364,-0.09321,0.64447,-0.08038,0.68530,-0.06754,0.72612,-0.05471,0.76694,-0.04461,0.80776,-0.03451,0.84858,-0.02441,0.88930,-0.01768,0.93001,-0.01094,0.97073,-0.00420
170,0.02090,-0.31347,0.05682,-0.29790,0.09274,-0.28233,0.12866,-0.26676,0.16730,-0.24977,0.20593,-0.23279,0.24456,-0.21581,0.28262,-0.20071,0.32067,-0.18560,0.35873,-0.17050,0.39955,-0.15522,0.44037,-0.13994,0.48120,-0.12466,0.52202,-0.11105,0.56285,-0.09745,0.60367,-0.08384,0.64449,-0.07231,0.68532,-0.06077,0.72614,-0.04923,0.76696,-0.04015,0.80778,-0.03108,0.84859,-0.02200,0.88931,-0.01593,0.93002,-0.00986,0.97073,-0.00379
175,0.02097,-0.27930,0.05688,-0.26540,0.09278,-0.25151,0.12869,-0.23761,0.16735,-0.22239,0.20602,-0.20717,0.24468,-0.19195,0.28271,-0.17853,0.32074,-0.16510,0.35877,-0.15168,0.39959,-0.13807,0.44041,-0.12447,0.48124,-0.11086,0.52206,-0.09876,0.56288,-0.08666,0.60370,-0.07456,0.64452,-0.06431,0.68534,-0.05405,0.72616,-0.04380,0.76698,-0.03574,0.80779,-0.02768,0.84860,-0.01962,0.88931,-0.01421,0.93002,-0.00880,0.97074,-0.00339
180,0.02104,-0.24545,0.05693,-0.23321,0.09282,-0.22098,0.12871,-0.20875,0.16740,-0.19528,0.20610,-0.18180,0.24480,-0.16833,0.28281,-0.15656,0.32081,-0.14480,0.35882,-0.13303,0.39964,-0.12109,0.44046,-0.10914,0.48127,-0.09720,0.52209,-0.08659,0.56291,-0.07598,0.60373,-0.06537,0.64455,-0.05639,0.68536,-0.04740,0.72618,-0.03842,0.76699,-0.03137,0.80780,-0.02431,0.84861,-0.01726,0.88932,-0.01250,0.93003,-0.00774,0.97074,-0.00298
185,0.02112,-0.21193,0.05699,-0.20135,0.09286,-0.19076,0.12873,-0.18017,0.16746,-0.16843,0.20619,-0.15668,0.24492,-0.14494,0.28290,-0.13482,0.32088,-0.12470,0.35887,-0.11458,0.39968,-0.10427,0.44050,-0.09397,0.48131,-0.08367,0.52213,-0.07454,0.56294,-0.06540,0.60375,-0.05627,0.64457,-0.04854,0.68539,-0.04082,0.72620,-0.03310,0.76701,-0.02704,0.80782,-0.02098,0.84862,-0.01492,0.88933,-0.01081,0.93003,-0.00670,0.97074,-0.00259
190,0.02119,-0.17876,0.05704,-0.16980,0.09289,-0.16085,0.12875,-0.15189,0.16751,-0.14185,0.20627,-0.13182,0.24504,-0.12178,0.28300,-0.11329,0.32095,-0.10480,0.35891,-0.09631,0.39972,-0.08763,0.44054,-0.07896,0.48135,-0.07028,0.52216,-0.06261,0.56297,-0.05493,0.60378,-0.04726,0.64460,-0.04078,0.68541,-0.03430,0.72622,-0.02783,0.76703,-0.02275,0.80783,-0.01768,0.84863,-0.01260,0.88934,-0.00913,0.93004,-0.00566,0.97074,-0.00219
195,0.02126,-0.14594,0.05709,-0.13860,0.09293,-0.13125,0.12877,-0.12390,0.16756,-0.11556,0.20636,-0.10722,0.24515,-0.09888,0.28309,-0.09200,0.32102,-0.08511,0.35896,-0.07823,0.39977,-0.07117,0.44057,-0.06410,0.48138,-0.05704,0.52219,-0.05081,0.56300,-0.04458,0.60381,-0.03834,0.64462,-0.03310,0.68543,-0.02786,0.72624,-0.02261,0.76704,-0.01851,0.80784,-0.01441,0.84864,-0.01031,0.88934,-0.00747,0.93004,-0.00464,0.97074,-0.00180
200,0.02133,-0.11349,0.05715,-0.10773,0.09297,-0.10198,0.12879,-0.09623,0.16761,-0.08956,0.20644,-0.08289,0.24527,-0.07622,0.28318,-0.07093,0.32109,-0.06565,0.35900,-0.06036,0.39981,-0.05488,0.44061,-0.04941,0.48142,-0.04394,0.52223,-0.03913,0.56303,-0.03433,0.60384,-0.02953,0.64464,-0.02551,0.68545,-0.02148,0.72626,-0.01746,0.76706,-0.01432,0.80786,-0.01118,0.84865,-0.00805,0.88935,-0.00584,0.93005,-0.00363,0.97075,-0.00142
205,0.02140,-0.08140,0.05720,-0.07722,0.09300,-0.07304,0.12881,-0.06886,0.16767,-0.06385,0.20652,-0.05884,0.24538,-0.05383,0.28327,-0.05011,0.32116,-0.04640,0.35905,-0.04269,0.39985,-0.03878,0.44065,-0.03488,0.48146,-0.03098,0.52226,-0.02759,0.56306,-0.02420,0.60387,-0.02081,0.64467,-0.01800,0.68547,-0.01518,0.72628,-0.01236,0.76707,-0.01017,0.80787,-0.00799,0.84866,-0.00581,0.88936,-0.00422,0.93005,-0.00263,0.97075,-0.00103
210,0.02147,-0.04968,0.05725,-0.04706,0.09304,-0.04444,0.12883,-0.04182,0.16772,-0.03844,0.20660,-0.03507,0.24549,-0.03169,0.28336,-0.02953,0.32122,-0.02738,0.35909,-0.02522,0.39989,-0.02287,0.44069,-0.02053,0.48149,-0.01818,0.52229,-0.01619,0.56309,-0.01420,0.60389,-0.01220,0.64469,-0.01057,0.68549,-0.00895,0.72630,-0.00732,0.76709,-0.00608,0.80788,-0.00483,0.84867,-0.00359,0.88937,-0.00261,0.93006,-0.00164,0.97075,-0.00066
215,0.02153,-0.01835,0.05730,-0.01727,0.09307,-0.01619,0.12885,-0.01511,0.16776,-0.01335,0.20668,-0.01158,0.24560,-0.00982,0.28345,-0.00920,0.32129,-0.00858,0.35913,-0.00797,0.39993,-0.00716,0.44073,-0.00635,0.48153,-0.00554,0.52232,-0.00492,0.56312,-0.00431,0.60392,-0.00369,0.64472,-0.00324,0.68552,-0.00279,0.72631,-0.00234,0.76710,-0.00203,0.80789,-0.00172,0.84868,-0.00141,0.88937,-0.00103,0.93006,-0.00066,0.97075,-0.00029
220,0.02160,0.01258,0.05735,0.01215,0.09311,0.01171,0.12886,0.01127,0.16781,0.01144,0.20676,0.01160,0.24571,0.01177,0.28353,0.01087,0.32135,0.00997,0.35917,0.00907,0.39997,0.00836,0.44076,0.00766,0.48156,0.00695,0.52235,0.00620,0.56315,0.00546,0.60394,0.00471,0.64474,0.00400,0.68554,0.00329,0.72633,0.00257,0.76712,0.00197,0.80791,0.00136,0.84869,0.00075,0.88938,0.00053,0.93007,0.00031,0.97075,0.00008
225,0.02167,0.04312,0.05740,0.04119,0.09314,0.03925,0.12888,0.03731,0.16786,0.03590,0.20684,0.03449,0.24582,0.03309,0.28362,0.03069,0.32142,0.02829,0.35922,0.02589,0.40001,0.02369,0.44080,0.02148,0.48159,0.01928,0.52239,0.01718,0.56318,0.01509,0.60397,0.01300,0.64476,0.01114,0.68556,0.00928,0.72635,0.00742,0.76713,0.00591,0.80792,0.00440,0.84870,0.00288,0.88939,0.00207,0.93007,0.00126,0.97076,0.00045
230,0.02173,0.07325,0.05745,0.06984,0.09318,0.06642,0.12890,0.06301,0.16791,0.06004,0.20692,0.05708,0.24593,0.05412,0.28371,0.05024,0.32148,0.04636,0.35926,0.04249,0.40005,0.03880,0.44084,0.03512,0.48163,0.03144,0.52242,0.02802,0.56321,0.02460,0.60400,0.02119,0.64479,0.01819,0.68558,0.01520,0.72637,0.01221,0.76715,0.00980,0.80793,0.00740,0.84871,0.00499,0.88939,0.00359,0.93008,0.00220,0.97076,0.00080
235,0.02180,0.10297,0.05750,0.09810,0.09321,0.09322,0.12892,0.08835,0.16796,0.08385,0.20700,0.07935,0.24603,0.07486,0.28379,0.06952,0.32154,0.06419,0.35930,0.05885,0.40009,0.05371,0.44087,0.04857,0.48166,0.04343,0.52245,0.03871,0.56323,0.03398,0.60402,0.02926,0.64481,0.02515,0.68560,0.02104,0.72638,0.01693,0.76716,0.01364,0.80794,0.01035,0.84872,0.00706,0.88940,0.00509,0.93008,0.00313,0.97076,0.00116
240,0.02186,0.13227,0.05755,0.12595,0.09324,0.11964,0.12894,0.11333,0.16800,0.10732,0.20707,0.10131,0.24614,0.09530,0.28387,0.08853,0.32161,0.08176,0.35934,0.07498,0.40012,0.06841,0.44091,0.06183,0.48169,0.05526,0.52248,0.04924,0.56326,0.04323,0.60405,0.03721,0.64483,0.03200,0.68562,0.02680,0.72640,0.02159,0.76718,0.01743,0.80795,0.01327,0.84873,0.00911,0.88941,0.00657,0.93008,0.00404,0.97076,0.00151
245,0.02192,0.16113,0.05760,0.15340,0.09328,0.14567,0.12895,0.13794,0.16805,0.13044,0.20714,0.12295,0.24624,0.11545,0.28395,0.10726,0.32167,0.09907,0.35938,0.09088,0.40016,0.08289,0.44094,0.07490,0.48172,0.06691,0.52251,0.05962,0.56329,0.05234,0.60407,0.04505,0.64485,0.03876,0.68563,0.03247,0.72642,0.02617,0.76719,0.02116,0.80797,0.01614,0.84874,0.01112,0.88941,0.00803,0.93009,0.00494,0.97076,0.00185
250,0.02198,0.18956,0.05765,0.18044,0.09331,0.17131,0.12897,0.16218,0.16809,0.15322,0.20722,0.14426,0.24634,0.13530,0.28403,0.12571,0.32173,0.11612,0.35942,0.10654,0.40020,0.09715,0.44098,0.08777,0.48176,0.07838,0.52254,0.06985,0.56331,0.06131,0.60409,0.05277,0.64487,0.04541,0.68565,0.03805,0.72643,0.03069,0.76721,0.02483,0.80798,0.01897,0.84875,0.01311,0.88942,0.00947,0.93009,0.00583,0.97076,0.00219
255,0.02204,0.21755,0.05769,0.20705,0.09334,0.19655,0.12899,0.18605,0.16814,0.17564,0.20729,0.16524,0.24644,0.15483,0.28411,0.14387,0.32178,0.13291,0.35946,0.12195,0.40023,0.11120,0.44101,0.10044,0.48179,0.08968,0.52256,0.07991,0.56334,0.07014,0.60412,0.06037,0.64490,0.05196,0.68567,0.04355,0.72645,0.03514,0.76722,0.02844,0.80799,0.02175,0.84876,0.01506,0.88943,0.01088,0.93010,0.00670,0.97077,0.00252
260,0.02210,0.24509,0.05774,0.23323,0.09337,0.22138,0.12901,0.20953,0.16818,0.19770,0.20736,0.18588,0.24654,0.17405,0.28419,0.16174,0.32184,0.14943,0.35949,0.13712,0.40027,0.12501,0.44104,0.11290,0.48182,0.10079,0.52259,0.08981,0.56337,0.07883,0.60414,0.06785,0.64492,0.05841,0.68569,0.04896,0.72647,0.03951,0.76723,0.03200,0.80800,0.02449,0.84877,0.01698,0.88943,0.01227,0.93010,0.00756,0.97077,0.00285
265,0.02216,0.27217,0.05778,0.25898,0.09340,0.24580,0.12902,0.23262,0.16823,0.21940,0.20743,0.20617,0.24663,0.19295,0.28426,0.17931,0.32190,0.16567,0.35953,0.15203,0.40030,0.13860,0.44108,0.12516,0.48185,0.11173,0.52262,0.09955,0.56339,0.08738,0.60416,0.07521,0.64494,0.06474,0.68571,0.05428,0.72648,0.04381,0.76725,0.03550,0.80801,0.02719,0.84877,0.01887,0.88944,0.01364,0.93010,0.00840,0.97077,0.00317
270,0.02222,0.29878,0.05782,0.28429,0.09343,0.26980,0.12904,0.25531,0.16827,0.24072,0.20750,0.22612,0.24673,0.21153,0.28434,0.19658,0.32195,0.18164,0.35957,0.16669,0.40034,0.15195,0.44111,0.13721,0.48188,0.12247,0.52265,0.10912,0.56342,0.09578,0.60419,0.08244,0.64496,0.07097,0.68573,0.05951,0.72650,0.04804,0.76726,0.03894,0.80802,0.02983,0.84878,0.02073,0.88945,0.01498,0.93011,0.00923,0.97077,0.00348
275,0.02227,0.32493,0.05787,0.30916,0.09346,0.29338,0.12905,0.27761,0.16831,0.26167,0.20756,0.24572,0.24682,0.22978,0.28441,0.21355,0.32201,0.19732,0.35960,0.18109,0.40037,0.16507,0.44114,0.14904,0.48191,0.13302,0.52267,0.11853,0.56344,0.10403,0.60421,0.08954,0.64498,0.07709,0.68574,0.06464,0.72651,0.05220,0.76727,0.04232,0.80803,0.03243,0.84879,0.02255,0.88945,0.01630,0.93011,0.01005,0.97077,0.00380
280,0.02233,0.35060,0.05791,0.33357,0.09349,0.31653,0.12907,0.29950,0.16835,0.28223,0.20763,0.26496,0.24691,0.24770,0.28449,0.23021,0.32206,0.21272,0.35964,0.19523,0.40041,0.17795,0.44117,0.16066,0.48194,0.14338,0.52270,0.12776,0.56347,0.11213,0.60423,0.09651,0.64500,0.08310,0.68576,0.06969,0.72653,0.05628,0.76728,0.04563,0.80804,0.03499,0.84880,0.02435,0.88946,0.01760,0.93012,0.01085,0.97077,0.00410
285,0.02238,0.37579,0.05795,0.35752,0.09352,0.33925,0.12909,0.32098,0.16839,0.30241,0.20769,0.28384,0.24700,0.26528,0.28456,0.24655,0.32212,0.22783,0.35967,0.20910,0.40044,0.19058,0.44120,0.17207,0.48196,0.15355,0.52273,0.13682,0.56349,0.12008,0.60425,0.10335,0.64501,0.08899,0.68578,0.07463,0.72654,0.06028,0.76730,0.04889,0.80805,0.03749,0.84881,0.02610,0.88946,0.01887,0.93012,0.01163,0.97078,0.00440
290,0.02244,0.40049,0.05799,0.38100,0.09355,0.36152,0.12910,0.34204,0.16843,0.32220,0.20776,0.30236,0.24708,0.28251,0.28463,0.26258,0.32217,0.24264,0.35971,0.22270,0.40047,0.20297,0.44123,0.18325,0.48199,0.16352,0.52275,0.14570,0.56351,0.12788,0.60427,0.11006,0.64503,0.09477,0.68579,0.07949,0.72656,0.06420,0.76731,0.05208,0.80806,0.03995,0.84881,0.02783,0.88947,0.02012,0.93012,0.01240,0.97078,0.00469
295,0.02249,0.42469,0.05803,0.40402,0.09357,0.38335,0.12912,0.36267,0.16847,0.34159,0.20782,0.32050,0.24717,0.29941,0.28469,0.27828,0.32222,0.25716,0.35974,0.23603,0.40050,0.21512,0.44126,0.19420,0.48202,0.17329,0.52278,0.15440,0.56353,0.13552,0.60429,0.11663,0.64505,0.10044,0.68581,0.08424,0.72657,0.06805,0.76732,0.05520,0.80807,0.04236,0.84882,0.02952,0.88947,0.02134,0.93013,0.01316,0.97078,0.00498
300,0.02254,0.44839,0.05807,0.42656,0.09360,0.40472,0.12913,0.38289,0.16850,0.36057,0.20788,0.33826,0.24725,0.31595,0.28476,0.29366,0.32227,0.27137,0.35977,0.24908,0.40053,0.22701,0.44129,0.20493,0.48204,0.18286,0.52280,0.16293,0.56356,0.14300,0.60431,0.12307,0.64507,0.10598,0.68583,0.08890,0.72658,0.07181,0.76733,0.05827,0.80808,0.04472,0.84883,0.03117,0.88948,0.02253,0.93013,0.01390,0.97078,0.00526
305,0.02259,0.47159,0.05811,0.44861,0.09363,0.42564,0.12914,0.40266,0.16854,0.37916,0.20794,0.35565,0.24734,0.33214,0.28483,0.30871,0.32232,0.28529,0.35981,0.26186,0.40056,0.23865,0.44132,0.21543,0.48207,0.19222,0.52282,0.17127,0.56358,0.15032,0.60433,0.12937,0.64509,0.11141,0.68584,0.09345,0.72660,0.07550,0.76734,0.06126,0.80809,0.04703,0.84884,0.03279,0.88948,0.02371,0.93013,0.01462,0.97078,0.00554
310,0.02264,0.49427,0.05815,0.47018,0.09365,0.44609,0.12916,0.42201,0.16858,0.39733,0.20800,0.37265,0.24742,0.34797,0.28489,0.32343,0.32236,0.29889,0.35984,0.27435,0.40059,0.25003,0.44134,0.22570,0.48209,0.20137,0.52285,0.17942,0.56360,0.15748,0.60435,0.13553,0.64510,0.11672,0.68586,0.09791,0.72661,0.07910,0.76735,0.06419,0.80810,0.04928,0.84884,0.03437,0.88949,0.02485,0.93014,0.01533,0.97078,0.00581
315,0.02269,0.51643,0.05818,0.49126,0.09368,0.46608,0.12917,0.44090,0.16861,0.41508,0.20805,0.38926,0.24749,0.36344,0.28495,0.33781,0.32241,0.31219,0.35987,0.28656,0.40062,0.26114,0.44137,0.23573,0.48212,0.21032,0.52287,0.18740,0.56362,0.16447,0.60437,0.14155,0.64512,0.12191,0.68587,0.10226,0.72662,0.08262,0.76737,0.06706,0.80811,0.05149,0.84885,0.03592,0.88949,0.02597,0.93014,0.01602,0.97079,0.00607
320,0.02273,0.53808,0.05822,0.51184,0.09370,0.48560,0.12918,0.45936,0.16865,0.43242,0.20811,0.40548,0.24757,0.37855,0.28501,0.35186,0.32246,0.32517,0.35990,0.29848,0.40065,0.27200,0.44139,0.24553,0.48214,0.21905,0.52289,0.19518,0.56364,0.17130,0.60439,0.14742,0.64514,0.12697,0.68589,0.10652,0.72664,0.08606,0.76738,0.06985,0.80812,0.05364,0.84886,0.03743,0.88950,0.02706,0.93014,0.01670,0.97079,0.00633
325,0.02278,0.55919,0.05825,0.53191,0.09373,0.50464,0.12920,0.47736,0.16868,0.44933,0.20816,0.42131,0.24765,0.39328,0.28507,0.36556,0.32250,0.33783,0.35993,0.31010,0.40067,0.28259,0.44142,0.25508,0.48217,0.22758,0.52291,0.20277,0.56366,0.17796,0.60441,0.15316,0.64515,0.13191,0.68590,0.11066,0.72665,0.08941,0.76739,0.07258,0.80812,0.05574,0.84886,0.03890,0.88950,0.02813,0.93015,0.01735,0.97079,0.00658
330,0.02282,0.57976,0.05829,0.55148,0.09375,0.52319,0.12921,0.49491,0.16871,0.46582,0.20822,0.43673,0.24772,0.40765,0.28513,0.37891,0.32254,0.35017,0.35996,0.32144,0.40070,0.29292,0.44144,0.26440,0.48219,0.23588,0.52293,0.21017,0.56368,0.18446,0.60442,0.15875,0.64517,0.13673,0.68591,0.11470,0.72666,0.09268,0.76740,0.07524,0.80813,0.05779,0.84887,0.04034,0.88951,0.02917,0.93015,0.01800,0.97079,0.00682
335,0.02287,0.59980,0.05832,0.57053,0.09377,0.54126,0.12922,0.51199,0.16874,0.48187,0.20827,0.45175,0.24779,0.42163,0.28519,0.39191,0.32259,0.36219,0.35998,0.33247,0.40073,0.30297,0.44147,0.27347,0.48221,0.24397,0.52295,0.21738,0.56370,0.19078,0.60444,0.16419,0.64518,0.14141,0.68593,0.11864,0.72667,0.09587,0.76741,0.07782,0.80814,0.05978,0.84888,0.04174,0.88951,0.03018,0.93015,0.01862,0.97079,0.00706
340,0.02291,0.61930,0.05835,0.58907,0.09379,0.55884,0.12923,0.52861,0.16878,0.49749,0.20832,0.46636,0.24786,0.43524,0.28524,0.40456,0.32263,0.37388,0.36001,0.34321,0.40075,0.31275,0.44149,0.28229,0.48223,0.25184,0.52297,0.22439,0.56372,0.19693,0.60446,0.16948,0.64520,0.14598,0.68594,0.12247,0.72668,0.09896,0.76742,0.08034,0.80815,0.06172,0.84888,0.04310,0.88952,0.03116,0.93015,0.01923,0.97079,0.00729
345,0.02295,0.63824,0.05838,0.60708,0.09381,0.57593,0.12925,0.54477,0.16881,0.51267,0.20837,0.48056,0.24793,0.44846,0.28530,0.41685,0.32267,0.38525,0.36004,0.35364,0.40078,0.32225,0.44152,0.29087,0.48225,0.25948,0.52299,0.23120,0.56373,0.20291,0.60447,0.17463,0.64521,0.15041,0.68595,0.12619,0.72669,0.10197,0.76742,0.08279,0.80816,0.06361,0.84889,0.04442,0.88952,0.03212,0.93016,0.01982,0.97079,0.00752
350,0.02299,0.65663,0.05841,0.62457,0.09383,0.59251,0.12926,0.56045,0.16883,0.52740,0.20841,0.49435,0.24799,0.46130,0.28535,0.42879,0.32270,0.39628,0.36006,0.36377,0.40080,0.33148,0.44154,0.29919,0.48228,0.26691,0.52301,0.23781,0.56375,0.20872,0.60449,0.17962,0.64523,0.15471,0.68597,0.12981,0.72670,0.10490,0.76743,0.08517,0.80816,0.06544,0.84889,0.04570,0.88953,0.03305,0.93016,0.02039,0.97079,0.00774
355,0.02303,0.67446,0.05844,0.64153,0.09385,0.60859,0.12927,0.57566,0.16886,0.54168,0.20846,0.50771,0.24805,0.47374,0.28540,0.44036,0.32274,0.40697,0.36009,0.37359,0.40082,0.34043,0.44156,0.30727,0.48229,0.27410,0.52303,0.24422,0.56377,0.21435,0.60450,0.18447,0.64524,0.15889,0.68598,0.13331,0.72671,0.10773,0.76744,0.08747,0.80817,0.06721,0.84890,0.04695,0.88953,0.03395,0.93016,0.02095,0.97080,0.00795
360,0.02307,0.69173,0.05847,0.65795,0.09387,0.62417,0.12928,0.59038,0.16889,0.55552,0.20850,0.52066,0.24811,0.48580,0.28545,0.45156,0.32278,0.41733,0.36011,0.38310,0.40084,0.34909,0.44158,0.31508,0.48231,0.28108,0.52305,0.25044,0.56378,0.21980,0.60452,0.18916,0.64525,0.16293,0.68599,0.13670,0.72672,0.11047,0.76745,0.08970,0.80818,0.06893,0.84890,0.04815,0.88953,0.03482,0.93017,0.02149,0.97080,0.00816
365,0.02310,0.70844,0.05850,0.67383,0.09389,0.63923,0.12929,0.60462,0.16892,0.56890,0.20855,0.53318,0.24817,0.49745,0.28549,0.46240,0.32281,0.42735,0.36013,0.39230,0.40087,0.35747,0.44160,0.32264,0.48233,0.28782,0.52307,0.25644,0.56380,0.22507,0.60453,0.19369,0.64527,0.16684,0.68600,0.13998,0.72673,0.11313,0.76746,0.09186,0.80818,0.07059,0.84891,0.04932,0.88954,0.03567,0.93017,0.02201,0.97080,0.00835
370,0.02314,0.72457,0.05852,0.68917,0.09391,0.65378,0.12930,0.61838,0.16894,0.58182,0.20859,0.54527,0.24823,0.50871,0.28554,0.47287,0.32285,0.43703,0.36015,0.40118,0.40089,0.36556,0.44162,0.32995,0.48235,0.29433,0.52308,0.26224,0.56381,0.23016,0.60455,0.19807,0.64528,0.17061,0.68601,0.14315,0.72674,0.11569,0.76747,0.09394,0.80819,0.07219,0.84891,0.05045,0.88954,0.03648,0.93017,0.02251,0.97080,0.00855
375,0.02317,0.74012,0.05855,0.70396,0.09393,0.66780,0.12931,0.63164,0.16897,0.59429,0.20863,0.55693,0.24829,0.51957,0.28558,0.48296,0.32288,0.44636,0.36018,0.40975,0.40091,0.37337,0.44164,0.33699,0.48237,0.30061,0.52310,0.26784,0.56383,0.23507,0.60456,0.20230,0.64529,0.17425,0.68602,0.14621,0.72675,0.11816,0.76747,0.09595,0.80820,0.07374,0.84892,0.05153,0.88955,0.03727,0.93017,0.02300,0.97080,0.00873
380,0.02320,0.75510,0.05857,0.71821,0.09395,0.68131,0.12932,0.64442,0.16899,0.60629,0.20866,0.56816,0.24834,0.53003,0.28562,0.49268,0.32291,0.45534,0.36020,0.41800,0.40093,0.38088,0.44166,0.34377,0.48238,0.30665,0.52311,0.27322,0.56384,0.23979,0.60457,0.20637,0.64530,0.17776,0.68603,0.14915,0.72676,0.12054,0.76748,0.09789,0.80820,0.07523,0.84892,0.05258,0.88955,0.03802,0.93017,0.02346,0.97080,0.00891
385,0.02323,0.76950,0.05860,0.73189,0.09396,0.69429,0.12933,0.65669,0.16901,0.61782,0.20870,0.57895,0.24839,0.54007,0.28566,0.50202,0.32294,0.46398,0.36022,0.42593,0.40094,0.38811,0.44167,0.35028,0.48240,0.31246,0.52313,0.27840,0.56386,0.24434,0.60458,0.21027,0.64531,0.18113,0.68604,0.15198,0.72677,0.12283,0.76749,0.09975,0.80821,0.07666,0.84893,0.05358,0.88955,0.03875,0.93018,0.02391,0.97080,0.00908
390,0.02326,0.78331,0.05862,0.74503,0.09398,0.70675,0.12933,0.66846,0.16904,0.62888,0.20874,0.58930,0.24844,0.54971,0.28570,0.51098,0.32297,0.47226,0.36024,0.43353,0.40096,0.39503,0.44169,0.35653,0.48242,0.31804,0.52314,0.28337,0.56387,0.24870,0.60460,0.21403,0.64532,0.18436,0.68605,0.15469,0.72678,0.12502,0.76750,0.10153,0.80821,0.07804,0.84893,0.05455,0.88956,0.03945,0.93018,0.02434,0.97080,0.00924
395,0.02329,0.79652,0.05864,0.75760,0.09399,0.71867,0.12934,0.67974,0.16906,0.63947,0.20877,0.59920,0.24848,0.55894,0.28574,0.51956,0.32300,0.48019,0.36025,0.44081,0.40098,0.40167,0.44170,0.36252,0.48243,0.32337,0.52316,0.28812,0.56388,0.25287,0.60461,0.21762,0.64533,0.18745,0.68606,0.15729,0.72678,0.12712,0.76750,0.10324,0.80822,0.07935,0.84894,0.05547,0.88956,0.04011,0.93018,0.02476,0.97080,0.00940
400,0.02332,0.80915,0.05866,0.76960,0.09401,0.73005,0.12935,0.69050,0.16908,0.64959,0.20880,0.60867,0.24853,0.56775,0.28578,0.52776,0.32302,0.48776,0.36027,0.44777,0.40100,0.40800,0.44172,0.36823,0.48244,0.32847,0.52317,0.29266,0.56389,0.25685,0.60462,0.22104,0.64534,0.19041,0.68607,0.15977,0.72679,0.12913,0.76751,0.10487,0.80822,0.08061,0.84894,0.05635,0.88956,0.04075,0.93018,0.02515,0.97080,0.00955
405,0.02335,0.82118,0.05868,0.78104,0.09402,0.74090,0.12936,0.70076,0.16910,0.65922,0.20883,0.61769,0.24857,0.57615,0.28581,0.53556,0.32305,0.49498,0.36029,0.45439,0.40101,0.41404,0.44173,0.37368,0.48246,0.33332,0.52318,0.29699,0.56390,0.26065,0.60463,0.22431,0.64535,0.19322,0.68608,0.16213,0.72680,0.13104,0.76751,0.10642,0.80823,0.08181,0.84894,0.05719,0.88956,0.04136,0.93018,0.02553,0.97080,0.00969
410,0.02337,0.83261,0.05870,0.79191,0.09403,0.75121,0.12936,0.71051,0.16911,0.66838,0.20886,0.62625,0.24861,0.58413,0.28584,0.54298,0.32307,0.50183,0.36030,0.46069,0.40103,0.41977,0.44175,0.37885,0.48247,0.33794,0.52319,0.30110,0.56391,0.26426,0.60464,0.22742,0.64536,0.19590,0.68608,0.16438,0.72681,0.13286,0.76752,0.10790,0.80823,0.08294,0.84895,0.05799,0.88957,0.04194,0.93019,0.02588,0.97080,0.00983
415,0.02339,0.84344,0.05872,0.80221,0.09405,0.76098,0.12937,0.71974,0.16913,0.67706,0.20889,0.63437,0.24865,0.59169,0.28587,0.55001,0.32310,0.50833,0.36032,0.46665,0.40104,0.42520,0.44176,0.38376,0.48248,0.34231,0.52320,0.30499,0.56392,0.26768,0.60465,0.23036,0.64537,0.19843,0.68609,0.16650,0.72681,0.13458,0.76753,0.10930,0.80824,0.08402,0.84895,0.05874,0.88957,0.04248,0.93019,0.02622,0.97081,0.00996
420,0.02342,0.85367,0.05874,0.81193,0.09406,0.77020,0.12938,0.72846,0.16915,0.68525,0.20892,0.64204,0.24869,0.59882,0.28590,0.55664,0.32312,0.51446,0.36033,0.47228,0.40105,0.43033,0.44177,0.38839,0.48249,0.34644,0.52321,0.30867,0.56393,0.27090,0.60465,0.23313,0.64538,0.20082,0.68610,0.16851,0.72682,0.13620,0.76753,0.11062,0.80824,0.08504,0.84895,0.05946,0.88957,0.04300,0.93019,0.02654,0.97081,0.01008
425,0.02344,0.86329,0.05875,0.82108,0.09407,0.77887,0.12938,0.73666,0.16916,0.69295,0.20894,0.64925,0.24872,0.60554,0.28593,0.56288,0.32314,0.52023,0.36035,0.47758,0.40107,0.43516,0.44178,0.39274,0.48250,0.35032,0.52322,0.31213,0.56394,0.27394,0.60466,0.23575,0.64538,0.20307,0.68610,0.17040,0.72682,0.13773,0.76753,0.11186,0.80825,0.08600,0.84896,0.06013,0.88957,0.04348,0.93019,0.02684,0.97081,0.01019
430,0.02346,0.87230,0.05877,0.82965,0.09408,0.78700,0.12939,0.74435,0.16918,0.70017,0.20896,0.65600,0.24875,0.61182,0.28595,0.56873,0.32316,0.52564,0.36036,0.48254,0.40108,0.43968,0.44180,0.39682,0.48251,0.35396,0.52323,0.31537,0.56395,0.27678,0.60467,0.23819,0.64539,0.20518,0.68611,0.17217,0.72683,0.13916,0.76754,0.11303,0.80825,0.08689,0.84896,0.06076,0.88958,0.04394,0.93019,0.02712,0.97081,0.01030
435,0.02347,0.88069,0.05878,0.83763,0.09409,0.79457,0.12939,0.75151,0.16919,0.70690,0.20899,0.66229,0.24878,0.61768,0.28598,0.57418,0.32317,0.53067,0.36037,0.48717,0.40109,0.44389,0.44181,0.40062,0.48252,0.35735,0.52324,0.31839,0.56396,0.27943,0.60468,0.24047,0.64540,0.20715,0.68611,0.17382,0.72683,0.14049,0.76754,0.11411,0.80825,0.08773,0.84896,0.06134,0.88958,0.04436,0.93019,0.02738,0.97081,0.01040
440,0.02349,0.88848,0.05879,0.84503,0.09410,0.80159,0.12940,0.75814,0.16920,0.71314,0.20901,0.66813,0.24881,0.62312,0.28600,0.57923,0.32319,0.53534,0.36038,0.49145,0.40110,0.44780,0.44182,0.40414,0.48253,0.36049,0.52325,0.32119,0.56397,0.28189,0.60468,0.24259,0.64540,0.20897,0.68612,0.17535,0.72684,0.14173,0.76755,0.11512,0.80826,0.08850,0.84897,0.06189,0.88958,0.04476,0.93019,0.02762,0.97081,0.01049
445,0.02351,0.89565,0.05880,0.85185,0.09410,0.80805,0.12940,0.76426,0.16921,0.71888,0.20902,0.67350,0.24883,0.62812,0.28602,0.58388,0.32321,0.53964,0.36039,0.49540,0.40111,0.45139,0.44182,0.40739,0.48254,0.36338,0.52326,0.32377,0.56397,0.28415,0.60469,0.24454,0.64541,0.21065,0.68612,0.17676,0.72684,0.14287,0.76755,0.11604,0.80826,0.08921,0.84897,0.06239,0.88958,0.04512,0.93020,0.02785,0.97081,0.01058
450,0.02352,0.90220,0.05882,0.85808,0.09411,0.81396,0.12941,0.76984,0.16922,0.72413,0.20904,0.67841,0.24886,0.63269,0.28604,0.58813,0.32322,0.54357,0.36040,0.49901,0.40112,0.45468,0.44183,0.41035,0.48255,0.36603,0.52326,0.32612,0.56398,0.28622,0.60470,0.24631,0.64541,0.21218,0.68613,0.17805,0.72685,0.14391,0.76755,0.11689,0.80826,0.08987,0.84897,0.06284,0.88958,0.04545,0.93020,0.02805,0.97081,0.01066
455,0.02353,0.90813,0.05883,0.86372,0.09412,0.81931,0.12941,0.77490,0.16923,0.72888,0.20906,0.68286,0.24888,0.63683,0.28606,0.59198,0.32323,0.54713,0.36041,0.50228,0.40112,0.45766,0.44184,0.41304,0.48255,0.36842,0.52327,0.32825,0.56399,0.28809,0.60470,0.24793,0.64542,0.21357,0.68613,0.17921,0.72685,0.14485,0.76756,0.11766,0.80826,0.09046,0.84897,0.06326,0.88958,0.04575,0.93020,0.02824,0.97081,0.01073
460,0.02354,0.91344,0.05883,0.86877,0.09412,0.82410,0.12941,0.77943,0.16924,0.73313,0.20907,0.68684,0.24890,0.64054,0.28607,0.59543,0.32324,0.55032,0.36041,0.50520,0.40113,0.46032,0.44185,0.41544,0.48256,0.37056,0.52328,0.33017,0.56399,0.28977,0.60471,0.24937,0.64542,0.21481,0.68614,0.18025,0.72685,0.14570,0.76756,0.11834,0.80827,0.09099,0.84897,0.06363,0.88959,0.04602,0.93020,0.02840,0.97081,0.01079
465,0.02355,0.91813,0.05884,0.87323,0.09413,0.82833,0.12942,0.78343,0.16925,0.73689,0.20908,0.69035,0.24891,0.64382,0.28608,0.59847,0.32325,0.55313,0.36042,0.50778,0.40114,0.46268,0.44185,0.41757,0.48257,0.37246,0.52328,0.33185,0.56399,0.29125,0.60471,0.25064,0.64542,0.21591,0.68614,0.18118,0.72686,0.14644,0.76756,0.11895,0.80827,0.09145,0.84897,0.06396,0.88959,0.04625,0.93020,0.02855,0.97081,0.01085
470,0.02356,0.92220,0.05885,0.87710,0.09413,0.83200,0.12942,0.78690,0.16926,0.74015,0.20909,0.69340,0.24893,0.64665,0.28609,0.60111,0.32326,0.55557,0.36043,0.51002,0.40114,0.46472,0.44186,0.41941,0.48257,0.37410,0.52328,0.33331,0.56400,0.29253,0.60471,0.25175,0.64543,0.21686,0.68614,0.18198,0.72686,0.14709,0.76756,0.11947,0.80827,0.09186,0.84898,0.06424,0.88959,0.04646,0.93020,0.02868,0.97081,0.01089
475,0.02357,0.92564,0.05885,0.88037,0.09414,0.83510,0.12942,0.78983,0.16926,0.74291,0.20910,0.69598,0.24894,0.64906,0.28610,0.60335,0.32327,0.55763,0.36043,0.51192,0.40115,0.46644,0.44186,0.42097,0.48257,0.37549,0.52329,0.33455,0.56400,0.29362,0.60472,0.25268,0.64543,0.21767,0.68614,0.18265,0.72686,0.14764,0.76757,0.11992,0.80827,0.09220,0.84898,0.06448,0.88959,0.04663,0.93020,0.02878,0.97081,0.01094
480,0.02358,0.92846,0.05886,0.88305,0.09414,0.83765,0.12942,0.79224,0.16927,0.74517,0.20911,0.69810,0.24895,0.65103,0.28611,0.60517,0.32327,0.55932,0.36044,0.51347,0.40115,0.46786,0.44186,0.42224,0.48258,0.37663,0.52329,0.33557,0.56400,0.29451,0.60472,0.25345,0.64543,0.21833,0.68615,0.18321,0.72686,0.14808,0.76757,0.12028,0.80827,0.09248,0.84898,0.06468,0.88959,0.04677,0.93020,0.02887,0.97081,0.01097
485,0.02358,0.93065,0.05886,0.88514,0.09414,0.83962,0.12942,0.79411,0.16927,0.74692,0.20911,0.69974,0.24896,0.65256,0.28612,0.60660,0.32328,0.56064,0.36044,0.51468,0.40115,0.46896,0.44187,0.42323,0.48258,0.37751,0.52329,0.33636,0.56401,0.29520,0.60472,0.25404,0.64543,0.21884,0.68615,0.18364,0.72686,0.14843,0.76757,0.12057,0.80827,0.09270,0.84898,0.06483,0.88959,0.04689,0.93020,0.02894,0.97081,0.01100
490,0.02358,0.93222,0.05886,0.88663,0.09415,0.84104,0.12943,0.79545,0.16927,0.74818,0.20912,0.70092,0.24896,0.65365,0.28612,0.60762,0.32328,0.56158,0.36044,0.51554,0.40115,0.46974,0.44187,0.42394,0.48258,0.37814,0.52329,0.33692,0.56401,0.29569,0.60472,0.25447,0.64544,0.21921,0.68615,0.18394,0.72686,0.14868,0.76757,0.12077,0.80827,0.09285,0.84898,0.06494,0.88959,0.04696,0.93020,0.02899,0.97081,0.01101
495,0.02359,0.93316,0.05887,0.88752,0.09415,0.84189,0.12943,0.79625,0.16927,0.74893,0.20912,0.70162,0.24897,0.65431,0.28613,0.60823,0.32328,0.56214,0.36044,0.51606,0.40116,0.47022,0.44187,0.42437,0.48258,0.37852,0.52330,0.33726,0.56401,0.29599,0.60472,0.25472,0.64544,0.21943,0.68615,0.18413,0.72686,0.14883,0.76757,0.12089,0.80827,0.09295,0.84898,0.06501,0.88959,0.04701,0.93020,0.02902,0.97081,0.01103
500,0.02359,0.93348,0.05887,0.88782,0.09415,0.84217,0.12943,0.79652,0.16927,0.74919,0.20912,0.70186,0.24897,0.65453,0.28613,0.60843,0.32328,0.56233,0.36044,0.51624,0.40116,0.47037,0.44187,0.42451,0.48258,0.37865,0.52330,0.33737,0.56401,0.29609,0.60472,0.25481,0.64544,0.21950,0.68615,0.18419,0.72686,0.14888,0.76757,0.12093,0.80827,0.09298,0.84898,0.06503,0.88959,0.04703,0.93020,0.02903,0.97081,0.01103
505,0.02359,0.93317,0.05887,0.88753,0.09415,0.84189,0.12943,0.79625,0.16927,0.74894,0.20912,0.70162,0.24897,0.65431,0.28613,0.60823,0.32328,0.56215,0.36044,0.51606,0.40116,0.47022,0.44187,0.42437,0.48258,0.37853,0.52330,0.33726,0.56401,0.29599,0.60472,0.25473,0.64544,0.21943,0.68615,0.18413,0.72686,0.14883,0.76757,0.12089,0.80827,0.09295,0.84898,0.06501,0.88959,0.04701,0.93020,0.02902,0.97081,0.01103
510,0.02358,0.93223,0.05886,0.88663,0.09415,0.84104,0.12943,0.79545,0.16927,0.74818,0.20912,0.70092,0.24896,0.65365,0.28612,0.60762,0.32328,0.56158,0.36044,0.51555,0.40115,0.46975,0.44187,0.42395,0.48258,0.37815,0.52329,0.33692,0.56401,0.29570,0.60472,0.25447,0.64544,0.21921,0.68615,0.18395,0.72686,0.14868,0.76757,0.12077,0.80827,0.09285,0.84898,0.06494,0.88959,0.04697,0.93020,0.02899,0.97081,0.01101
515,0.02358,0.93066,0.05886,0.88515,0.09414,0.83963,0.12942,0.79412,0.16927,0.74693,0.20911,0.69975,0.24896,0.65256,0.28612,0.60660,0.32328,0.56064,0.36044,0.51469,0.40115,0.46896,0.44187,0.42324,0.48258,0.37751,0.52329,0.33636,0.56401,0.29520,0.60472,0.25405,0.64543,0.21884,0.68615,0.18364,0.72686,0.14843,0.76757,0.12057,0.80827,0.09270,0.84898,0.06483,0.88959,0.04689,0.93020,0.02894,0.97081,0.01100
520,0.02358,0.92847,0.05886,0.88306,0.09414,0.83765,0.12942,0.79225,0.16927,0.74518,0.20911,0.69810,0.24895,0.65103,0.28611,0.60518,0.32327,0.55933,0.36044,0.51348,0.40115,0.46786,0.44186,0.42225,0.48258,0.37663,0.52329,0.33557,0.56400,0.29451,0.60472,0.25345,0.64543,0.21833,0.68615,0.18321,0.72686,0.14809,0.76757,0.12028,0.80827,0.09248,0.84898,0.06468,0.88959,0.04678,0.93020,0.02887,0.97081,0.01097
525,0.02357,0.92565,0.05885,0.88038,0.09414,0.83512,0.12942,0.78985,0.16926,0.74292,0.20910,0.69599,0.24894,0.64907,0.28610,0.60335,0.32327,0.55764,0.36043,0.51193,0.40115,0.46645,0.44186,0.42097,0.48257,0.37549,0.52329,0.33456,0.56400,0.29362,0.60472,0.25269,0.64543,0.21767,0.68614,0.18265,0.72686,0.14764,0.76757,0.11992,0.80827,0.09220,0.84898,0.06448,0.88959,0.04663,0.93020,0.02878,0.97081,0.01094
530,0.02356,0.92221,0.05885,0.87711,0.09413,0.83201,0.12942,0.78691,0.16926,0.74016,0.20909,0.69341,0.24893,0.64667,0.28609,0.60112,0.32326,0.55558,0.36043,0.51003,0.40114,0.46472,0.44186,0.41941,0.48257,0.37410,0.52328,0.33332,0.56400,0.29254,0.60471,0.25175,0.64543,0.21686,0.68614,0.18198,0.72686,0.14709,0.76756,0.11948,0.80827,0.09186,0.84898,0.06424,0.88959,0.04646,0.93020,0.02868,0.97081,0.01089
535,0.02355,0.91815,0.05884,0.87325,0.09413,0.82835,0.12942,0.78345,0.16925,0.73691,0.20908,0.69037,0.24891,0.64383,0.28608,0.59848,0.32325,0.55314,0.36042,0.50779,0.40114,0.46268,0.44185,0.41757,0.48257,0.37246,0.52328,0.33186,0.56399,0.29125,0.60471,0.25065,0.64542,0.21591,0.68614,0.18118,0.72686,0.14645,0.76756,0.11895,0.80827,0.09145,0.84897,0.06396,0.88959,0.04625,0.93020,0.02855,0.97081,0.01085
540,0.02354,0.91346,0.05883,0.86879,0.09412,0.82412,0.12941,0.77945,0.16924,0.73315,0.20907,0.68685,0.24890,0.64056,0.28607,0.59544,0.32324,0.55033,0.36041,0.50521,0.40113,0.46033,0.44185,0.41545,0.48256,0.37057,0.52328,0.33017,0.56399,0.28977,0.60471,0.24937,0.64542,0.21482,0.68614,0.18026,0.72685,0.14570,0.76756,0.11834,0.80827,0.09099,0.84897,0.06363,0.88959,0.04602,0.93020,0.02840,0.97081,0.01079
545,0.02353,0.90815,0.05883,0.86374,0.09412,0.81933,0.12941,0.77492,0.16923,0.72890,0.20906,0.68287,0.24888,0.63685,0.28606,0.59200,0.32323,0.54714,0.36041,0.50229,0.40112,0.45767,0.44184,0.41305,0.48255,0.36843,0.52327,0.32826,0.56399,0.28810,0.60470,0.24793,0.64542,0.21357,0.68613,0.17922,0.72685,0.14486,0.76756,0.11766,0.80826,0.09046,0.84897,0.06326,0.88958,0.04575,0.93020,0.02824,0.97081,0.01073
550,0.02352,0.90222,0.05882,0.85810,0.09411,0.81398,0.12941,0.76986,0.16922,0.72415,0.20904,0.67843,0.24886,0.63271,0.28604,0.58815,0.32322,0.54359,0.36040,0.49902,0.40112,0.45469,0.44183,0.41037,0.48255,0.36604,0.52326,0.32613,0.56398,0.28623,0.60470,0.24632,0.64541,0.21219,0.68613,0.17805,0.72685,0.14392,0.76755,0.11689,0.80826,0.08987,0.84897,0.06285,0.88958,0.04545,0.93020,0.02805,0.97081,0.01066
555,0.02351,0.89567,0.05880,0.85188,0.09410,0.80808,0.12940,0.76428,0.16921,0.71890,0.20902,0.67352,0.24883,0.62814,0.28602,0.58390,0.32321,0.53966,0.36039,0.49542,0.40111,0.45141,0.44182,0.40740,0.48254,0.36339,0.52326,0.32378,0.56397,0.28416,0.60469,0.24454,0.64541,0.21065,0.68612,0.17676,0.72684,0.14288,0.76755,0.11605,0.80826,0.08922,0.84897,0.06239,0.88958,0.04512,0.93020,0.02785,0.97081,0.01058
560,0.02349,0.88851,0.05879,0.84506,0.09410,0.80162,0.12940,0.75817,0.16920,0.71316,0.20901,0.66815,0.24881,0.62314,0.28600,0.57925,0.32319,0.53536,0.36038,0.49147,0.40110,0.44781,0.44182,0.40416,0.48253,0.36050,0.52325,0.32120,0.56397,0.28190,0.60468,0.24260,0.64540,0.20898,0.68612,0.17536,0.72684,0.14174,0.76755,0.11512,0.80826,0.08851,0.84897,0.06189,0.88958,0.04476,0.93019,0.02763,0.97081,0.01049
565,0.02347,0.88073,0.05878,0.83766,0.09409,0.79460,0.12939,0.75154,0.16919,0.70693,0.20899,0.66232,0.24878,0.61771,0.28598,0.57420,0.32317,0.53069,0.36037,0.48719,0.40109,0.44391,0.44181,0.40063,0.48252,0.35736,0.52324,0.31840,0.56396,0.27944,0.60468,0.24048,0.64540,0.20716,0.68611,0.17383,0.72683,0.14050,0.76754,0.11412,0.80825,0.08773,0.84896,0.06135,0.88958,0.04436,0.93019,0.02738,0.97081,0.01040
570,0.02346,0.87233,0.05877,0.82968,0.09408,0.78703,0.12939,0.74438,0.16918,0.70020,0.20896,0.65602,0.24875,0.61185,0.28595,0.56875,0.32316,0.52566,0.36036,0.48256,0.40108,0.43970,0.44180,0.39683,0.48251,0.35397,0.52323,0.31538,0.56395,0.27679,0.60467,0.23820,0.64539,0.20519,0.68611,0.17218,0.72683,0.13917,0.76754,0.11303,0.80825,0.08690,0.84896,0.06076,0.88958,0.04394,0.93019,0.02712,0.97081,0.01030
575,0.02344,0.86332,0.05875,0.82111,0.09407,0.77891,0.12938,0.73670,0.16916,0.69299,0.20894,0.64927,0.24872,0.60556,0.28593,0.56291,0.32314,0.52026,0.36035,0.47760,0.40107,0.43518,0.44178,0.39276,0.48250,0.35034,0.52322,0.31214,0.56394,0.27395,0.60466,0.23576,0.64538,0.20308,0.68610,0.17041,0.72682,0.13774,0.76753,0.11187,0.80825,0.08600,0.84896,0.06013,0.88957,0.04349,0.93019,0.02684,0.97081,0.01019
580,0.02342,0.85371,0.05874,0.81197,0.09406,0.77023,0.12938,0.72850,0.16915,0.68528,0.20892,0.64207,0.24869,0.59885,0.28590,0.55667,0.32312,0.51449,0.36033,0.47231,0.40105,0.43036,0.44177,0.38840,0.48249,0.34645,0.52321,0.30869,0.56393,0.27092,0.60465,0.23315,0.64538,0.20083,0.68610,0.16852,0.72682,0.13621,0.76753,0.11063,0.80824,0.08504,0.84895,0.05946,0.88957,0.04300,0.93019,0.02654,0.97081,0.01008
585,0.02339,0.84348,0.05872,0.80225,0.09405,0.76102,0.12937,0.71978,0.16913,0.67709,0.20889,0.63440,0.24865,0.59172,0.28587,0.55004,0.32310,0.50836,0.36032,0.46668,0.40104,0.42523,0.44176,0.38378,0.48248,0.34233,0.52320,0.30501,0.56392,0.26769,0.60465,0.23037,0.64537,0.19844,0.68609,0.16651,0.72681,0.13458,0.76753,0.10931,0.80824,0.08403,0.84895,0.05875,0.88957,0.04248,0.93019,0.02622,0.97081,0.00996
590,0.02337,0.83266,0.05870,0.79195,0.09403,0.75125,0.12936,0.71055,0.16911,0.66842,0.20886,0.62629,0.24861,0.58416,0.28584,0.54301,0.32307,0.50186,0.36030,0.46071,0.40103,0.41979,0.44175,0.37888,0.48247,0.33796,0.52319,0.30112,0.56391,0.26427,0.60464,0.22743,0.64536,0.19591,0.68608,0.16439,0.72681,0.13286,0.76752,0.10791,0.80823,0.08295,0.84895,0.05799,0.88957,0.04194,0.93019,0.02588,0.97080,0.00983
595,0.02335,0.82123,0.05868,0.78109,0.09402,0.74094,0.12936,0.70080,0.16910,0.65926,0.20883,0.61772,0.24857,0.57618,0.28581,0.53559,0.32305,0.49501,0.36029,0.45442,0.40101,0.41406,0.44173,0.37370,0.48246,0.33334,0.52318,0.29701,0.56390,0.26067,0.60463,0.22433,0.64535,0.19323,0.68608,0.16214,0.72680,0.13105,0.76751,0.10643,0.80823,0.08181,0.84894,0.05719,0.88956,0.04136,0.93018,0.02553,0.97080,0.00969
600,0.02332,0.80920,0.05866,0.76965,0.09401,0.73010,0.12935,0.69055,0.16908,0.64963,0.20880,0.60871,0.24853,0.56779,0.28578,0.52779,0.32302,0.48779,0.36027,0.44779,0.40100,0.40803,0.44172,0.36826,0.48244,0.32849,0.52317,0.29268,0.56389,0.25687,0.60462,0.22106,0.64534,0.19042,0.68607,0.15978,0.72679,0.12914,0.76751,0.10488,0.80822,0.08062,0.84894,0.05635,0.88956,0.04075,0.93018,0.02515,0.97080,0.00955
605,0.02329,0.79658,0.05864,0.75764,0.09399,0.71871,0.12934,0.67978,0.16906,0.63951,0.20877,0.59924,0.24848,0.55897,0.28574,0.51960,0.32300,0.48022,0.36025,0.44084,0.40098,0.40169,0.44170,0.36254,0.48243,0.32339,0.52316,0.28814,0.56388,0.25289,0.60461,0.21763,0.64533,0.18746,0.68606,0.15730,0.72678,0.12713,0.76750,0.10325,0.80822,0.07936,0.84894,0.05547,0.88956,0.04012,0.93018,0.02476,0.97080,0.00940
610,0.02326,0.78336,0.05862,0.74508,0.09398,0.70679,0.12933,0.66851,0.16904,0.62892,0.20874,0.58934,0.24844,0.54975,0.28570,0.51102,0.32297,0.47229,0.36024,0.43356,0.40096,0.39506,0.44169,0.35656,0.48242,0.31806,0.52314,0.28339,0.56387,0.24871,0.60460,0.21404,0.64532,0.18437,0.68605,0.15470,0.72678,0.12503,0.76750,0.10154,0.80821,0.07804,0.84893,0.05455,0.88956,0.03945,0.93018,0.02435,0.97080,0.00924
615,0.02323,0.76955,0.05860,0.73195,0.09396,0.69434,0.12933,0.65674,0.16901,0.61786,0.20870,0.57899,0.24839,0.54011,0.28566,0.50206,0.32294,0.46401,0.36022,0.42596,0.40094,0.38814,0.44167,0.35031,0.48240,0.31249,0.52313,0.27842,0.56386,0.24436,0.60458,0.21029,0.64531,0.18114,0.68604,0.15199,0.72677,0.12284,0.76749,0.09975,0.80821,0.07667,0.84893,0.05359,0.88955,0.03875,0.93018,0.02392,0.97080,0.00908
620,0.02320,0.75516,0.05857,0.71826,0.09395,0.68136,0.12932,0.64447,0.16899,0.60633,0.20866,0.56820,0.24834,0.53007,0.28562,0.49272,0.32291,0.45538,0.36020,0.41803,0.40093,0.38091,0.44166,0.34380,0.48238,0.30668,0.52311,0.27325,0.56384,0.23981,0.60457,0.20638,0.64530,0.17777,0.68603,0.14916,0.72676,0.12055,0.76748,0.09790,0.80820,0.07524,0.84892,0.05258,0.88955,0.03802,0.93017,0.02347,0.97080,0.00891
625,0.02317,0.74019,0.05855,0.70402,0.09393,0.66786,0.12931,0.63170,0.16897,0.59434,0.20863,0.55698,0.24829,0.51962,0.28558,0.48301,0.32288,0.44640,0.36018,0.40979,0.40091,0.37340,0.44164,0.33702,0.48237,0.30063,0.52310,0.26786,0.56383,0.23509,0.60456,0.20232,0.64529,0.17427,0.68602,0.14622,0.72675,0.11817,0.76747,0.09596,0.80820,0.07375,0.84892,0.05154,0.88955,0.03727,0.93017,0.02300,0.97080,0.00873
630,0.02314,0.72463,0.05852,0.68923,0.09391,0.65383,0.12930,0.61843,0.16894,0.58188,0.20859,0.54532,0.24823,0.50876,0.28554,0.47291,0.32285,0.43707,0.36015,0.40122,0.40089,0.36560,0.44162,0.32998,0.48235,0.29436,0.52308,0.26227,0.56381,0.23018,0.60455,0.19809,0.64528,0.17063,0.68601,0.14316,0.72674,0.11570,0.76747,0.09395,0.80819,0.07220,0.84891,0.05045,0.88954,0.03648,0.93017,0.02251,0.97080,0.00855
635,0.02310,0.70850,0.05850,0.67389,0.09389,0.63929,0.12929,0.60468,0.16892,0.56895,0.20855,0.53323,0.24817,0.49750,0.28549,0.46245,0.32281,0.42739,0.36013,0.39234,0.40087,0.35751,0.44160,0.32268,0.48233,0.28785,0.52307,0.25647,0.56380,0.22509,0.60453,0.19371,0.64527,0.16685,0.68600,0.14000,0.72673,0.11314,0.76746,0.09187,0.80818,0.07060,0.84891,0.04933,0.88954,0.03567,0.93017,0.02201,0.97080,0.00835
640,0.02307,0.69180,0.05847,0.65801,0.09387,0.62423,0.12928,0.59044,0.16889,0.55558,0.20850,0.52071,0.24811,0.48584,0.28545,0.45161,0.32278,0.41737,0.36011,0.38314,0.40084,0.34913,0.44158,0.31512,0.48231,0.28110,0.52305,0.25046,0.56378,0.21982,0.60452,0.18918,0.64525,0.16295,0.68599,0.13672,0.72672,0.11049,0.76745,0.08971,0.80818,0.06894,0.84890,0.04816,0.88953,0.03483,0.93017,0.02149,0.97080,0.00816
645,0.02303,0.67453,0.05844,0.64159,0.09385,0.60866,0.12927,0.57572,0.16886,0.54174,0.20846,0.50777,0.24805,0.47379,0.28540,0.44041,0.32274,0.40702,0.36009,0.37363,0.40082,0.34046,0.44156,0.30730,0.48229,0.27413,0.52303,0.24425,0.56377,0.21437,0.60450,0.18449,0.64524,0.15890,0.68598,0.13332,0.72671,0.10774,0.76744,0.08748,0.80817,0.06722,0.84890,0.04696,0.88953,0.03395,0.93016,0.02095,0.97080,0.00795
650,0.02299,0.65670,0.05841,0.62464,0.09383,0.59258,0.12926,0.56051,0.16883,0.52746,0.20841,0.49440,0.24799,0.46135,0.28535,0.42884,0.32270,0.39632,0.36006,0.36381,0.40080,0.33152,0.44154,0.29923,0.48228,0.26694,0.52301,0.23784,0.56375,0.20874,0.60449,0.17964,0.64523,0.15473,0.68597,0.12982,0.72670,0.10491,0.76743,0.08518,0.80816,0.06544,0.84889,0.04571,0.88953,0.03305,0.93016,0.02040,0.97079,0.00774
655,0.02295,0.63831,0.05838,0.60715,0.09381,0.57599,0.12925,0.54483,0.16881,0.51273,0.20837,0.48062,0.24793,0.44851,0.28530,0.41690,0.32267,0.38529,0.36004,0.35368,0.40078,0.32229,0.44152,0.29091,0.48225,0.25952,0.52299,0.23123,0.56373,0.20294,0.60447,0.17465,0.64521,0.15043,0.68595,0.12621,0.72669,0.10199,0.76742,0.08280,0.80816,0.06361,0.84889,0.04443,0.88952,0.03213,0.93016,0.01982,0.97079,0.00752
660,0.02291,0.61937,0.05835,0.58914,0.09379,0.55891,0.12923,0.52868,0.16878,0.49755,0.20832,0.46642,0.24786,0.43529,0.28524,0.40461,0.32263,0.37393,0.36001,0.34325,0.40075,0.31279,0.44149,0.28233,0.48223,0.25187,0.52297,0.22442,0.56372,0.19696,0.60446,0.16951,0.64520,0.14600,0.68594,0.12249,0.72668,0.09898,0.76742,0.08035,0.80815,0.06173,0.84888,0.04311,0.88952,0.03117,0.93015,0.01923,0.97079,0.00730
665,0.02287,0.59988,0.05832,0.57061,0.09377,0.54133,0.12922,0.51206,0.16874,0.48194,0.20827,0.45181,0.24779,0.42169,0.28519,0.39196,0.32259,0.36224,0.35998,0.33252,0.40073,0.30301,0.44147,0.27351,0.48221,0.24400,0.52295,0.21741,0.56370,0.19081,0.60444,0.16421,0.64518,0.14144,0.68593,0.11866,0.72667,0.09588,0.76741,0.07784,0.80814,0.05979,0.84888,0.04174,0.88951,0.03018,0.93015,0.01862,0.97079,0.00706
670,0.02282,0.57985,0.05829,0.55156,0.09375,0.52327,0.12921,0.49498,0.16871,0.46589,0.20822,0.43679,0.24772,0.40770,0.28513,0.37896,0.32254,0.35022,0.35996,0.32148,0.40070,0.29296,0.44144,0.26444,0.48219,0.23592,0.52293,0.21020,0.56368,0.18449,0.60442,0.15877,0.64517,0.13675,0.68591,0.11472,0.72666,0.09270,0.76740,0.07525,0.80813,0.05780,0.84887,0.04035,0.88951,0.02917,0.93015,0.01800,0.97079,0.00683
675,0.02278,0.55927,0.05825,0.53199,0.09373,0.50471,0.12920,0.47743,0.16868,0.44940,0.20816,0.42137,0.24765,0.39334,0.28507,0.36561,0.32250,0.33788,0.35993,0.31015,0.40067,0.28264,0.44142,0.25512,0.48217,0.22761,0.52291,0.20280,0.56366,0.17799,0.60441,0.15318,0.64515,0.13193,0.68590,0.11068,0.72665,0.08943,0.76739,0.07259,0.80812,0.05575,0.84886,0.03891,0.88950,0.02813,0.93015,0.01736,0.97079,0.00658
680,0.02273,0.53816,0.05822,0.51192,0.09370,0.48567,0.12918,0.45943,0.16865,0.43249,0.20811,0.40555,0.24757,0.37861,0.28501,0.35191,0.32246,0.32522,0.35990,0.29853,0.40065,0.27205,0.44139,0.24557,0.48214,0.21909,0.52289,0.19521,0.56364,0.17133,0.60439,0.14745,0.64514,0.12699,0.68589,0.10653,0.72664,0.08608,0.76738,0.06986,0.80812,0.05365,0.84886,0.03744,0.88950,0.02707,0.93014,0.01670,0.97079,0.00633
685,0.02269,0.51652,0.05818,0.49134,0.09368,0.46616,0.12917,0.44098,0.16861,0.41516,0.20805,0.38933,0.24749,0.36351,0.28495,0.33787,0.32241,0.31224,0.35987,0.28661,0.40062,0.26119,0.44137,0.23577,0.48212,0.21036,0.52287,0.18743,0.56362,0.16450,0.60437,0.14157,0.64512,0.12193,0.68587,0.10228,0.72662,0.08264,0.76737,0.06707,0.80811,0.05150,0.84885,0.03593,0.88949,0.02598,0.93014,0.01602,0.97079,0.00607
690,0.02264,0.49436,0.05815,0.47027,0.09365,0.44618,0.12916,0.42208,0.16858,0.39740,0.20800,0.37272,0.24742,0.34804,0.28489,0.32349,0.32236,0.29895,0.35984,0.27440,0.40059,0.25007,0.44134,0.22574,0.48209,0.20141,0.52285,0.17946,0.56360,0.15751,0.60435,0.13555,0.64510,0.11674,0.68586,0.09793,0.72661,0.07912,0.76735,0.06420,0.80810,0.04929,0.84884,0.03438,0.88949,0.02486,0.93014,0.01533,0.97078,0.00581
695,0.02259,0.47168,0.05811,0.44870,0.09363,0.42572,0.12914,0.40274,0.16854,0.37923,0.20794,0.35572,0.24734,0.33221,0.28483,0.30878,0.32232,0.28534,0.35981,0.26191,0.40056,0.23869,0.44132,0.21548,0.48207,0.19226,0.52282,0.17130,0.56358,0.15035,0.60433,0.12939,0.64509,0.11143,0.68584,0.09347,0.72660,0.07551,0.76734,0.06128,0.80809,0.04704,0.84884,0.03280,0.88948,0.02371,0.93013,0.01463,0.97078,0.00554
700,0.02254,0.44849,0.05807,0.42665,0.09360,0.40481,0.12913,0.38297,0.16850,0.36065,0.20788,0.33833,0.24725,0.31602,0.28476,0.29373,0.32227,0.27143,0.35977,0.24914,0.40053,0.22706,0.44129,0.20498,0.48204,0.18290,0.52280,0.16296,0.56356,0.14303,0.60431,0.12310,0.64507,0.10601,0.68583,0.08892,0.72658,0.07183,0.76733,0.05828,0.80808,0.04473,0.84883,0.03118,0.88948,0.02254,0.93013,0.01390,0.97078,0.00526
705,0.02249,0.42479,0.05803,0.40411,0.09357,0.38343,0.12912,0.36276,0.16847,0.34166,0.20782,0.32057,0.24717,0.29948,0.28469,0.27835,0.32222,0.25722,0.35974,0.23609,0.40050,0.21517,0.44126,0.19425,0.48202,0.17333,0.52278,0.15444,0.56353,0.13555,0.60429,0.11666,0.64505,0.10046,0.68581,0.08426,0.72657,0.06806,0.76732,0.05522,0.80807,0.04237,0.84882,0.02952,0.88947,0.02134,0.93013,0.01316,0.97078,0.00498
710,0.02244,0.40058,0.05799,0.38110,0.09355,0.36161,0.12910,0.34212,0.16843,0.32228,0.20776,0.30243,0.24708,0.28258,0.28463,0.26264,0.32217,0.24270,0.35971,0.22276,0.40047,0.20303,0.44123,0.18329,0.48199,0.16356,0.52275,0.14574,0.56351,0.12791,0.60427,0.11009,0.64503,0.09480,0.68579,0.07951,0.72656,0.06422,0.76731,0.05209,0.80806,0.03996,0.84881,0.02784,0.88947,0.02012,0.93012,0.01241,0.97078,0.00469
715,0.02238,0.37589,0.05795,0.35761,0.09352,0.33934,0.12909,0.32106,0.16839,0.30249,0.20769,0.28392,0.24700,0.26535,0.28456,0.24662,0.32212,0.22789,0.35967,0.20916,0.40044,0.19064,0.44120,0.17211,0.48196,0.15359,0.52273,0.13686,0.56349,0.12012,0.60425,0.10338,0.64501,0.08902,0.68578,0.07466,0.72654,0.06030,0.76730,0.04890,0.80805,0.03751,0.84881,0.02611,0.88946,0.01887,0.93012,0.01164,0.97078,0.00440
720,0.02233,0.35070,0.05791,0.33366,0.09349,0.31662,0.12907,0.29959,0.16835,0.28231,0.20763,0.26504,0.24691,0.24777,0.28449,0.23027,0.32206,0.21278,0.35964,0.19529,0.40041,0.17800,0.44117,0.16071,0.48194,0.14343,0.52270,0.12780,0.56347,0.11217,0.60423,0.09654,0.64500,0.08312,0.68576,0.06971,0.72653,0.05629,0.76728,0.04565,0.80804,0.03500,0.84880,0.02435,0.88946,0.01760,0.93012,0.01085,0.97077,0.00410
725,0.02227,0.32503,0.05787,0.30926,0.09346,0.29348,0.12905,0.27770,0.16831,0.26175,0.20756,0.24580,0.24682,0.22985,0.28441,0.21362,0.32201,0.19738,0.35960,0.18115,0.40037,0.16512,0.44114,0.14909,0.48191,0.13307,0.52267,0.11857,0.56344,0.10407,0.60421,0.08957,0.64498,0.07712,0.68574,0.06467,0.72651,0.05222,0.76727,0.04233,0.80803,0.03245,0.84879,0.02256,0.88945,0.01631,0.93011,0.01005,0.97077,0.00380
730,0.02222,0.29889,0.05782,0.28439,0.09343,0.26990,0.12904,0.25541,0.16827,0.24081,0.20750,0.22620,0.24673,0.21160,0.28434,0.19665,0.32195,0.18170,0.35957,0.16675,0.40034,0.15201,0.44111,0.13726,0.48188,0.12251,0.52265,0.10917,0.56342,0.09582,0.60419,0.08247,0.64496,0.07100,0.68573,0.05953,0.72650,0.04806,0.76726,0.03895,0.80802,0.02985,0.84878,0.02074,0.88945,0.01499,0.93011,0.00924,0.97077,0.00349
735,0.02216,0.27227,0.05778,0.25909,0.09340,0.24590,0.12902,0.23271,0.16823,0.21948,0.20743,0.20626,0.24663,0.19303,0.28427,0.17938,0.32190,0.16574,0.35953,0.15209,0.40030,0.13865,0.44108,0.12521,0.48185,0.11177,0.52262,0.09959,0.56339,0.08742,0.60416,0.07524,0.64494,0.06477,0.68571,0.05430,0.72648,0.04383,0.76725,0.03552,0.80801,0.02720,0.84877,0.01888,0.88944,0.01364,0.93010,0.00841,0.97077,0.00317
740,0.02210,0.24520,0.05774,0.23334,0.09337,0.22148,0.12901,0.20962,0.16818,0.19779,0.20736,0.18596,0.24654,0.17413,0.28419,0.16181,0.32184,0.14950,0.35949,0.13718,0.40027,0.12507,0.44104,0.11296,0.48182,0.10084,0.52259,0.08986,0.56337,0.07887,0.60414,0.06789,0.64492,0.05843,0.68569,0.04898,0.72647,0.03953,0.76723,0.03202,0.80800,0.02450,0.84877,0.01699,0.88943,0.01228,0.93010,0.00756,0.97077,0.00285
745,0.02204,0.21766,0.05769,0.20715,0.09334,0.19665,0.12899,0.18614,0.16814,0.17573,0.20729,0.16532,0.24644,0.15491,0.28411,0.14395,0.32178,0.13298,0.35946,0.12202,0.40023,0.11125,0.44101,0.10049,0.48179,0.08973,0.52256,0.07995,0.56334,0.07018,0.60412,0.06041,0.64490,0.05199,0.68567,0.04357,0.72645,0.03516,0.76722,0.02846,0.80799,0.02176,0.84876,0.01507,0.88943,0.01089,0.93010,0.00670,0.97077,0.00252
750,0.02198,0.18967,0.05765,0.18054,0.09331,0.17141,0.12897,0.16228,0.16809,0.15331,0.20722,0.14434,0.24634,0.13538,0.28403,0.12579,0.32173,0.11620,0.35942,0.10660,0.40020,0.09721,0.44098,0.08782,0.48176,0.07843,0.52254,0.06989,0.56331,0.06135,0.60409,0.05281,0.64487,0.04544,0.68565,0.03808,0.72643,0.03071,0.76721,0.02485,0.80798,0.01898,0.84875,0.01311,0.88942,0.00947,0.93009,0.00583,0.97076,0.00219
755,0.02192,0.16125,0.05760,0.15351,0.09328,0.14577,0.12895,0.13804,0.16805,0.13054,0.20714,0.12304,0.24624,0.11553,0.28395,0.10734,0.32167,0.09914,0.35938,0.09095,0.40016,0.08295,0.44094,0.07495,0.48172,0.06696,0.52251,0.05967,0.56329,0.05238,0.60407,0.04509,0.64485,0.03879,0.68563,0.03249,0.72642,0.02619,0.76719,0.02117,0.80797,0.01615,0.84874,0.01113,0.88941,0.00804,0.93009,0.00494,0.97076,0.00185
760,0.02186,0.13238,0.05755,0.12606,0.09324,0.11974,0.12894,0.11343,0.16800,0.10741,0.20707,0.10140,0.24614,0.09539,0.28387,0.08861,0.32161,0.08183,0.35934,0.07505,0.40012,0.06847,0.44091,0.06189,0.48169,0.05531,0.52248,0.04929,0.56326,0.04327,0.60405,0.03725,0.64483,0.03203,0.68562,0.02682,0.72640,0.02161,0.76718,0.01744,0.80795,0.01328,0.84873,0.00912,0.88941,0.00658,0.93008,0.00404,0.97076,0.00151
765,0.02180,0.10309,0.05750,0.09821,0.09321,0.09333,0.12892,0.08845,0.16796,0.08395,0.20700,0.07944,0.24603,0.07494,0.28379,0.06960,0.32154,0.06426,0.35930,0.05892,0.40009,0.05377,0.44087,0.04863,0.48166,0.04348,0.52245,0.03875,0.56323,0.03402,0.60402,0.02929,0.64481,0.02518,0.68560,0.02107,0.72638,0.01695,0.76716,0.01366,0.80794,0.01037,0.84872,0.00707,0.88940,0.00510,0.93008,0.00313,0.97076,0.00116
770,0.02173,0.07337,0.05745,0.06995,0.09318,0.06653,0.12890,0.06311,0.16791,0.06014,0.20692,0.05717,0.24593,0.05420,0.28371,0.05032,0.32148,0.04644,0.35926,0.04255,0.40005,0.03887,0.44084,0.03518,0.48163,0.03149,0.52242,0.02807,0.56321,0.02464,0.60400,0.02122,0.64479,0.01823,0.68558,0.01523,0.72637,0.01223,0.76715,0.00982,0.80793,0.00741,0.84871,0.00500,0.88939,0.00360,0.93008,0.00220,0.97076,0.00081
775,0.02167,0.04324,0.05740,0.04130,0.09314,0.03936,0.12888,0.03742,0.16786,0.03600,0.20684,0.03459,0.24582,0.03317,0.28362,0.03077,0.32142,0.02836,0.35922,0.02596,0.40001,0.02375,0.44080,0.02154,0.48159,0.01933,0.52239,0.01723,0.56318,0.01514,0.60397,0.01304,0.64476,0.01117,0.68556,0.00931,0.72635,0.00745,0.76713,0.00593,0.80792,0.00441,0.84870,0.00289,0.88939,0.00208,0.93007,0.00126,0.97076,0.00045
780,0.02160,0.01271,0.05735,0.01226,0.09311,0.01182,0.12886,0.01138,0.16781,0.01154,0.20676,0.01170,0.24571,0.01186,0.28353,0.01095,0.32135,0.01005,0.35917,0.00914,0.39997,0.00843,0.44076,0.00772,0.48156,0.00700,0.52235,0.00625,0.56315,0.00550,0.60394,0.00475,0.64474,0.00403,0.68554,0.00331,0.72633,0.00260,0.76712,0.00198,0.80791,0.00137,0.84869,0.00076,0.88938,0.00054,0.93007,0.00031,0.97075,0.00008
785,0.02153,-0.01823,0.05730,-0.01715,0.09307,-0.01608,0.12884,-0.01500,0.16776,-0.01324,0.20668,-0.01149,0.24560,-0.00973,0.28345,-0.00912,0.32129,-0.00851,0.35913,-0.00789,0.39993,-0.00709,0.44073,-0.00629,0.48153,-0.00548,0.52232,-0.00487,0.56312,-0.00427,0.60392,-0.00366,0.64472,-0.00321,0.68552,-0.00277,0.72631,-0.00232,0.76710,-0.00201,0.80789,-0.00170,0.84868,-0.00140,0.88937,-0.00103,0.93006,-0.00065,0.97075,-0.00028
790,0.02147,-0.04956,0.05725,-0.04694,0.09304,-0.04433,0.12883,-0.04171,0.16772,-0.03834,0.20660,-0.03497,0.24549,-0.03160,0.28336,-0.02945,0.32122,-0.02730,0.35909,-0.02515,0.39989,-0.02281,0.44069,-0.02047,0.48149,-0.01813,0.52229,-0.01614,0.56309,-0.01415,0.60389,-0.01216,0.64469,-0.01054,0.68549,-0.00892,0.72630,-0.00730,0.76709,-0.00606,0.80788,-0.00482,0.84867,-0.00358,0.88937,-0.00261,0.93006,-0.00163,0.97075,-0.00066
795,0.02140,-0.08127,0.05720,-0.07710,0.09300,-0.07293,0.12881,-0.06875,0.16767,-0.06375,0.20652,-0.05874,0.24538,-0.05373,0.28327,-0.05003,0.32116,-0.04632,0.35905,-0.04261,0.39985,-0.03872,0.44065,-0.03482,0.48146,-0.03093,0.52226,-0.02754,0.56306,-0.02416,0.60387,-0.02078,0.64467,-0.01796,0.68547,-0.01515,0.72628,-0.01234,0.76707,-0.01016,0.80787,-0.00798,0.84866,-0.00580,0.88936,-0.00421,0.93005,-0.00262,0.97075,-0.00103
800,0.02133,-0.11336,0.05715,-0.10761,0.09297,-0.10186,0.12879,-0.09612,0.16761,-0.08945,0.20644,-0.08279,0.24527,-0.07613,0.28318,-0.07085,0.32109,-0.06557,0.35900,-0.06028,0.39981,-0.05482,0.44061,-0.04935,0.48142,-0.04388,0.52223,-0.03908,0.56303,-0.03429,0.60384,-0.02949,0.64464,-0.02547,0.68545,-0.02145,0.72626,-0.01743,0.76706,-0.01430,0.80786,-0.01117,0.84865,-0.00804,0.88935,-0.00583,0.93005,-0.00362,0.97075,-0.00141
805,0.02126,-0.14581,0.05709,-0.13847,0.09293,-0.13113,0.12877,-0.12379,0.16756,-0.11546,0.20636,-0.10712,0.24515,-0.09878,0.28309,-0.09191,0.32102,-0.08503,0.35896,-0.07816,0.39977,-0.07110,0.44057,-0.06404,0.48138,-0.05698,0.52219,-0.05076,0.56300,-0.04453,0.60381,-0.03831,0.64462,-0.03307,0.68543,-0.02783,0.72624,-0.02259,0.76704,-0.01849,0.80784,-0.01440,0.84864,-0.01030,0.88934,-0.00747,0.93004,-0.00463,0.97074,-0.00180
810,0.02119,-0.17863,0.05704,-0.16968,0.09289,-0.16073,0.12875,-0.15177,0.16751,-0.14175,0.20627,-0.13172,0.24504,-0.12169,0.28300,-0.11320,0.32095,-0.10472,0.35891,-0.09623,0.39972,-0.08756,0.44054,-0.07889,0.48135,-0.07023,0.52216,-0.06256,0.56297,-0.05489,0.60378,-0.04722,0.64460,-0.04075,0.68541,-0.03428,0.72622,-0.02780,0.76703,-0.02273,0.80783,-0.01766,0.84863,-0.01259,0.88934,-0.00912,0.93004,-0.00566,0.97074,-0.00219
815,0.02112,-0.21180,0.05699,-0.20122,0.09286,-0.19064,0.12873,-0.18006,0.16746,-0.16832,0.20619,-0.15658,0.24492,-0.14484,0.28290,-0.13473,0.32088,-0.12461,0.35887,-0.11450,0.39968,-0.10420,0.44050,-0.09391,0.48131,-0.08361,0.52213,-0.07448,0.56294,-0.06536,0.60375,-0.05623,0.64457,-0.04851,0.68539,-0.04079,0.72620,-0.03307,0.76701,-0.02702,0.80782,-0.02096,0.84862,-0.01491,0.88933,-0.01080,0.93003,-0.00669,0.97074,-0.00258
820,0.02104,-0.24531,0.05693,-0.23309,0.09282,-0.22086,0.12871,-0.20863,0.16740,-0.19517,0.20610,-0.18170,0.24480,-0.16823,0.28281,-0.15647,0.32081,-0.14471,0.35882,-0.13296,0.39964,-0.12102,0.44046,-0.10908,0.48127,-0.09714,0.52209,-0.08654,0.56291,-0.07593,0.60373,-0.06533,0.64455,-0.05635,0.68536,-0.04737,0.72618,-0.03840,0.76699,-0.03135,0.80780,-0.02430,0.84861,-0.01724,0.88932,-0.01249,0.93003,-0.00774,0.97074,-0.00298
825,0.02097,-0.27916,0.05688,-0.26527,0.09278,-0.25138,0.12869,-0.23750,0.16735,-0.22228,0.20602,-0.20707,0.24468,-0.19186,0.28271,-0.17844,0.32074,-0.16502,0.35877,-0.15160,0.39959,-0.13800,0.44041,-0.12440,0.48124,-0.11080,0.52206,-0.09871,0.56288,-0.08661,0.60370,-0.07452,0.64452,-0.06427,0.68534,-0.05402,0.72616,-0.04378,0.76698,-0.03572,0.80779,-0.02766,0.84860,-0.01961,0.88931,-0.01420,0.93002,-0.00879,0.97074,-0.00339
830,0.02090,-0.31334,0.05682,-0.29777,0.09274,-0.28220,0.12866,-0.26664,0.16730,-0.24966,0.20593,-0.23269,0.24456,-0.21571,0.28262,-0.20061,0.32067,-0.18552,0.35873,-0.17042,0.39955,-0.15515,0.44037,-0.13987,0.48120,-0.12460,0.52202,-0.11100,0.56285,-0.09740,0.60367,-0.08380,0.64449,-0.07227,0.68532,-0.06074,0.72614,-0.04921,0.76696,-0.04013,0.80778,-0.03106,0.84859,-0.02199,0.88931,-0.01593,0.93002,-0.00986,0.97073,-0.00379
835,0.02082,-0.34783,0.05676,-0.33057,0.09270,-0.31331,0.12864,-0.29605,0.16724,-0.27730,0.20584,-0.25854,0.24444,-0.23979,0.28252,-0.22300,0.32060,-0.20621,0.35868,-0.18942,0.39951,-0.17245,0.44033,-0.15549,0.48116,-0.13852,0.52199,-0.12340,0.56281,-0.10829,0.60364,-0.09317,0.64447,-0.08034,0.68530,-0.06751,0.72612,-0.05469,0.76694,-0.04459,0.80776,-0.03450,0.84858,-0.02440,0.88930,-0.01767,0.93001,-0.01093,0.97073,-0.00420
840,0.02075,-0.38264,0.05671,-0.36367,0.09266,-0.34470,0.12862,-0.32573,0.16719,-0.30518,0.20575,-0.28463,0.24432,-0.26408,0.28242,-0.24558,0.32053,-0.22708,0.35863,-0.20858,0.39946,-0.18991,0.44029,-0.17124,0.48112,-0.15257,0.52195,-0.13592,0.56278,-0.11927,0.60361,-0.10262,0.64444,-0.08849,0.68527,-0.07435,0.72610,-0.06022,0.76693,-0.04909,0.80775,-0.03796,0.84857,-0.02683,0.88929,-0.01942,0.93001,-0.01202,0.97073,-0.00462
845,0.02067,-0.41775,0.05665,-0.39705,0.09262,-0.37636,0.12860,-0.35567,0.16713,-0.33331,0.20566,-0.31095,0.24419,-0.28858,0.28232,-0.26836,0.32045,-0.24814,0.35858,-0.22792,0.39942,-0.20753,0.44025,-0.18713,0.48108,-0.16674,0.52191,-0.14855,0.56275,-0.13035,0.60358,-0.11216,0.64441,-0.09670,0.68525,-0.08125,0.72608,-0.06579,0.76691,-0.05362,0.80773,-0.04145,0.84856,-0.02928,0.88928,-0.02120,0.93000,-0.01311,0.97073,-0.00503
850,0.02059,-0.45315,0.05659,-0.43072,0.09258,-0.40829,0.12858,-0.38585,0.16708,-0.36167,0.20557,-0.33748,0.24407,-0.31329,0.28222,-0.29133,0.32038,-0.26938,0.35853,-0.24742,0.39937,-0.22529,0.44021,-0.20316,0.48104,-0.18103,0.52188,-0.16128,0.56271,-0.14152,0.60355,-0.12177,0.64439,-0.10499,0.68523,-0.08820,0.72606,-0.07142,0.76689,-0.05820,0.80772,-0.04497,0.84855,-0.03175,0.88927,-0.02298,0.93000,-0.01422,0.97072,-0.00545
855,0.02052,-0.48883,0.05653,-0.46465,0.09254,-0.44047,0.12856,-0.41628,0.16702,-0.39026,0.20548,-0.36423,0.24394,-0.33820,0.28212,-0.31449,0.32030,-0.29078,0.35848,-0.26707,0.39932,-0.24319,0.44016,-0.21931,0.48100,-0.19543,0.52184,-0.17411,0.56268,-0.15279,0.60352,-0.13146,0.64436,-0.11334,0.68520,-0.09521,0.72604,-0.07709,0.76687,-0.06281,0.80771,-0.04852,0.84854,-0.03424,0.88927,-0.02479,0.92999,-0.01533,0.97072,-0.00588
860,0.02044,-0.52479,0.05647,-0.49885,0.09250,-0.47290,0.12854,-0.44695,0.16696,-0.41906,0.20539,-0.39118,0.24381,-0.36330,0.28202,-0.33783,0.32023,-0.31235,0.35843,-0.28687,0.39928,-0.26123,0.44012,-0.23559,0.48096,-0.20995,0.52181,-0.18704,0.56265,-0.16414,0.60349,-0.14123,0.64433,-0.12175,0.68518,-0.10228,0.72602,-0.08280,0.76686,-0.06745,0.80769,-0.05210,0.84853,-0.03675,0.88926,-0.02660,0.92999,-0.01645,0.97072,-0.00630
865,0.02036,-0.56102,0.05641,-0.53329,0.09246,-0.50557,0.12851,-0.47784,0.16690,-0.44809,0.20530,-0.41834,0.24369,-0.38859,0.28192,-0.36133,0.32015,-0.33408,0.35838,-0.30683,0.39923,-0.27941,0.44008,-0.25199,0.48092,-0.22457,0.52177,-0.20007,0.56261,-0.17557,0.60346,-0.15107,0.64431,-0.13023,0.68515,-0.10939,0.72600,-0.08856,0.76684,-0.07213,0.80768,-0.05571,0.84852,-0.03928,0.88925,-0.02843,0.92998,-0.01758,0.97072,-0.00674
870,0.02028,-0.59751,0.05635,-0.56799,0.09242,-0.53847,0.12849,-0.50895,0.16685,-0.47732,0.20520,-0.44569,0.24356,-0.41405,0.28182,-0.38501,0.32008,-0.35596,0.35833,-0.32692,0.39918,-0.29771,0.44003,-0.26850,0.48088,-0.23930,0.52173,-0.21319,0.56258,-0.18708,0.60343,-0.16098,0.64428,-0.13877,0.68513,-0.11656,0.72598,-0.09435,0.76682,-0.07684,0.80766,-0.05934,0.84850,-0.04183,0.88924,-0.03027,0.92998,-0.01872,0.97072,-0.00717
875,0.02020,-0.63424,0.05629,-0.60292,0.09238,-0.57160,0.12847,-0.54027,0.16679,-0.50675,0.20511,-0.47322,0.24343,-0.43969,0.28171,-0.40885,0.32000,-0.37800,0.35828,-0.34715,0.39914,-0.31614,0.43999,-0.28513,0.48084,-0.25412,0.52169,-0.22640,0.56255,-0.19868,0.60340,-0.17095,0.64425,-0.14737,0.68510,-0.12378,0.72596,-0.10019,0.76680,-0.08159,0.80765,-0.06299,0.84849,-0.04439,0.88923,-0.03213,0.92997,-0.01987,0.97071,-0.00761
880,0.02012,-0.67122,0.05623,-0.63808,0.09234,-0.60494,0.12845,-0.57180,0.16673,-0.53637,0.20501,-0.50093,0.24330,-0.46550,0.28161,-0.43284,0.31992,-0.40018,0.35823,-0.36751,0.39909,-0.33469,0.43994,-0.30187,0.48080,-0.26905,0.52166,-0.23970,0.56251,-0.21035,0.60337,-0.18100,0.64422,-0.15602,0.68508,-0.13104,0.72594,-0.10606,0.76678,-0.08637,0.80763,-0.06667,0.84848,-0.04697,0.88922,-0.03400,0.92997,-0.02102,0.97071,-0.00805
885,0.02004,-0.70842,0.05617,-0.67346,0.09230,-0.63849,0.12842,-0.60353,0.16667,-0.56617,0.20492,-0.52882,0.24317,-0.49147,0.28150,-0.45698,0.31984,-0.42249,0.35818,-0.38800,0.39904,-0.35336,0.43990,-0.31871,0.48076,-0.28407,0.52162,-0.25308,0.56248,-0.22209,0.60334,-0.19110,0.64420,-0.16473,0.68505,-0.13835,0.72591,-0.11197,0.76677,-0.09117,0.80762,-0.07037,0.84847,-0.04957,0.88922,-0.03587,0.92996,-0.02218,0.97071,-0.00849
890,0.01996,-0.74585,0.05611,-0.70905,0.09225,-0.67224,0.12840,-0.63544,0.16661,-0.59616,0.20482,-0.55687,0.24303,-0.51759,0.28140,-0.48127,0.31976,-0.44494,0.35813,-0.40862,0.39899,-0.37213,0.43985,-0.33565,0.48072,-0.29917,0.52158,-0.26654,0.56244,-0.23390,0.60330,-0.20127,0.64417,-0.17348,0.68503,-0.14570,0.72589,-0.11792,0.76675,-0.09601,0.80760,-0.07409,0.84846,-0.05218,0.88921,-0.03776,0.92996,-0.02335,0.97071,-0.00893
895,0.01988,-0.78349,0.05605,-0.74484,0.09221,-0.70619,0.12838,-0.66753,0.16655,-0.62631,0.20473,-0.58509,0.24290,-0.54386,0.28129,-0.50569,0.31969,-0.46752,0.35808,-0.42934,0.39894,-0.39102,0.43981,-0.35269,0.48068,-0.31436,0.52154,-0.28007,0.56241,-0.24578,0.60327,-0.21149,0.64414,-0.18229,0.68500,-0.15310,0.72587,-0.12390,0.76673,-0.10087,0.80759,-0.07784,0.84845,-0.05481,0.88920,-0.03966,0.92995,-0.02452,0.97070,-0.00938
900,0.01980,-0.82133,0.05598,-0.78082,0.09217,-0.74031,0.12835,-0.69980,0.16649,-0.65663,0.20463,-0.61345,0.24277,-0.57027,0.28119,-0.53024,0.31961,-0.49021,0.35803,-0.45018,0.39890,-0.41000,0.43976,-0.36982,0.48063,-0.32964,0.52150,-0.29368,0.56237,-0.25772,0.60324,-0.22176,0.64411,-0.19115,0.68498,-0.16053,0.72585,-0.12991,0.76671,-0.10576,0.80757,-0.08160,0.84843,-0.05745,0.88919,-0.04158,0.92995,-0.02570,0.97070,-0.00983
905,0.01972,-0.85937,0.05592,-0.81699,0.09213,-0.77461,0.12833,-0.73224,0.16643,-0.68710,0.20453,-0.64196,0.24263,-0.59682,0.28108,-0.55493,0.31953,-0.51303,0.35797,-0.47113,0.39885,-0.42909,0.43972,-0.38704,0.48059,-0.34499,0.52146,-0.30736,0.56234,-0.26973,0.60321,-0.23209,0.64408,-0.20005,0.68495,-0.16800,0.72583,-0.13596,0.76669,-0.11067,0.80756,-0.08539,0.84842,-0.06010,0.88918,-0.04350,0.92994,-0.02689,0.97070,-0.01028
910,0.01964,-0.89759,0.05586,-0.85333,0.09208,-0.80908,0.12831,-0.76483,0.16637,-0.71772,0.20443,-0.67061,0.24250,-0.62350,0.28097,-0.57973,0.31945,-0.53595,0.35792,-0.49218,0.39880,-0.44826,0.43967,-0.40434,0.48055,-0.36042,0.52142,-0.32110,0.56230,-0.28179,0.60318,-0.24247,0.64405,-0.20899,0.68493,-0.17551,0.72581,-0.14203,0.76667,-0.11561,0.80754,-0.08919,0.84841,-0.06277,0.88917,-0.04543,0.92994,-0.02808,0.97070,-0.01074
915,0.01955,-0.93598,0.05580,-0.88984,0.09204,-0.84370,0.12828,-0.79756,0.16631,-0.74848,0.20434,-0.69939,0.24236,-0.65030,0.28086,-0.60464,0.31937,-0.55898,0.35787,-0.51333,0.39875,-0.46752,0.43963,-0.42172,0.48051,-0.37592,0.52139,-0.33491,0.56226,-0.29391,0.60314,-0.25290,0.64402,-0.21798,0.68490,-0.18305,0.72578,-0.14813,0.76665,-0.12057,0.80753,-0.09301,0.84840,-0.06545,0.88916,-0.04736,0.92993,-0.02928,0.97069,-0.01119
920,0.01947,-0.97454,0.05573,-0.92651,0.09200,-0.87848,0.12826,-0.83044,0.16625,-0.77937,0.20424,-0.72829,0.24223,-0.67721,0.28076,-0.62966,0.31929,-0.58211,0.35782,-0.53456,0.39870,-0.48687,0.43958,-0.43917,0.48046,-0.39148,0.52135,-0.34878,0.56223,-0.30608,0.60311,-0.26337,0.64399,-0.22700,0.68488,-0.19063,0.72576,-0.15425,0.76664,-0.12555,0.80751,-0.09685,0.84839,-0.06814,0.88916,-0.04931,0.92992,-0.03048,0.97069,-0.01165
925,0.01939,-1.01326,0.05567,-0.96332,0.09195,-0.91339,0.12824,-0.86346,0.16619,-0.81038,0.20414,-0.75731,0.24209,-0.70423,0.28065,-0.65478,0.31920,-0.60533,0.35776,-0.55588,0.39865,-0.50629,0.43953,-0.45670,0.48042,-0.40711,0.52131,-0.36270,0.56219,-0.31829,0.60308,-0.27389,0.64396,-0.23606,0.68485,-0.19823,0.72574,-0.16040,0.76662,-0.13055,0.80750,-0.10070,0.84837,-0.07084,0.88915,-0.05127,0.92992,-0.03169,0.97069,-0.01211
930,0.01930,-1.05212,0.05561,-1.00028,0.09191,-0.94844,0.12821,-0.89660,0.16613,-0.84152,0.20404,-0.78644,0.24195,-0.73136,0.28054,-0.68000,0.31912,-0.62864,0.35771,-0.57729,0.39860,-0.52579,0.43949,-0.47429,0.48038,-0.42279,0.52127,-0.37668,0.56216,-0.33056,0.60305,-0.28444,0.64394,-0.24516,0.68483,-0.20587,0.72572,-0.16658,0.76660,-0.13557,0.80748,-0.10456,0.84836,-0.07356,0.88914,-0.05323,0.92991,-0.03290,0.97069,-0.01257
935,0.01922,-1.09112,0.05554,-1.03736,0.09187,-0.98361,0.12819,-0.92985,0.16606,-0.87276,0.20394,-0.81567,0.24181,-0.75858,0.28043,-0.70531,0.31904,-0.65204,0.35766,-0.59877,0.39855,-0.54535,0.43944,-0.49194,0.48033,-0.43853,0.52123,-0.39070,0.56212,-0.34287,0.60301,-0.29503,0.64391,-0.25428,0.68480,-0.21353,0.72569,-0.17278,0.76658,-0.14061,0.80746,-0.10844,0.84835,-0.07628,0.88913,-0.05520,0.92991,-0.03412,0.97069,-0.01304
940,0.01913,-1.13025,0.05548,-1.07457,0.09182,-1.01889,0.12817,-0.96321,0.16600,-0.90410,0.20384,-0.84500,0.24167,-0.78589,0.28032,-0.73070,0.31896,-0.67550,0.35760,-0.62031,0.39850,-0.56498,0.43939,-0.50966,0.48029,-0.45433,0.52119,-0.40477,0.56208,-0.35522,0.60298,-0.30566,0.64388,-0.26344,0.68477,-0.22121,0.72567,-0.17899,0.76656,-0.14566,0.80745,-0.11234,0.84834,-0.07901,0.88912,-0.05717,0.92990,-0.03534,0.97068,-0.01350
945,0.01905,-1.16949,0.05541,-1.11188,0.09178,-1.05428,0.12814,-0.99668,0.16594,-0.93554,0.20374,-0.87441,0.24154,-0.81328,0.28021,-0.75616,0.31888,-0.69904,0.35755,-0.64193,0.39845,-0.58467,0.43935,-0.52742,0.48025,-0.47017,0.52115,-0.41888,0.56205,-0.36760,0.60295,-0.31632,0.64385,-0.27262,0.68475,-0.22892,0.72565,-0.18523,0.76654,-0.15073,0.80743,-0.11624,0.84833,-0.08175,0.88911,-0.05915,0.92990,-0.03656,0.97068,-0.01397
950,0.01896,-1.20884,0.05535,-1.14930,0.09173,-1.08977,0.12812,-1.03023,0.16588,-0.96707,0.20364,-0.90391,0.24140,-0.84074,0.28010,-0.78170,0.31879,-0.72265,0.35749,-0.66360,0.39840,-0.60441,0.43930,-0.54523,0.48020,-0.48605,0.52111,-0.43303,0.56201,-0.38002,0.60291,-0.32701,0.64382,-0.28183,0.68472,-0.23665,0.72563,-0.19148,0.76652,-0.15582,0.80742,-0.12016,0.84831,-0.08449,0.88910,-0.06114,0.92989,-0.03779,0.97068,-0.01444
955,0.01888,-1.24829,0.05528,-1.18682,0.09169,-1.12534,0.12809,-1.06387,0.16582,-0.99867,0.20354,-0.93348,0.24126,-0.86828,0.27998,-0.80729,0.31871,-0.74631,0.35744,-0.68532,0.39835,-0.62421,0.43925,-0.56309,0.48016,-0.50197,0.52107,-0.44722,0.56197,-0.39247,0.60288,-0.33772,0.64379,-0.29106,0.68469,-0.24440,0.72560,-0.19775,0.76650,-0.16091,0.80740,-0.12408,0.84830,-0.08725,0.88909,-0.06313,0.92988,-0.03902,0.97068,-0.01490
960,0.01879,-1.28783,0.05522,-1.22441,0.09164,-1.16100,0.12807,-1.09758,0.16575,-1.03035,0.20344,-0.96311,0.24112,-0.89587,0.27987,-0.83295,0.31863,-0.77002,0.35738,-0.70710,0.39829,-0.64404,0.43920,-0.58099,0.48012,-0.51793,0.52103,-0.46144,0.56194,-0.40495,0.60285,-0.34846,0.64376,-0.30031,0.68467,-0.25217,0.72558,-0.20403,0.76648,-0.16602,0.80739,-0.12801,0.84829,-0.09001,0.88908,-0.06513,0.92988,-0.04025,0.97067,-0.01537
965,0.01871,-1.32744,0.05515,-1.26208,0.09160,-1.19672,0.12805,-1.13136,0.16569,-1.06208,0.20333,-0.99280,0.24098,-0.92353,0.27976,-0.85866,0.31855,-0.79379,0.35733,-0.72892,0.39824,-0.66392,0.43916,-0.59892,0.48007,-0.53392,0.52099,-0.47569,0.56190,-0.41745,0.60281,-0.35922,0.64373,-0.30958,0.68464,-0.25995,0.72556,-0.21032,0.76646,-0.17114,0.80737,-0.13196,0.84828,-0.09277,0.88907,-0.06713,0.92987,-0.04149,0.97067,-0.01585
970,0.01862,-1.36713,0.05509,-1.29982,0.09155,-1.23251,0.12802,-1.16520,0.16563,-1.09388,0.20323,-1.02255,0.24084,-0.95122,0.27965,-0.88441,0.31846,-0.81759,0.35728,-0.75077,0.39819,-0.68383,0.43911,-0.61688,0.48003,-0.54994,0.52094,-0.48996,0.56186,-0.42998,0.60278,-0.36999,0.64370,-0.31887,0.68462,-0.26775,0.72553,-0.21663,0.76644,-0.17626,0.80735,-0.13590,0.84826,-0.09554,0.88907,-0.06913,0.92987,-0.04273,0.97067,-0.01632
975,0.01854,-1.40687,0.05502,-1.33761,0.09151,-1.26835,0.12800,-1.19909,0.16556,-1.12572,0.20313,-1.05234,0.24070,-0.97896,0.27954,-0.91020,0.31838,-0.84143,0.35722,-0.77266,0.39814,-0.70377,0.43906,-0.63487,0.47998,-0.56598,0.52090,-0.50425,0.56182,-0.44252,0.60275,-0.38079,0.64367,-0.32817,0.68459,-0.27556,0.72551,-0.22294,0.76642,-0.18140,0.80734,-0.13986,0.84825,-0.09832,0.88906,-0.07114,0.92986,-0.04396,0.97067,-0.01679
980,0.01845,-1.44667,0.05496,-1.37545,0.09147,-1.30424,0.12797,-1.23302,0.16550,-1.15760,0.20303,-1.08217,0.24056,-1.00674,0.27943,-0.93602,0.31830,-0.86530,0.35717,-0.79458,0.39809,-0.72373,0.43901,-0.65289,0.47994,-0.58204,0.52086,-0.51856,0.56179,-0.45508,0.60271,-0.39160,0.64364,-0.33748,0.68456,-0.28337,0.72549,-0.22926,0.76641,-0.18654,0.80732,-0.14382,0.84824,-0.10109,0.88905,-0.07315,0.92986,-0.04521,0.97066,-0.01726
985,0.01836,-1.48650,0.05489,-1.41333,0.09142,-1.34016,0.12795,-1.26699,0.16544,-1.18951,0.20293,-1.11202,0.24042,-1.03454,0.27931,-0.96186,0.31821,-0.88919,0.35711,-0.81651,0.39804,-0.74371,0.43897,-0.67092,0.47989,-0.59812,0.52082,-0.53288,0.56175,-0.46765,0.60268,-0.40241,0.64361,-0.34681,0.68454,-0.29120,0.72546,-0.23559,0.76639,-0.19169,0.80731,-0.14778,0.84823,-0.10387,0.88904,-0.07516,0.92985,-0.04645,0.97066,-0.01774
990,0.01828,-1.52636,0.05483,-1.45123,0.09138,-1.37611,0.12792,-1.30098,0.16537,-1.22144,0.20282,-1.14190,0.24027,-1.06236,0.27920,-0.98773,0.31813,-0.91310,0.35706,-0.83847,0.39799,-0.76371,0.43892,-0.68896,0.47985,-0.61421,0.52078,-0.54722,0.56171,-0.48023,0.60264,-0.41324,0.64358,-0.35613,0.68451,-0.29903,0.72544,-0.24192,0.76637,-0.19683,0.80729,-0.15175,0.84822,-0.10666,0.88903,-0.07717,0.92984,-0.04769,0.97066,-0.01821
995,0.01819,-1.56624,0.05476,-1.48916,0.09133,-1.41207,0.12790,-1.33499,0.16531,-1.25339,0.20272,-1.17180,0.24013,-1.09020,0.27909,-1.01361,0.31805,-0.93702,0.35700,-0.86043,0.39794,-0.78372,0.43887,-0.70701,0.47981,-0.63031,0.52074,-0.56156,0.56168,-0.49282,0.60261,-0.42407,0.64355,-0.36547,0.68448,-0.30686,0.72542,-0.24826,0.76635,-0.20199,0.80727,-0.15571,0.84820,-0.10944,0.88902,-0.07919,0.92984,-0.04894,0.97066,-0.01868
1000,0.01811,-1.60613,0.05470,-1.52709,0.09129,-1.44805,0.12788,-1.36900,0.16525,-1.28535,0.20262,-1.20170,0.23999,-1.11804,0.27898,-1.03950,0.31796,-0.96095,0.35695,-0.88240,0.39788,-0.80374,0.43882,-0.72507,0.47976,-0.64641,0.52070,-0.57591,0.56164,-0.50541,0.60258,-0.43490,0.64352,-0.37480,0.68446,-0.31470,0.72540,-0.25460,0.76633,-0.20714,0.80726,-0.15968,0.84819,-0.11222,0.88901,-0.08120,0.92983,-0.05018,0.97065,-0.01916
1005,0.01802,-1.64603,0.05463,-1.56502,0.09124,-1.48402,0.12785,-1.40302,0.16518,-1.31731,0.20252,-1.23160,0.23985,-1.14589,0.27887,-1.06538,0.31788,-0.98487,0.35689,-0.90437,0.39783,-0.82375,0.43878,-0.74313,0.47972,-0.66251,0.52066,-0.59025,0.56160,-0.51800,0.60254,-0.44574,0.64349,-0.38414,0.68443,-0.32254,0.72537,-0.26094,0.76631,-0.21229,0.80724,-0.16365,0.84818,-0.11501,0.88900,-0.08322,0.92983,-0.05142,0.97065,-0.01963
1010,0.01793,-1.68591,0.05457,-1.60295,0.09120,-1.51999,0.12783,-1.43702,0.16512,-1.34926,0.20242,-1.26149,0.23971,-1.17372,0.27875,-1.09126,0.31779,-1.00880,0.35684,-0.92633,0.39778,-0.84376,0.43873,-0.76118,0.47967,-0.67861,0.52062,-0.60460,0.56156,-0.53058,0.60251,-0.45657,0.64346,-0.39347,0.68440,-0.33037,0.72535,-0.26727,0.76629,-0.21745,0.80723,-0.16762,0.84817,-0.11779,0.88899,-0.08523,0.92982,-0.05267,0.97065,-0.02011
1015,0.01785,-1.72577,0.05450,-1.64085,0.09115,-1.55593,0.12780,-1.47102,0.16506,-1.38119,0.20231,-1.29137,0.23957,-1.20155,0.27864,-1.11713,0.31771,-1.03271,0.35678,-0.94829,0.39773,-0.86376,0.43868,-0.77923,0.47963,-0.69470,0.52058,-0.61893,0.56153,-0.54316,0.60248,-0.46740,0.64343,-0.40280,0.68438,-0.33820,0.72533,-0.27361,0.76627,-0.22259,0.80721,-0.17158,0.84815,-0.12057,0.88898,-0.08724,0.92982,-0.05391,0.97065,-0.02058
1020,0.01776,-1.76560,0.05443,-1.67873,0.09111,-1.59185,0.12778,-1.50498,0.16500,-1.41310,0.20221,-1.32123,0.23943,-1.22935,0.27853,-1.14297,0.31763,-1.05660,0.35673,-0.97022,0.39768,-0.88374,0.43863,-0.79726,0.47958,-0.71078,0.52054,-0.63325,0.56149,-0.55573,0.60244,-0.47821,0.64340,-0.41212,0.68435,-0.34603,0.72530,-0.27993,0.76625,-0.22774,0.80720,-0.17555,0.84814,-0.12335,0.88898,-0.08925,0.92981,-0.05515,0.97064,-0.02105
1025,0.01768,-1.80540,0.05437,-1.71657,0.09106,-1.62774,0.12775,-1.53891,0.16493,-1.44498,0.20211,-1.35105,0.23929,-1.25712,0.27842,-1.16879,0.31754,-1.08047,0.35667,-0.99214,0.39763,-0.90370,0.43858,-0.81527,0.47954,-0.72684,0.52050,-0.64756,0.56145,-0.56829,0.60241,-0.48902,0.64337,-0.42143,0.68432,-0.35384,0.72528,-0.28626,0.76623,-0.23288,0.80718,-0.17951,0.84813,-0.12613,0.88897,-0.09126,0.92980,-0.05639,0.97064,-0.02153
1030,0.01759,-1.84514,0.05430,-1.75436,0.09102,-1.66358,0.12773,-1.57280,0.16487,-1.47682,0.20201,-1.38084,0.23915,-1.28486,0.27830,-1.19458,0.31746,-1.10431,0.35662,-1.01403,0.39758,-0.92364,0.43854,-0.83326,0.47950,-0.74288,0.52046,-0.66186,0.56142,-0.58084,0.60238,-0.49981,0.64334,-0.43073,0.68430,-0.36165,0.72526,-0.29257,0.76621,-0.23802,0.80716,-0.18346,0.84812,-0.12890,0.88896,-0.09327,0.92980,-0.05763,0.97064,-0.02200
1035,0.01751,-1.88483,0.05424,-1.79210,0.09097,-1.69937,0.12771,-1.60664,0.16481,-1.50862,0.20191,-1.41059,0.23901,-1.31256,0.27819,-1.22034,0.31738,-1.12811,0.35656,-1.03588,0.39753,-0.94355,0.43849,-0.85123,0.47945,-0.75890,0.52042,-0.67613,0.56138,-0.59336,0.60234,-0.51059,0.64331,-0.44002,0.68427,-0.36945,0.72523,-0.29888,0.76619,-0.24314,0.80715,-0.18741,0.84810,-0.13167,0.88895,-0.09527,0.92979,-0.05887,0.97064,-0.02247
1040,0.01742,-1.92444,0.05417,-1.82977,0.09093,-1.73510,0.12768,-1.64042,0.16474,-1.54035,0.20181,-1.44028,0.23887,-1.34021,0.27808,-1.24604,0.31729,-1.15187,0.35651,-1.05770,0.39747,-0.96343,0.43844,-0.86916,0.47941,-0.77489,0.52038,-0.69038,0.56134,-0.60586,0.60231,-0.52135,0.64328,-0.44929,0.68424,-0.37723,0.72521,-0.30517,0.76617,-0.24826,0.80713,-0.19135,0.84809,-0.13444,0.88894,-0.09727,0.92979,-0.06011,0.97063,-0.02294
1045,0.01733,-1.96398,0.05411,-1.86737,0.09088,-1.77075,0.12766,-1.67414,0.16468,-1.57203,0.20170,-1.46992,0.23873,-1.36781,0.27797,-1.27170,0.31721,-1.17559,0.35645,-1.07948,0.39742,-0.98327,0.43839,-0.88706,0.47936,-0.79085,0.52033,-0.70459,0.56131,-0.61834,0.60228,-0.53209,0.64325,-0.45854,0.68422,-0.38500,0.72519,-0.31145,0.76615,-0.25337,0.80712,-0.19528,0.84808,-0.13720,0.88893,-0.09927,0.92978,-0.06134,0.97063,-0.02341
1050,0.01725,-2.00343,0.05404,-1.90488,0.09084,-1.80633,0.12763,-1.70778,0.16462,-1.60363,0.20160,-1.49949,0.23859,-1.39534,0.27786,-1.29730,0.31713,-1.19925,0.35640,-1.10120,0.39737,-1.00306,0.43835,-0.90491,0.47932,-0.80677,0.52029,-0.71878,0.56127,-0.63079,0.60224,-0.54280,0.64322,-0.46778,0.68419,-0.39275,0.72517,-0.31772,0.76613,-0.25846,0.80710,-0.19921,0.84807,-0.13995,0.88892,-0.10126,0.92977,-0.06257,0.97063,-0.02388
1055,0.01716,-2.04278,0.05398,-1.94230,0.09079,-1.84181,0.12761,-1.74133,0.16456,-1.63516,0.20150,-1.52898,0.23845,-1.42281,0.27775,-1.32283,0.31705,-1.22285,0.35634,-1.12287,0.39732,-1.02280,0.43830,-0.92273,0.47928,-0.82265,0.52025,-0.73293,0.56123,-0.64321,0.60221,-0.55349,0.64319,-0.47698,0.68416,-0.40048,0.72514,-0.32397,0.76611,-0.26355,0.80708,-0.20312,0.84806,-0.14270,0.88891,-0.10325,0.92977,-0.06380,0.97063,-0.02435
1060,0.01708,-2.08203,0.05391,-1.97962,0.09075,-1.87720,0.12758,-1.77479,0.16449,-1.66660,0.20140,-1.55840,0.23831,-1.45020,0.27764,-1.34830,0.31696,-1.24639,0.35629,-1.14449,0.39727,-1.04249,0.43825,-0.94049,0.47923,-0.83849,0.52021,-0.74705,0.56119,-0.65560,0.60218,-0.56415,0.64316,-0.48617,0.68414,-0.40819,0.72512,-0.33021,0.76609,-0.26862,0.80707,-0.20703,0.84804,-0.14544,0.88890,-0.10523,0.92976,-0.06502,0.97062,-0.02481
1065,0.01699,-2.12115,0.05385,-2.01682,0.09071,-1.91249,0.12756,-1.80816,0.16443,-1.69794,0.20130,-1.58773,0.23817,-1.47751,0.27753,-1.37369,0.31688,-1.26986,0.35624,-1.16603,0.39722,-1.06212,0.43821,-0.95820,0.47919,-0.85429,0.52017,-0.76112,0.56116,-0.66795,0.60214,-0.57477,0.64313,-0.49532,0.68411,-0.41587,0.72510,-0.33642,0.76608,-0.27367,0.80705,-0.21092,0.84803,-0.14817,0.88889,-0.10721,0.92976,-0.06624,0.97062,-0.02528
1070,0.01691,-2.16015,0.05379,-2.05391,0.09066,-1.94766,0.12754,-1.84141,0.16437,-1.72919,0.20120,-1.61696,0.23804,-1.50473,0.27742,-1.39899,0.31680,-1.29325,0.35618,-1.18751,0.39717,-1.08168,0.43816,-0.97586,0.47915,-0.87003,0.52013,-0.77514,0.56112,-0.68025,0.60211,-0.58537,0.64310,-0.50445,0.68409,-0.42353,0.72507,-0.34262,0.76606,-0.27871,0.80704,-0.21480,0.84802,-0.15089,0.88889,-0.10918,0.92975,-0.06746,0.97062,-0.02574
1075,0.01683,-2.19902,0.05372,-2.09086,0.09062,-1.98271,0.12751,-1.87455,0.16431,-1.76032,0.20110,-1.64609,0.23790,-1.53186,0.27731,-1.42421,0.31672,-1.31656,0.35613,-1.20892,0.39712,-1.10118,0.43811,-0.99345,0.47910,-0.88571,0.52009,-0.78912,0.56109,-0.69252,0.60208,-0.59592,0.64307,-0.51354,0.68406,-0.43117,0.72505,-0.34879,0.76604,-0.28373,0.80702,-0.21867,0.84801,-0.15360,0.88888,-0.11114,0.92975,-0.06867,0.97062,-0.02621
1080,0.01674,-2.23773,0.05366,-2.12768,0.09057,-2.01762,0.12749,-1.90756,0.16425,-1.79134,0.20100,-1.67511,0.23776,-1.55888,0.27720,-1.44933,0.31664,-1.33979,0.35608,-1.23024,0.39707,-1.12061,0.43807,-1.01097,0.47906,-0.90134,0.52006,-0.80304,0.56105,-0.70474,0.60204,-0.60644,0.64304,-0.52261,0.68403,-0.43877,0.72503,-0.35494,0.76602,-0.28873,0.80701,-0.22252,0.84799,-0.15631,0.88887,-0.11309,0.92974,-0.06988,0.97061,-0.02667
1085,0.01666,-2.27629,0.05360,-2.16434,0.09053,-2.05239,0.12747,-1.94044,0.16419,-1.82223,0.20091,-1.70401,0.23762,-1.58579,0.27709,-1.47435,0.31656,-1.36291,0.35602,-1.25147,0.39702,-1.13995,0.43802,-1.02843,0.47902,-0.91691,0.52002,-0.81691,0.56101,-0.71691,0.60201,-0.61691,0.64301,-0.53163,0.68401,-0.44635,0.72501,-0.36107,0.76600,-0.29371,0.80699,-0.22635,0.84798,-0.15900,0.88886,-0.11504,0.92974,-0.07108,0.97061,-0.02712
1090,0.01658,-2.31469,0.05353,-2.20085,0.09049,-2.08702,0.12744,-1.97318,0.16412,-1.85299,0.20081,-1.73279,0.23749,-1.61259,0.27698,-1.49927,0.31648,-1.38594,0.35597,-1.27262,0.39697,-1.15921,0.43797,-1.04581,0.47897,-0.93240,0.51998,-0.83071,0.56098,-0.72902,0.60198,-0.62734,0.64298,-0.54061,0.68398,-0.45389,0.72499,-0.36717,0.76598,-0.29867,0.80698,-0.23017,0.84797,-0.16168,0.88885,-0.11698,0.92973,-0.07228,0.97061,-0.02758
1095,0.01649,-2.35291,0.05347,-2.23720,0.09044,-2.12149,0.12742,-2.00578,0.16406,-1.88361,0.20071,-1.76144,0.23735,-1.63927,0.27688,-1.52407,0.31640,-1.40887,0.35592,-1.29367,0.39692,-1.17839,0.43793,-1.06311,0.47893,-0.94783,0.51994,-0.84446,0.56094,-0.74109,0.60195,-0.63772,0.64295,-0.54956,0.68396,-0.46140,0.72496,-0.37324,0.76596,-0.30361,0.80696,-0.23398,0.84796,-0.16434,0.88884,-0.11891,0.92972,-0.07347,0.97061,-0.02803
1100,0.01641,-2.39095,0.05341,-2.27337,0.09040,-2.15579,0.12740,-2.03821,0.16400,-1.91408,0.20061,-1.78995,0.23722,-1.66582,0.27677,-1.54875,0.31632,-1.43168,0.35587,-1.31462,0.39687,-1.19747,0.43788,-1.08033,0.47889,-0.96318,0.51990,-0.85814,0.56091,-0.75309,0.60191,-0.64805,0.64292,-0.55846,0.68393,-0.46887,0.72494,-0.37929,0.76594,-0.30852,0.80695,-0.23776,0.84795,-0.16700,0.88883,-0.12083,0.92972,-0.07466,0.97060,-0.02849
1105,0.01633,-2.42879,0.05334,-2.30935,0.09036,-2.18991,0.12737,-2.07048,0.16394,-1.94440,0.20051,-1.81831,0.23709,-1.69223,0.27666,-1.57331,0.31624,-1.45438,0.35581,-1.33546,0.39683,-1.21646,0.43784,-1.09746,0.47885,-0.97846,0.51986,-0.87175,0.56087,-0.76503,0.60188,-0.65832,0.64290,-0.56731,0.68391,-0.47631,0.72492,-0.38530,0.76592,-0.31341,0.80693,-0.24153,0.84794,-0.16964,0.88882,-0.12274,0.92971,-0.07584,0.97060,-0.02894
1110,0.01625,-2.46643,0.05328,-2.34514,0.09032,-2.22386,0.12735,-2.10257,0.16388,-1.97455,0.20042,-1.84653,0.23695,-1.71850,0.27656,-1.59773,0.31616,-1.47696,0.35576,-1.35619,0.39678,-1.23534,0.43779,-1.11450,0.47881,-0.99365,0.51982,-0.88528,0.56084,-0.77691,0.60185,-0.66855,0.64287,-0.57612,0.68388,-0.48370,0.72490,-0.39128,0.76591,-0.31827,0.80691,-0.24527,0.84792,-0.17227,0.88882,-0.12464,0.92971,-0.07701,0.97060,-0.02938
1115,0.01617,-2.50386,0.05322,-2.38073,0.09027,-2.25761,0.12733,-2.13449,0.16382,-2.00453,0.20032,-1.87458,0.23682,-1.74463,0.27645,-1.62202,0.31608,-1.49941,0.35571,-1.37680,0.39673,-1.25412,0.43775,-1.13144,0.47876,-1.00876,0.51978,-0.89874,0.56080,-0.78873,0.60182,-0.67871,0.64284,-0.58488,0.68386,-0.49105,0.72488,-0.39722,0.76589,-0.32311,0.80690,-0.24899,0.84791,-0.17488,0.88881,-0.12653,0.92970,-0.07818,0.97060,-0.02983
1120,0.01609,-2.54106,0.05316,-2.41611,0.09023,-2.29116,0.12730,-2.16621,0.16377,-2.03434,0.20023,-1.90247,0.23669,-1.77060,0.27635,-1.64616,0.31600,-1.52173,0.35566,-1.39729,0.39668,-1.27279,0.43770,-1.14828,0.47872,-1.02377,0.51975,-0.91212,0.56077,-0.80047,0.60179,-0.68882,0.64281,-0.59359,0.68383,-0.49836,0.72485,-0.40314,0.76587,-0.32792,0.80689,-0.25270,0.84790,-0.17748,0.88880,-0.12841,0.92970,-0.07934,0.97060,-0.03027
1125,0.01601,-2.57804,0.05310,-2.45127,0.09019,-2.32451,0.12728,-2.19774,0.16371,-2.06396,0.20013,-1.93018,0.23656,-1.79640,0.27624,-1.67015,0.31592,-1.54390,0.35561,-1.41765,0.39663,-1.29134,0.43766,-1.16502,0.47868,-1.03870,0.51971,-0.92542,0.56073,-0.81214,0.60176,-0.69886,0.64278,-0.60224,0.68381,-0.50563,0.72483,-0.40901,0.76585,-0.33269,0.80687,-0.25637,0.84789,-0.18006,0.88879,-0.13028,0.92969,-0.08049,0.97059,-0.03071
1130,0.01593,-2.61477,0.05304,-2.48621,0.09015,-2.35764,0.12726,-2.22907,0.16365,-2.09339,0.20004,-1.95772,0.23643,-1.82204,0.27614,-1.69399,0.31585,-1.56594,0.35556,-1.43789,0.39659,-1.30977,0.43761,-1.18165,0.47864,-1.05353,0.51967,-0.93863,0.56070,-0.82373,0.60173,-0.70883,0.64275,-0.61084,0.68378,-0.51284,0.72481,-0.41485,0.76583,-0.33744,0.80686,-0.26003,0.84788,-0.18262,0.88878,-0.13213,0.92969,-0.08164,0.97059,-0.03115
1135,0.01585,-2.65126,0.05298,-2.52090,0.09011,-2.39054,0.12724,-2.26018,0.16359,-2.12262,0.19995,-1.98507,0.23630,-1.84751,0.27604,-1.71767,0.31577,-1.58782,0.35551,-1.45798,0.39654,-1.32807,0.43757,-1.19816,0.47860,-1.06825,0.51963,-0.95175,0.56066,-0.83525,0.60170,-0.71874,0.64273,-0.61938,0.68376,-0.52001,0.72479,-0.42064,0.76582,-0.34215,0.80684,-0.26366,0.84787,-0.18517,0.88877,-0.13397,0.92968,-0.08278,0.97059,-0.03158
1140,0.01577,-2.68749,0.05292,-2.55535,0.09007,-2.42321,0.12721,-2.29107,0.16353,-2.15165,0.19985,-2.01222,0.23617,-1.87280,0.27593,-1.74118,0.31570,-1.60955,0.35546,-1.47793,0.39649,-1.34625,0.43753,-1.21456,0.47856,-1.08288,0.51960,-0.96478,0.56063,-0.84668,0.60166,-0.72858,0.64270,-0.62785,0.68373,-0.52713,0.72477,-0.42640,0.76580,-0.34683,0.80683,-0.26726,0.84785,-0.18770,0.88877,-0.13580,0.92968,-0.08391,0.97059,-0.03201
1145,0.01570,-2.72345,0.05286,-2.58955,0.09003,-2.45564,0.12719,-2.32174,0.16348,-2.18046,0.19976,-2.03918,0.23604,-1.89790,0.27583,-1.76451,0.31562,-1.63112,0.35541,-1.49774,0.39645,-1.36429,0.43748,-1.23084,0.47852,-1.09739,0.51956,-0.97771,0.56060,-0.85803,0.60163,-0.73835,0.64267,-0.63627,0.68371,-0.53419,0.72475,-0.43211,0.76578,-0.35148,0.80681,-0.27084,0.84784,-0.19021,0.88876,-0.13762,0.92967,-0.08503,0.97058,-0.03244
1150,0.01562,-2.75914,0.05280,-2.62348,0.08999,-2.48782,0.12717,-2.35217,0.16342,-2.20905,0.19967,-2.06593,0.23592,-1.92281,0.27573,-1.78767,0.31555,-1.65253,0.35536,-1.51739,0.39640,-1.38219,0.43744,-1.24699,0.47848,-1.11180,0.51952,-0.99054,0.56056,-0.86929,0.60160,-0.74804,0.64265,-0.64462,0.68369,-0.54120,0.72473,-0.43778,0.76576,-0.35609,0.80680,-0.27439,0.84783,-0.19270,0.88875,-0.13942,0.92967,-0.08614,0.97058,-0.03286
1155,0.01554,-2.79454,0.05274,-2.65715,0.08995,-2.51975,0.12715,-2.38235,0.16336,-2.23741,0.19958,-2.09246,0.23579,-1.94752,0.27563,-1.81064,0.31547,-1.67376,0.35531,-1.53689,0.39635,-1.39995,0.43740,-1.26302,0.47844,-1.12609,0.51949,-1.00328,0.56053,-0.88047,0.60157,-0.75766,0.64262,-0.65291,0.68366,-0.54816,0.72471,-0.44341,0.76575,-0.36066,0.80678,-0.27791,0.84782,-0.19517,0.88874,-0.14121,0.92966,-0.08725,0.97058,-0.03328
1160,0.01547,-2.82965,0.05269,-2.69053,0.08991,-2.55141,0.12713,-2.41229,0.16331,-2.26553,0.19949,-2.11878,0.23567,-1.97202,0.27553,-1.83342,0.31540,-1.69482,0.35526,-1.55622,0.39631,-1.41757,0.43736,-1.27891,0.47840,-1.14026,0.51945,-1.01590,0.56050,-0.89155,0.60154,-0.76719,0.64259,-0.66112,0.68364,-0.55505,0.72469,-0.44898,0.76573,-0.36520,0.80677,-0.28141,0.84781,-0.19762,0.88873,-0.14298,0.92966,-0.08834,0.97058,-0.03370
1165,0.01539,-2.86446,0.05263,-2.72363,0.08987,-2.58280,0.12711,-2.44197,0.16325,-2.29342,0.19940,-2.14487,0.23555,-1.99631,0.27544,-1.85601,0.31532,-1.71570,0.35521,-1.57539,0.39626,-1.43503,0.43731,-1.29467,0.47836,-1.15431,0.51941,-1.02842,0.56046,-0.90253,0.60152,-0.77664,0.64257,-0.66927,0.68362,-0.56189,0.72467,-0.45451,0.76571,-0.36969,0.80676,-0.28487,0.84780,-0.20005,0.88872,-0.14474,0.92965,-0.08943,0.97057,-0.03412
1170,0.01532,-2.89895,0.05257,-2.75643,0.08983,-2.61391,0.12709,-2.47139,0.16320,-2.32105,0.19931,-2.17072,0.23542,-2.02039,0.27534,-1.87839,0.31525,-1.73639,0.35517,-1.59439,0.39622,-1.45234,0.43727,-1.31028,0.47833,-1.16823,0.51938,-1.04082,0.56043,-0.91342,0.60149,-0.78601,0.64254,-0.67734,0.68359,-0.56867,0.72465,-0.46000,0.76569,-0.37415,0.80674,-0.28830,0.84779,-0.20246,0.88872,-0.14648,0.92964,-0.09050,0.97057,-0.03453
1175,0.01524,-2.93313,0.05252,-2.78893,0.08979,-2.64473,0.12706,-2.50053,0.16314,-2.34843,0.19922,-2.19634,0.23530,-2.04425,0.27524,-1.90057,0.31518,-1.75689,0.35512,-1.61321,0.39618,-1.46948,0.43723,-1.32575,0.47829,-1.18202,0.51934,-1.05311,0.56040,-0.92420,0.60146,-0.79529,0.64251,-0.68534,0.68357,-0.57538,0.72463,-0.46543,0.76568,-0.37856,0.80673,-0.29170,0.84778,-0.20484,0.88871,-0.14820,0.92964,-0.09157,0.97057,-0.03493
1180,0.01517,-2.96698,0.05246,-2.82112,0.08975,-2.67526,0.12704,-2.52939,0.16309,-2.37555,0.19914,-2.22171,0.23518,-2.06787,0.27515,-1.92253,0.31511,-1.77720,0.35507,-1.63186,0.39613,-1.48647,0.43719,-1.34108,0.47825,-1.19569,0.51931,-1.06529,0.56037,-0.93489,0.60143,-0.80449,0.64249,-0.69326,0.68355,-0.58203,0.72461,-0.47080,0.76566,-0.38294,0.80671,-0.29507,0.84777,-0.20720,0.88870,-0.14991,0.92964,-0.09262,0.97057,-0.03533
1185,0.01510,-3.00050,0.05241,-2.85299,0.08971,-2.70548,0.12702,-2.55797,0.16304,-2.40240,0.19905,-2.24683,0.23507,-2.09127,0.27505,-1.94428,0.31504,-1.79730,0.35503,-1.65031,0.39609,-1.50328,0.43715,-1.35625,0.47821,-1.20922,0.51928,-1.07734,0.56034,-0.94547,0.60140,-0.81359,0.64246,-0.70110,0.68353,-0.58862,0.72459,-0.47613,0.76565,-0.38727,0.80670,-0.29840,0.84776,-0.20954,0.88869,-0.15161,0.92963,-0.09367,0.97057,-0.03573
1190,0.01503,-3.03367,0.05235,-2.88453,0.08968,-2.73539,0.12700,-2.58625,0.16299,-2.42898,0.19897,-2.27170,0.23495,-2.11442,0.27496,-1.96581,0.31497,-1.81719,0.35498,-1.66858,0.39605,-1.51992,0.43711,-1.37126,0.47818,-1.22260,0.51924,-1.08927,0.56031,-0.95593,0.60137,-0.82260,0.64244,-0.70886,0.68350,-0.59513,0.72457,-0.48140,0.76563,-0.39155,0.80669,-0.30170,0.84775,-0.21186,0.88869,-0.15328,0.92963,-0.09470,0.97056,-0.03613
1195,0.01495,-3.06649,0.05230,-2.91574,0.08964,-2.76499,0.12698,-2.61424,0.16293,-2.45527,0.19888,-2.29630,0.23483,-2.13732,0.27487,-1.98710,0.31490,-1.83688,0.35494,-1.68666,0.39600,-1.53639,0.43707,-1.38612,0.47814,-1.23585,0.51921,-1.10107,0.56028,-0.96629,0.60134,-0.83151,0.64241,-0.71654,0.68348,-0.60158,0.72455,-0.48661,0.76561,-0.39579,0.80668,-0.30497,0.84774,-0.21415,0.88868,-0.15494,0.92962,-0.09573,0.97056,-0.03652
1200,0.01488,-3.09894,0.05224,-2.94660,0.08960,-2.79426,0.12696,-2.64192,0.16288,-2.48127,0.19880,-2.32062,0.23472,-2.15998,0.27478,-2.00816,0.31483,-1.85635,0.35489,-1.70453,0.39596,-1.55267,0.43703,-1.40081,0.47810,-1.24895,0.51918,-1.11274,0.56025,-0.97653,0.60132,-0.84033,0.64239,-0.72414,0.68346,-0.60795,0.72453,-0.49177,0.76560,-0.39998,0.80666,-0.30820,0.84773,-0.21641,0.88867,-0.15658,0.92962,-0.09674,0.97056,-0.03690
1205,0.01482,-3.13103,0.05219,-2.97711,0.08957,-2.82320,0.12694,-2.66928,0.16283,-2.50698,0.19872,-2.34468,0.23460,-2.18238,0.27468,-2.02899,0.31477,-1.87560,0.35485,-1.72220,0.39592,-1.56877,0.43699,-1.41534,0.47807,-1.26190,0.51914,-1.12428,0.56022,-0.98666,0.60129,-0.84904,0.64236,-0.73165,0.68344,-0.61426,0.72451,-0.49687,0.76558,-0.40413,0.80665,-0.31139,0.84772,-0.21865,0.88866,-0.15820,0.92961,-0.09774,0.97056,-0.03728
1210,0.01475,-3.16275,0.05214,-3.00727,0.08953,-2.85180,0.12692,-2.69632,0.16278,-2.53238,0.19864,-2.36845,0.23449,-2.20451,0.27460,-2.04956,0.31470,-1.89462,0.35480,-1.73967,0.39588,-1.58468,0.43696,-1.42969,0.47803,-1.27470,0.51911,-1.13569,0.56019,-0.99667,0.60126,-0.85765,0.64234,-0.73907,0.68342,-0.62049,0.72450,-0.50191,0.76557,-0.40823,0.80664,-0.31455,0.84771,-0.22087,0.88866,-0.15980,0.92961,-0.09873,0.97056,-0.03766
1215,0.01468,-3.19408,0.05209,-3.03706,0.08950,-2.88005,0.12691,-2.72303,0.16273,-2.55748,0.19856,-2.39193,0.23438,-2.22638,0.27451,-2.06989,0.31463,-1.91341,0.35476,-1.75692,0.39584,-1.60040,0.43692,-1.44387,0.47800,-1.28735,0.51908,-1.14695,0.56016,-1.00656,0.60124,-0.86616,0.64232,-0.74640,0.68340,-0.62664,0.72448,-0.50688,0.76555,-0.41227,0.80662,-0.31766,0.84770,-0.22305,0.88865,-0.16138,0.92960,-0.09971,0.97055,-0.03803
1220,0.01461,-3.22501,0.05204,-3.06648,0.08946,-2.90795,0.12689,-2.74942,0.16268,-2.58227,0.19848,-2.41512,0.23427,-2.24797,0.27442,-2.08997,0.31457,-1.93197,0.35472,-1.77396,0.39580,-1.61592,0.43688,-1.45788,0.47796,-1.29984,0.51905,-1.15808,0.56013,-1.01632,0.60121,-0.87457,0.64229,-0.75364,0.68338,-0.63272,0.72446,-0.51180,0.76554,-0.41627,0.80661,-0.32074,0.84769,-0.22521,0.88864,-0.16294,0.92960,-0.10067,0.97055,-0.03840
1225,0.01455,-3.25555,0.05199,-3.09552,0.08943,-2.93549,0.12687,-2.77545,0.16263,-2.60673,0.19840,-2.43801,0.23416,-2.26929,0.27433,-2.10978,0.31450,-1.95028,0.35468,-1.79078,0.39576,-1.63124,0.43685,-1.47170,0.47793,-1.31216,0.51901,-1.16906,0.56010,-1.02596,0.60118,-0.88286,0.64227,-0.76079,0.68336,-0.63872,0.72444,-0.51665,0.76552,-0.42021,0.80660,-0.32378,0.84768,-0.22734,0.88864,-0.16448,0.92959,-0.10162,0.97055,-0.03876
1230,0.01448,-3.28568,0.05194,-3.12417,0.08939,-2.96266,0.12685,-2.80115,0.16259,-2.63087,0.19832,-2.46059,0.23406,-2.29032,0.27425,-2.12934,0.31444,-1.96836,0.35463,-1.80737,0.39572,-1.64636,0.43681,-1.48534,0.47790,-1.32433,0.51898,-1.17990,0.56007,-1.03547,0.60116,-0.89104,0.64225,-0.76784,0.68334,-0.64464,0.72442,-0.52144,0.76551,-0.42411,0.80659,-0.32678,0.84767,-0.22945,0.88863,-0.16601,0.92959,-0.10256,0.97055,-0.03912
1235,0.01442,-3.31540,0.05189,-3.15243,0.08936,-2.98946,0.12683,-2.82649,0.16254,-2.65468,0.19825,-2.48287,0.23395,-2.31106,0.27417,-2.14862,0.31438,-1.98618,0.35459,-1.82374,0.39568,-1.66127,0.43677,-1.49879,0.47786,-1.33632,0.51895,-1.19058,0.56004,-1.04485,0.60113,-0.89911,0.64223,-0.77479,0.68332,-0.65048,0.72441,-0.52616,0.76549,-0.42795,0.80658,-0.32973,0.84766,-0.23152,0.88862,-0.16751,0.92958,-0.10349,0.97055,-0.03948
1240,0.01435,-3.34470,0.05184,-3.18029,0.08933,-3.01588,0.12681,-2.85147,0.16249,-2.67815,0.19817,-2.50483,0.23385,-2.33151,0.27408,-2.16763,0.31432,-2.00375,0.35455,-1.83987,0.39565,-1.67596,0.43674,-1.51205,0.47783,-1.34814,0.51892,-1.20112,0.56002,-1.05409,0.60111,-0.90707,0.64220,-0.78165,0.68330,-0.65623,0.72439,-0.53081,0.76548,-0.43173,0.80656,-0.33265,0.84765,-0.23357,0.88862,-0.16899,0.92958,-0.10440,0.97055,-0.03982
1245,0.01429,-3.37356,0.05179,-3.20773,0.08929,-3.04191,0.12680,-2.87608,0.16245,-2.70127,0.19810,-2.52646,0.23375,-2.35165,0.27400,-2.18636,0.31426,-2.02107,0.35451,-1.85577,0.39561,-1.69045,0.43670,-1.52512,0.47780,-1.35980,0.51889,-1.21150,0.55999,-1.06320,0.60109,-0.91491,0.64218,-0.78841,0.68328,-0.66190,0.72437,-0.53540,0.76546,-0.43546,0.80655,-0.33552,0.84764,-0.23558,0.88861,-0.17044,0.92958,-0.10530,0.97054,-0.04017
1250,0.01423,-3.40199,0.05175,-3.23477,0.08926,-3.06755,0.12678,-2.90032,0.16240,-2.72405,0.19802,-2.54777,0.23365,-2.37150,0.27392,-2.20481,0.31420,-2.03812,0.35447,-1.87143,0.39557,-1.70471,0.43667,-1.53799,0.47777,-1.37127,0.51887,-1.22172,0.55996,-1.07218,0.60106,-0.92263,0.64216,-0.79506,0.68326,-0.66749,0.72436,-0.53992,0.76545,-0.43913,0.80654,-0.33835,0.84763,-0.23757,0.88860,-0.17188,0.92957,-0.10619,0.97054,-0.04050
1255,0.01417,-3.42998,0.05170,-3.26138,0.08923,-3.09278,0.12676,-2.92419,0.16236,-2.74647,0.19795,-2.56875,0.23355,-2.39103,0.27384,-2.22297,0.31414,-2.05491,0.35444,-1.88684,0.39554,-1.71875,0.43664,-1.55066,0.47774,-1.38257,0.51884,-1.23179,0.55994,-1.08101,0.60104,-0.93023,0.64214,-0.80161,0.68324,-0.67298,0.72434,-0.54436,0.76544,-0.44275,0.80653,-0.34113,0.84762,-0.23952,0.88860,-0.17329,0.92957,-0.10706,0.97054,-0.04084
1260,0.01411,-3.45752,0.05166,-3.28757,0.08920,-3.11762,0.12674,-2.94767,0.16231,-2.76853,0.19788,-2.58939,0.23345,-2.41025,0.27377,-2.24084,0.31408,-2.07142,0.35440,-1.90201,0.39550,-1.73257,0.43660,-1.56312,0.47771,-1.39368,0.51881,-1.24169,0.55991,-1.08970,0.60101,-0.93771,0.64212,-0.80805,0.68322,-0.67839,0.72432,-0.54874,0.76542,-0.44630,0.80652,-0.34387,0.84762,-0.24144,0.88859,-0.17468,0.92956,-0.10792,0.97054,-0.04116
1265,0.01405,-3.48460,0.05161,-3.31332,0.08917,-3.14204,0.12673,-2.97076,0.16227,-2.79022,0.19781,-2.60969,0.23335,-2.42915,0.27369,-2.25841,0.31402,-2.08767,0.35436,-1.91692,0.39547,-1.74615,0.43657,-1.57538,0.47768,-1.40461,0.51878,-1.25143,0.55989,-1.09825,0.60099,-0.94506,0.64210,-0.81439,0.68320,-0.68371,0.72431,-0.55304,0.76541,-0.44980,0.80651,-0.34657,0.84761,-0.24333,0.88858,-0.17605,0.92956,-0.10877,0.97054,-0.04149
1270,0.01400,-3.51121,0.05157,-3.33863,0.08914,-3.16604,0.12671,-2.99346,0.16223,-2.81155,0.19774,-2.62964,0.23326,-2.44773,0.27361,-2.27568,0.31397,-2.10363,0.35432,-1.93158,0.39543,-1.75951,0.43654,-1.58743,0.47765,-1.41536,0.51875,-1.26100,0.55986,-1.10665,0.60097,-0.95229,0.64208,-0.82062,0.68319,-0.68894,0.72429,-0.55727,0.76540,-0.45324,0.80650,-0.34922,0.84760,-0.24519,0.88858,-0.17739,0.92956,-0.10960,0.97053,-0.04180
1275,0.01394,-3.53736,0.05152,-3.36349,0.08911,-3.18962,0.12670,-3.01575,0.16219,-2.83249,0.19768,-2.64924,0.23317,-2.46598,0.27354,-2.29265,0.31391,-2.11931,0.35429,-1.94598,0.39540,-1.77262,0.43651,-1.59927,0.47762,-1.42591,0.51873,-1.27040,0.55984,-1.11490,0.60095,-0.95939,0.64206,-0.82674,0.68317,-0.69408,0.72428,-0.56142,0.76538,-0.45662,0.80649,-0.35182,0.84759,-0.24701,0.88857,-0.17871,0.92955,-0.11041,0.97053,-0.04211
1280,0.01388,-3.56303,0.05148,-3.38790,0.08908,-3.21277,0.12668,-3.03764,0.16215,-2.85306,0.19761,-2.66848,0.23308,-2.48390,0.27347,-2.30930,0.31386,-2.13471,0.35425,-1.96012,0.39536,-1.78550,0.43648,-1.61089,0.47759,-1.43627,0.51870,-1.27964,0.55981,-1.12300,0.60093,-0.96636,0.64204,-0.83274,0.68315,-0.69912,0.72426,-0.56550,0.76537,-0.45994,0.80648,-0.35437,0.84758,-0.24881,0.88857,-0.18001,0.92955,-0.11121,0.97053,-0.04242
1285,0.01383,-3.58822,0.05144,-3.41185,0.08905,-3.23548,0.12666,-3.05912,0.16211,-2.87324,0.19755,-2.68736,0.23299,-2.50148,0.27340,-2.32565,0.31381,-2.14982,0.35422,-1.97399,0.39533,-1.79814,0.43645,-1.62229,0.47756,-1.44644,0.51868,-1.28869,0.55979,-1.13095,0.60090,-0.97321,0.64202,-0.83864,0.68313,-0.70407,0.72425,-0.56950,0.76536,-0.46319,0.80647,-0.35688,0.84758,-0.25056,0.88856,-0.18128,0.92955,-0.11200,0.97053,-0.04272
1290,0.01378,-3.61292,0.05140,-3.43534,0.08903,-3.25776,0.12665,-3.08018,0.16207,-2.89302,0.19748,-2.70587,0.23290,-2.51872,0.27333,-2.34167,0.31376,-2.16463,0.35418,-1.98759,0.39530,-1.81053,0.43642,-1.63347,0.47753,-1.45641,0.51865,-1.29758,0.55977,-1.13874,0.60088,-0.97991,0.64200,-0.84442,0.68312,-0.70892,0.72423,-0.57343,0.76535,-0.46638,0.80646,-0.35933,0.84757,-0.25229,0.88855,-0.18253,0.92954,-0.11277,0.97053,-0.04301
1295,0.01372,-3.63712,0.05136,-3.45835,0.08900,-3.27958,0.12663,-3.10082,0.16203,-2.91241,0.19742,-2.72401,0.23282,-2.53561,0.27326,-2.35738,0.31371,-2.17915,0.35415,-2.00092,0.39527,-1.82267,0.43639,-1.64442,0.47751,-1.46618,0.51863,-1.30628,0.55974,-1.14638,0.60086,-0.98649,0.64198,-0.85008,0.68310,-0.71368,0.72422,-0.57727,0.76533,-0.46951,0.80645,-0.36174,0.84756,-0.25398,0.88855,-0.18375,0.92954,-0.11352,0.97053,-0.04330
1300,0.01367,-3.66082,0.05132,-3.48089,0.08897,-3.30096,0.12662,-3.12103,0.16199,-2.93140,0.19736,-2.74178,0.23273,-2.55215,0.27319,-2.37276,0.31366,-2.19337,0.35412,-2.01397,0.39524,-1.83456,0.43636,-1.65515,0.47748,-1.47574,0.51860,-1.31480,0.55972,-1.15386,0.60084,-0.99292,0.64196,-0.85563,0.68309,-0.71833,0.72421,-0.58104,0.76532,-0.47257,0.80644,-0.36410,0.84755,-0.25563,0.88854,-0.18495,0.92953,-0.11426,0.97053,-0.04358
1305,0.01362,-3.68402,0.05128,-3.50295,0.08894,-3.32188,0.12661,-3.14081,0.16195,-2.94998,0.19730,-2.75916,0.23265,-2.56834,0.27313,-2.38781,0.31361,-2.20728,0.35409,-2.02675,0.39521,-1.84620,0.43633,-1.66565,0.47745,-1.48510,0.51858,-1.32314,0.55970,-1.16118,0.60082,-0.99922,0.64195,-0.86106,0.68307,-0.72289,0.72419,-0.58472,0.76531,-0.47556,0.80643,-0.36641,0.84755,-0.25725,0.88854,-0.18612,0.92953,-0.11499,0.97052,-0.04386
1310,0.01357,-3.70670,0.05125,-3.52452,0.08892,-3.34233,0.12659,-3.16015,0.16192,-2.96816,0.19724,-2.77617,0.23257,-2.58417,0.27306,-2.40253,0.31356,-2.22089,0.35405,-2.03924,0.39518,-1.85758,0.43630,-1.67592,0.47743,-1.49426,0.51855,-1.33130,0.55968,-1.16834,0.60080,-1.00538,0.64193,-0.86636,0.68306,-0.72735,0.72418,-0.58833,0.76530,-0.47850,0.80642,-0.36866,0.84754,-0.25883,0.88853,-0.18726,0.92953,-0.11570,0.97052,-0.04413
1315,0.01353,-3.72886,0.05121,-3.54559,0.08889,-3.36232,0.12658,-3.17905,0.16188,-2.98591,0.19719,-2.79278,0.23249,-2.59964,0.27300,-2.41691,0.31351,-2.23418,0.35402,-2.05145,0.39515,-1.86870,0.43628,-1.68595,0.47740,-1.50321,0.51853,-1.33927,0.55966,-1.17534,0.60079,-1.01140,0.64191,-0.87155,0.68304,-0.73170,0.72417,-0.59185,0.76529,-0.48136,0.80641,-0.37087,0.84753,-0.26038,0.88853,-0.18838,0.92952,-0.11639,0.97052,-0.04439
1320,0.01348,-3.75050,0.05117,-3.56617,0.08887,-3.38183,0.12657,-3.19750,0.16185,-3.00325,0.19713,-2.80900,0.23241,-2.61475,0.27294,-2.43095,0.31347,-2.24716,0.35399,-2.06337,0.39512,-1.87956,0.43625,-1.69575,0.47738,-1.51194,0.51851,-1.34705,0.55964,-1.18217,0.60077,-1.01728,0.64190,-0.87662,0.68303,-0.73595,0.72416,-0.59529,0.76528,-0.48415,0.80640,-0.37302,0.84752,-0.26189,0.88852,-0.18948,0.92952,-0.11706,0.97052,-0.04465
1325,0.01343,-3.77162,0.05114,-3.58624,0.08885,-3.40087,0.12655,-3.21550,0.16182,-3.02016,0.19708,-2.82482,0.23234,-2.62948,0.27288,-2.44465,0.31342,-2.25982,0.35396,-2.07499,0.39510,-1.89015,0.43623,-1.70531,0.47736,-1.52046,0.51849,-1.35465,0.55962,-1.18883,0.60075,-1.02301,0.64188,-0.88156,0.68301,-0.74010,0.72414,-0.59864,0.76527,-0.48688,0.80639,-0.37512,0.84752,-0.26336,0.88852,-0.19054,0.92952,-0.11772,0.97052,-0.04490
1330,0.01339,-3.79219,0.05111,-3.60581,0.08882,-3.41943,0.12654,-3.23305,0.16178,-3.03665,0.19703,-2.84025,0.23227,-2.64385,0.27282,-2.45801,0.31338,-2.27217,0.35394,-2.08633,0.39507,-1.90047,0.43620,-1.71462,0.47733,-1.52877,0.51847,-1.36205,0.55960,-1.19532,0.60073,-1.02860,0.64186,-0.88637,0.68300,-0.74414,0.72413,-0.60191,0.76526,-0.48954,0.80639,-0.37717,0.84751,-0.26480,0.88851,-0.19158,0.92952,-0.11836,0.97052,-0.04514
1335,0.01335,-3.81223,0.05107,-3.62487,0.08880,-3.43750,0.12653,-3.25013,0.16175,-3.05270,0.19697,-2.85527,0.23220,-2.65783,0.27277,-2.47101,0.31334,-2.28418,0.35391,-2.09736,0.39504,-1.91053,0.43618,-1.72369,0.47731,-1.53686,0.51845,-1.36925,0.55958,-1.20165,0.60071,-1.03404,0.64185,-0.89106,0.68298,-0.74808,0.72412,-0.60509,0.76525,-0.49213,0.80638,-0.37916,0.84751,-0.26620,0.88851,-0.19259,0.92951,-0.11899,0.97052,-0.04538
1340,0.01330,-3.83172,0.05104,-3.64340,0.08878,-3.45508,0.12652,-3.26676,0.16172,-3.06832,0.19692,-2.86988,0.23213,-2.67144,0.27271,-2.48366,0.31330,-2.29588,0.35388,-2.10810,0.39502,-1.92031,0.43615,-1.73252,0.47729,-1.54472,0.51843,-1.37626,0.55956,-1.20780,0.60070,-1.03934,0.64184,-0.89562,0.68297,-0.75191,0.72411,-0.60819,0.76524,-0.49465,0.80637,-0.38110,0.84750,-0.26756,0.88850,-0.19358,0.92951,-0.11959,0.97051,-0.04561
1345,0.01326,-3.85067,0.05101,-3.66142,0.08876,-3.47216,0.12650,-3.28291,0.16169,-3.08349,0.19688,-2.88408,0.23206,-2.68466,0.27266,-2.49595,0.31326,-2.30724,0.35386,-2.11853,0.39499,-1.92981,0.43613,-1.74109,0.47727,-1.55237,0.51841,-1.38308,0.55954,-1.21378,0.60068,-1.04448,0.64182,-0.90006,0.68296,-0.75563,0.72410,-0.61120,0.76523,-0.49709,0.80636,-0.38299,0.84749,-0.26888,0.88850,-0.19453,0.92951,-0.12019,0.97051,-0.04584
1350,0.01322,-3.86906,0.05098,-3.67890,0.08874,-3.48875,0.12649,-3.29859,0.16166,-3.09823,0.19683,-2.89786,0.23200,-2.69750,0.27261,-2.50788,0.31322,-2.31827,0.35383,-2.12866,0.39497,-1.93904,0.43611,-1.74942,0.47725,-1.55979,0.51839,-1.38969,0.55953,-1.21958,0.60067,-1.04948,0.64181,-0.90436,0.68295,-0.75924,0.72409,-0.61412,0.76522,-0.49947,0.80635,-0.38482,0.84749,-0.27016,0.88850,-0.19546,0.92950,-0.12076,0.97051,-0.04606
1355,0.01318,-3.88689,0.05095,-3.69586,0.08872,-3.50483,0.12648,-3.31380,0.16163,-3.11251,0.19678,-2.91123,0.23193,-2.70994,0.27256,-2.51946,0.31318,-2.32897,0.35381,-2.13848,0.39495,-1.94798,0.43609,-1.75749,0.47723,-1.56699,0.51837,-1.39610,0.55951,-1.22521,0.60065,-1.05432,0.64179,-0.90853,0.68293,-0.76274,0.72408,-0.61695,0.76521,-0.50177,0.80635,-0.38659,0.84748,-0.27141,0.88849,-0.19636,0.92950,-0.12132,0.97051,-0.04627
1360,0.01315,-3.90416,0.05092,-3.71228,0.08870,-3.52040,0.12647,-3.32852,0.16161,-3.12635,0.19674,-2.92417,0.23187,-2.72200,0.27251,-2.53066,0.31315,-2.33933,0.35378,-2.14799,0.39492,-1.95665,0.43607,-1.76530,0.47721,-1.57396,0.51835,-1.40231,0.55949,-1.23066,0.60064,-1.05901,0.64178,-0.91257,0.68292,-0.76614,0.72407,-0.61970,0.76520,-0.50400,0.80634,-0.38831,0.84748,-0.27261,0.88849,-0.19723,0.92950,-0.12185,0.97051,-0.04647
1365,0.01311,-3.92086,0.05089,-3.72817,0.08868,-3.53547,0.12646,-3.34277,0.16158,-3.13973,0.19670,-2.93669,0.23181,-2.73366,0.27246,-2.54150,0.31311,-2.34934,0.35376,-2.15719,0.39490,-1.96503,0.43605,-1.77287,0.47719,-1.58070,0.51834,-1.40832,0.55948,-1.23593,0.60062,-1.06355,0.64177,-0.91648,0.68291,-0.76942,0.72406,-0.62235,0.76520,-0.50616,0.80633,-0.38997,0.84747,-0.27378,0.88848,-0.19808,0.92950,-0.12237,0.97051,-0.04667
1370,0.01308,-3.93700,0.05087,-3.74350,0.08866,-3.55001,0.12645,-3.35652,0.16155,-3.15265,0.19665,-2.94878,0.23176,-2.74491,0.27242,-2.55197,0.31308,-2.35902,0.35374,-2.16607,0.39488,-1.97312,0.43603,-1.78017,0.47717,-1.58722,0.51832,-1.41412,0.55946,-1.24102,0.60061,-1.06793,0.64176,-0.92026,0.68290,-0.77259,0.72405,-0.62492,0.76519,-0.50825,0.80633,-0.39158,0.84747,-0.27491,0.88848,-0.19889,0.92949,-0.12288,0.97051,-0.04686
1375,0.01304,-3.95255,0.05084,-3.75830,0.08864,-3.56404,0.12644,-3.36979,0.16153,-3.16512,0.19661,-2.96044,0.23170,-2.75577,0.27237,-2.56206,0.31304,-2.36835,0.35372,-2.17464,0.39486,-1.98093,0.43601,-1.78721,0.47716,-1.59349,0.51830,-1.41971,0.55945,-1.24593,0.60060,-1.07215,0.64174,-0.92390,0.68289,-0.77564,0.72404,-0.62739,0.76518,-0.51026,0.80632,-0.39312,0.84746,-0.27599,0.88848,-0.19968,0.92949,-0.12336,0.97051,-0.04705
1380,0.01301,-3.96753,0.05082,-3.77254,0.08863,-3.57755,0.12643,-3.38256,0.16150,-3.17711,0.19658,-2.97167,0.23165,-2.76623,0.27233,-2.57178,0.31301,-2.37734,0.35369,-2.18289,0.39484,-1.98844,0.43599,-1.79399,0.47714,-1.59954,0.51829,-1.42510,0.55944,-1.25066,0.60058,-1.07622,0.64173,-0.92740,0.68288,-0.77858,0.72403,-0.62977,0.76517,-0.51219,0.80631,-0.39461,0.84746,-0.27704,0.88847,-0.20043,0.92949,-0.12383,0.97051,-0.04723
1385,0.01298,-3.98193,0.05079,-3.78623,0.08861,-3.59053,0.12642,-3.39483,0.16148,-3.18865,0.19654,-2.98246,0.23160,-2.77627,0.27229,-2.58112,0.31298,-2.38597,0.35368,-2.19082,0.39482,-1.99566,0.43597,-1.80051,0.47712,-1.60535,0.51827,-1.43028,0.55942,-1.25520,0.60057,-1.08013,0.64172,-0.93077,0.68287,-0.78141,0.72402,-0.63205,0.76517,-0.51405,0.80631,-0.39605,0.84745,-0.27804,0.88847,-0.20116,0.92949,-0.12428,0.97051,-0.04740
1390,0.01295,-3.99573,0.05077,-3.79936,0.08859,-3.60298,0.12642,-3.40661,0.16146,-3.19971,0.19650,-2.99281,0.23155,-2.78591,0.27225,-2.59008,0.31295,-2.39425,0.35366,-2.19842,0.39481,-2.00259,0.43596,-1.80676,0.47711,-1.61092,0.51826,-1.43524,0.55941,-1.25956,0.60056,-1.08388,0.64171,-0.93400,0.68286,-0.78413,0.72401,-0.63425,0.76516,-0.51583,0.80630,-0.39742,0.84745,-0.27901,0.88847,-0.20186,0.92949,-0.12471,0.97050,-0.04756
1395,0.01292,-4.00895,0.05075,-3.81193,0.08858,-3.61490,0.12641,-3.41788,0.16144,-3.21030,0.19647,-3.00272,0.23150,-2.79514,0.27221,-2.59866,0.31293,-2.40218,0.35364,-2.20570,0.39479,-2.00922,0.43594,-1.81274,0.47709,-1.61626,0.51825,-1.44000,0.55940,-1.26373,0.60055,-1.08747,0.64170,-0.93710,0.68285,-0.78672,0.72401,-0.63635,0.76515,-0.51754,0.80630,-0.39873,0.84744,-0.27993,0.88846,-0.20253,0.92948,-0.12512,0.97050,-0.04772
1400,0.01289,-4.02158,0.05073,-3.82394,0.08856,-3.62629,0.12640,-3.42865,0.16142,-3.22041,0.19644,-3.01218,0.23146,-2.80395,0.27218,-2.60685,0.31290,-2.40975,0.35362,-2.21266,0.39477,-2.01556,0.43593,-1.81846,0.47708,-1.62136,0.51823,-1.44454,0.55939,-1.26772,0.60054,-1.09090,0.64169,-0.94005,0.68285,-0.78920,0.72400,-0.63835,0.76515,-0.51917,0.80629,-0.39999,0.84744,-0.28081,0.88846,-0.20316,0.92948,-0.12552,0.97050,-0.04787
1405,0.01287,-4.03361,0.05071,-3.83537,0.08855,-3.63714,0.12639,-3.43890,0.16140,-3.23005,0.19641,-3.02120,0.23141,-2.81235,0.27214,-2.61466,0.31287,-2.41697,0.35360,-2.21928,0.39476,-2.02159,0.43591,-1.82390,0.47707,-1.62621,0.51822,-1.44886,0.55937,-1.27152,0.60053,-1.09417,0.64168,-0.94287,0.68284,-0.79157,0.72399,-0.64026,0.76514,-0.52073,0.80629,-0.40119,0.84744,-0.28165,0.88846,-0.20377,0.92948,-0.12589,0.97050,-0.04801
1410,0.01284,-4.04504,0.05069,-3.84625,0.08854,-3.64745,0.12639,-3.44865,0.16138,-3.23921,0.19638,-3.02977,0.23137,-2.82033,0.27211,-2.62208,0.31285,-2.42383,0.35359,-2.22558,0.39474,-2.02733,0.43590,-1.82908,0.47705,-1.63083,0.51821,-1.45297,0.55936,-1.27512,0.60052,-1.09727,0.64167,-0.94554,0.68283,-0.79381,0.72399,-0.64208,0.76513,-0.52220,0.80628,-0.40233,0.84743,-0.28245,0.88846,-0.20435,0.92948,-0.12625,0.97050,-0.04815
1415,0.01282,-4.05587,0.05067,-3.85654,0.08853,-3.65721,0.12638,-3.45789,0.16136,-3.24789,0.19635,-3.03789,0.23134,-2.82789,0.27208,-2.62910,0.31283,-2.43032,0.35357,-2.23154,0.39473,-2.03276,0.43589,-1.83398,0.47704,-1.63520,0.51820,-1.45687,0.55935,-1.27854,0.60051,-1.10021,0.64167,-0.94808,0.68282,-0.79594,0.72398,-0.64380,0.76513,-0.52360,0.80628,-0.40340,0.84743,-0.28320,0.88845,-0.20489,0.92948,-0.12659,0.97050,-0.04828
1420,0.01280,-4.06610,0.05066,-3.86627,0.08851,-3.66644,0.12637,-3.46660,0.16135,-3.25608,0.19632,-3.04555,0.23130,-2.83502,0.27205,-2.63574,0.31281,-2.43646,0.35356,-2.23717,0.39472,-2.03789,0.43587,-1.83861,0.47703,-1.63932,0.51819,-1.46055,0.55934,-1.28177,0.60050,-1.10299,0.64166,-0.95047,0.68282,-0.79795,0.72397,-0.64543,0.76512,-0.52492,0.80628,-0.40442,0.84743,-0.28392,0.88845,-0.20541,0.92948,-0.12690,0.97050,-0.04840
1425,0.01278,-4.07572,0.05064,-3.87541,0.08850,-3.67511,0.12637,-3.47481,0.16133,-3.26378,0.19630,-3.05276,0.23127,-2.84174,0.27203,-2.64198,0.31279,-2.44223,0.35355,-2.24247,0.39470,-2.04272,0.43586,-1.84296,0.47702,-1.64321,0.51818,-1.46401,0.55933,-1.28480,0.60049,-1.10560,0.64165,-0.95272,0.68281,-0.79984,0.72397,-0.64695,0.76512,-0.52617,0.80627,-0.40538,0.84742,-0.28459,0.88845,-0.20590,0.92947,-0.12720,0.97050,-0.04851
1430,0.01276,-4.08472,0.05063,-3.88398,0.08849,-3.68323,0.12636,-3.48249,0.16132,-3.27100,0.19628,-3.05951,0.23123,-2.84803,0.27200,-2.64783,0.31277,-2.44763,0.35353,-2.24743,0.39469,-2.04724,0.43585,-1.84704,0.47701,-1.64684,0.51817,-1.46725,0.55933,-1.28765,0.60048,-1.10805,0.64164,-0.95483,0.68280,-0.80161,0.72396,-0.64839,0.76512,-0.52733,0.80627,-0.40627,0.84742,-0.28522,0.88845,-0.20635,0.92947,-0.12749,0.97050,-0.04862
1435,0.01274,-4.09312,0.05061,-3.89196,0.08848,-3.69081,0.12636,-3.48965,0.16131,-3.27773,0.19625,-3.06581,0.23120,-2.85389,0.27198,-2.65328,0.31275,-2.45267,0.35352,-2.25206,0.39468,-2.05145,0.43584,-1.85084,0.47700,-1.65023,0.51816,-1.47027,0.55932,-1.29030,0.60048,-1.11033,0.64164,-0.95679,0.68280,-0.80326,0.72396,-0.64972,0.76511,-0.52841,0.80626,-0.40711,0.84742,-0.28580,0.88845,-0.20678,0.92947,-0.12775,0.97050,-0.04872
1440,0.01272,-4.10091,0.05060,-3.89937,0.08848,-3.69783,0.12635,-3.49629,0.16129,-3.28396,0.19623,-3.07164,0.23118,-2.85932,0.27195,-2.65833,0.31273,-2.45734,0.35351,-2.25634,0.39467,-2.05535,0.43583,-1.85436,0.47699,-1.65337,0.51815,-1.47306,0.55931,-1.29275,0.60047,-1.11244,0.64163,-0.95862,0.68279,-0.80479,0.72395,-0.65096,0.76511,-0.52942,0.80626,-0.40788,0.84742,-0.28635,0.88844,-0.20717,0.92947,-0.12799,0.97050,-0.04881
1445,0.01271,-4.10807,0.05059,-3.90618,0.08847,-3.70429,0.12635,-3.50240,0.16128,-3.28971,0.19622,-3.07701,0.23115,-2.86432,0.27193,-2.66298,0.31272,-2.46163,0.35350,-2.26029,0.39466,-2.05895,0.43582,-1.85761,0.47698,-1.65627,0.51814,-1.47564,0.55930,-1.29502,0.60046,-1.11439,0.64163,-0.96029,0.68279,-0.80619,0.72395,-0.65210,0.76510,-0.53035,0.80626,-0.40860,0.84741,-0.28685,0.88844,-0.20753,0.92947,-0.12821,0.97050,-0.04890
1450,0.01269,-4.11463,0.05058,-3.91241,0.08846,-3.71020,0.12634,-3.50799,0.16127,-3.29496,0.19620,-3.08193,0.23113,-2.86890,0.27192,-2.66723,0.31270,-2.46556,0.35349,-2.26390,0.39465,-2.06224,0.43581,-1.86057,0.47698,-1.65891,0.51814,-1.47800,0.55930,-1.29708,0.60046,-1.11617,0.64162,-0.96183,0.68278,-0.80748,0.72394,-0.65314,0.76510,-0.53119,0.80626,-0.40925,0.84741,-0.28730,0.88844,-0.20786,0.92947,-0.12842,0.97050,-0.04898
1455,0.01268,-4.12056,0.05057,-3.91805,0.08845,-3.71555,0.12634,-3.51304,0.16126,-3.29971,0.19618,-3.08637,0.23111,-2.87304,0.27190,-2.67108,0.31269,-2.46912,0.35348,-2.26717,0.39465,-2.06521,0.43581,-1.86326,0.47697,-1.66131,0.51813,-1.48013,0.55929,-1.29896,0.60045,-1.11778,0.64162,-0.96321,0.68278,-0.80865,0.72394,-0.65408,0.76510,-0.53196,0.80625,-0.40984,0.84741,-0.28772,0.88844,-0.20816,0.92947,-0.12860,0.97050,-0.04905
1460,0.01267,-4.12587,0.05056,-3.92310,0.08845,-3.72034,0.12634,-3.51757,0.16125,-3.30396,0.19617,-3.09035,0.23109,-2.87674,0.27188,-2.67453,0.31268,-2.47231,0.35348,-2.27009,0.39464,-2.06788,0.43580,-1.86566,0.47696,-1.66345,0.51813,-1.48204,0.55929,-1.30063,0.60045,-1.11922,0.64161,-0.96446,0.68278,-0.80969,0.72394,-0.65492,0.76509,-0.53264,0.80625,-0.41037,0.84741,-0.28809,0.88844,-0.20843,0.92947,-0.12877,0.97050,-0.04911
1465,0.01266,-4.13056,0.05055,-3.92756,0.08844,-3.72457,0.12633,-3.52157,0.16125,-3.30772,0.19616,-3.09387,0.23107,-2.88002,0.27187,-2.67757,0.31267,-2.47512,0.35347,-2.27267,0.39463,-2.07023,0.43580,-1.86779,0.47696,-1.66534,0.51812,-1.48373,0.55928,-1.30211,0.60045,-1.12050,0.64161,-0.96555,0.68277,-0.81061,0.72394,-0.65567,0.76509,-0.53325,0.80625,-0.41083,0.84741,-0.28842,0.88844,-0.20867,0.92947,-0.12892,0.97050,-0.04916
1470,0.01265,-4.13463,0.05054,-3.93143,0.08844,-3.72824,0.12633,-3.52504,0.16124,-3.31098,0.19615,-3.09692,0.23106,-2.88286,0.27186,-2.68021,0.31266,-2.47756,0.35346,-2.27491,0.39463,-2.07227,0.43579,-1.86963,0.47695,-1.66699,0.51812,-1.48519,0.55928,-1.30340,0.60044,-1.12160,0.64161,-0.96651,0.68277,-0.81141,0.72393,-0.65631,0.76509,-0.53378,0.80625,-0.41124,0.84741,-0.28870,0.88844,-0.20887,0.92947,-0.12904,0.97050,-0.04921
1475,0.01264,-4.13807,0.05054,-3.93471,0.08843,-3.73134,0.12633,-3.52798,0.16123,-3.31374,0.19614,-3.09950,0.23105,-2.88526,0.27185,-2.68244,0.31266,-2.47963,0.35346,-2.27681,0.39462,-2.07400,0.43579,-1.87119,0.47695,-1.66838,0.51811,-1.48643,0.55928,-1.30448,0.60044,-1.12254,0.64160,-0.96731,0.68277,-0.81209,0.72393,-0.65686,0.76509,-0.53422,0.80625,-0.41158,0.84740,-0.28894,0.88843,-0.20904,0.92947,-0.12915,0.97050,-0.04925
1480,0.01264,-4.14089,0.05053,-3.93739,0.08843,-3.73388,0.12633,-3.53038,0.16123,-3.31600,0.19613,-3.10161,0.23104,-2.88723,0.27184,-2.68427,0.31265,-2.48132,0.35346,-2.27836,0.39462,-2.07541,0.43578,-1.87246,0.47695,-1.66951,0.51811,-1.48744,0.55927,-1.30537,0.60044,-1.12330,0.64160,-0.96797,0.68277,-0.81264,0.72393,-0.65731,0.76509,-0.53459,0.80625,-0.41186,0.84740,-0.28914,0.88843,-0.20919,0.92946,-0.12924,0.97050,-0.04929
1485,0.01263,-4.14308,0.05053,-3.93947,0.08843,-3.73586,0.12633,-3.53225,0.16123,-3.31775,0.19613,-3.10326,0.23103,-2.88876,0.27184,-2.68570,0.31264,-2.48263,0.35345,-2.27957,0.39462,-2.07651,0.43578,-1.87346,0.47694,-1.67040,0.51811,-1.48823,0.55927,-1.30607,0.60044,-1.12390,0.64160,-0.96849,0.68276,-0.81307,0.72393,-0.65766,0.76509,-0.53487,0.80624,-0.41208,0.84740,-0.28929,0.88843,-0.20930,0.92946,-0.12931,0.97050,-0.04931
1490,0.01263,-4.14465,0.05053,-3.94096,0.08843,-3.73727,0.12633,-3.53359,0.16122,-3.31901,0.19612,-3.10443,0.23102,-2.88985,0.27183,-2.68671,0.31264,-2.48357,0.35345,-2.28043,0.39462,-2.07730,0.43578,-1.87417,0.47694,-1.67103,0.51811,-1.48880,0.55927,-1.30656,0.60043,-1.12432,0.64160,-0.96885,0.68276,-0.81338,0.72393,-0.65791,0.76509,-0.53507,0.80624,-0.41224,0.84740,-0.28940,0.88843,-0.20938,0.92946,-0.12935,0.97050,-0.04933
1495,0.01263,-4.14559,0.05053,-3.94186,0.08843,-3.73812,0.12632,-3.53439,0.16122,-3.31976,0.19612,-3.10514,0.23102,-2.89051,0.27183,-2.68732,0.31264,-2.48414,0.35345,-2.28095,0.39461,-2.07777,0.43578,-1.87459,0.47694,-1.67141,0.51811,-1.48913,0.55927,-1.30686,0.60043,-1.12458,0.64160,-0.96907,0.68276,-0.81356,0.72393,-0.65806,0.76509,-0.53519,0.80624,-0.41233,0.84740,-0.28947,0.88843,-0.20942,0.92946,-0.12938,0.97050,-0.04934
1500,0.01263,-4.14591,0.05053,-3.94216,0.08842,-3.73841,0.12632,-3.53466,0.16122,-3.32001,0.19612,-3.10537,0.23102,-2.89073,0.27183,-2.68753,0.31264,-2.48433,0.35345,-2.28113,0.39461,-2.07793,0.43578,-1.87473,0.47694,-1.67154,0.51811,-1.48925,0.55927,-1.30696,0.60043,-1.12467,0.64160,-0.96915,0.68276,-0.81363,0.72393,-0.65811,0.76509,-0.53523,0.80624,-0.41236,0.84740,-0.28949,0.88843,-0.20944,0.92946,-0.12939,0.97050,-0.04935
1505,0.01263,-4.14559,0.05053,-3.94186,0.08843,-3.73813,0.12632,-3.53439,0.16122,-3.31976,0.19612,-3.10514,0.23102,-2.89051,0.27183,-2.68733,0.31264,-2.48414,0.35345,-2.28095,0.39461,-2.07777,0.43578,-1.87459,0.47694,-1.67141,0.51811,-1.48914,0.55927,-1.30686,0.60043,-1.12458,0.64160,-0.96907,0.68276,-0.81356,0.72393,-0.65806,0.76509,-0.53519,0.80624,-0.41233,0.84740,-0.28947,0.88843,-0.20942,0.92946,-0.12938,0.97050,-0.04934
1510,0.01263,-4.14466,0.05053,-3.94097,0.08843,-3.73728,0.12633,-3.53359,0.16122,-3.31901,0.19612,-3.10443,0.23102,-2.88986,0.27183,-2.68672,0.31264,-2.48358,0.35345,-2.28044,0.39462,-2.07730,0.43578,-1.87417,0.47694,-1.67103,0.51811,-1.48880,0.55927,-1.30656,0.60043,-1.12433,0.64160,-0.96885,0.68276,-0.81338,0.72393,-0.65791,0.76509,-0.53507,0.80624,-0.41224,0.84740,-0.28940,0.88843,-0.20938,0.92946,-0.12935,0.97050,-0.04933
1515,0.01263,-4.14309,0.05053,-3.93948,0.08843,-3.73587,0.12633,-3.53226,0.16123,-3.31776,0.19613,-3.10326,0.23103,-2.88876,0.27184,-2.68570,0.31264,-2.48264,0.35345,-2.27958,0.39462,-2.07652,0.43578,-1.87346,0.47694,-1.67040,0.51811,-1.48824,0.55927,-1.30607,0.60044,-1.12390,0.64160,-0.96849,0.68276,-0.81307,0.72393,-0.65766,0.76509,-0.53487,0.80624,-0.41208,0.84740,-0.28929,0.88843,-0.20930,0.92946,-0.12931,0.97050,-0.04931
1520,0.01264,-4.14090,0.05053,-3.93740,0.08843,-3.73389,0.12633,-3.53039,0.16123,-3.31600,0.19613,-3.10162,0.23104,-2.88723,0.27184,-2.68428,0.31265,-2.48132,0.35346,-2.27837,0.39462,-2.07542,0.43578,-1.87247,0.47695,-1.66952,0.51811,-1.48745,0.55927,-1.30538,0.60044,-1.12331,0.64160,-0.96797,0.68277,-0.81264,0.72393,-0.65731,0.76509,-0.53459,0.80625,-0.41186,0.84740,-0.28914,0.88843,-0.20919,0.92946,-0.12924,0.97050,-0.04929
1525,0.01264,-4.13808,0.05054,-3.93472,0.08843,-3.73135,0.12633,-3.52799,0.16123,-3.31375,0.19614,-3.09951,0.23105,-2.88527,0.27185,-2.68245,0.31266,-2.47963,0.35346,-2.27682,0.39462,-2.07401,0.43579,-1.87119,0.47695,-1.66838,0.51811,-1.48643,0.55928,-1.30449,0.60044,-1.12254,0.64160,-0.96732,0.68277,-0.81209,0.72393,-0.65686,0.76509,-0.53422,0.80625,-0.41158,0.84740,-0.28894,0.88843,-0.20905,0.92947,-0.12915,0.97050,-0.04925
1530,0.01265,-4.13464,0.05054,-3.93145,0.08844,-3.72825,0.12633,-3.52505,0.16124,-3.31099,0.19615,-3.09693,0.23106,-2.88287,0.27186,-2.68022,0.31266,-2.47757,0.35346,-2.27492,0.39463,-2.07228,0.43579,-1.86964,0.47695,-1.66699,0.51812,-1.48520,0.55928,-1.30340,0.60044,-1.12161,0.64161,-0.96651,0.68277,-0.81141,0.72393,-0.65632,0.76509,-0.53378,0.80625,-0.41124,0.84741,-0.28870,0.88844,-0.20887,0.92947,-0.12904,0.97050,-0.04921
1535,0.01266,-4.13058,0.05055,-3.92758,0.08844,-3.72458,0.12633,-3.52159,0.16125,-3.30773,0.19616,-3.09388,0.23107,-2.88003,0.27187,-2.67758,0.31267,-2.47513,0.35347,-2.27268,0.39463,-2.07024,0.43580,-1.86780,0.47696,-1.66535,0.51812,-1.48374,0.55928,-1.30212,0.60045,-1.12050,0.64161,-0.96556,0.68277,-0.81062,0.72394,-0.65567,0.76509,-0.53325,0.80625,-0.41084,0.84741,-0.28842,0.88844,-0.20867,0.92947,-0.12892,0.97050,-0.04916
1540,0.01267,-4.12589,0.05056,-3.92312,0.08845,-3.72036,0.12634,-3.51759,0.16125,-3.30398,0.19617,-3.09037,0.23109,-2.87676,0.27188,-2.67454,0.31268,-2.47232,0.35348,-2.27010,0.39464,-2.06789,0.43580,-1.86567,0.47696,-1.66346,0.51813,-1.48205,0.55929,-1.30064,0.60045,-1.11923,0.64161,-0.96446,0.68278,-0.80969,0.72394,-0.65493,0.76509,-0.53265,0.80625,-0.41037,0.84741,-0.28809,0.88844,-0.20843,0.92947,-0.12877,0.97050,-0.04911
1545,0.01268,-4.12058,0.05057,-3.91807,0.08845,-3.71557,0.12634,-3.51306,0.16126,-3.29973,0.19618,-3.08639,0.23111,-2.87305,0.27190,-2.67109,0.31269,-2.46914,0.35348,-2.26718,0.39465,-2.06522,0.43581,-1.86327,0.47697,-1.66132,0.51813,-1.48014,0.55929,-1.29896,0.60045,-1.11779,0.64162,-0.96322,0.68278,-0.80865,0.72394,-0.65408,0.76510,-0.53196,0.80625,-0.40984,0.84741,-0.28772,0.88844,-0.20816,0.92947,-0.12860,0.97050,-0.04905
1550,0.01269,-4.11465,0.05058,-3.91244,0.08846,-3.71022,0.12634,-3.50801,0.16127,-3.29498,0.19620,-3.08194,0.23113,-2.86891,0.27192,-2.66725,0.31270,-2.46558,0.35349,-2.26391,0.39465,-2.06225,0.43581,-1.86059,0.47698,-1.65892,0.51814,-1.47801,0.55930,-1.29709,0.60046,-1.11618,0.64162,-0.96183,0.68278,-0.80749,0.72394,-0.65314,0.76510,-0.53120,0.80626,-0.40925,0.84741,-0.28731,0.88844,-0.20786,0.92947,-0.12842,0.97050,-0.04898
1555,0.01271,-4.10810,0.05059,-3.90621,0.08847,-3.70432,0.12635,-3.50242,0.16128,-3.28973,0.19622,-3.07704,0.23115,-2.86434,0.27193,-2.66300,0.31272,-2.46165,0.35350,-2.26031,0.39466,-2.05896,0.43582,-1.85762,0.47698,-1.65628,0.51814,-1.47565,0.55930,-1.29503,0.60046,-1.11440,0.64163,-0.96030,0.68279,-0.80620,0.72395,-0.65210,0.76510,-0.53035,0.80626,-0.40860,0.84741,-0.28685,0.88844,-0.20753,0.92947,-0.12821,0.97050,-0.04890
1560,0.01272,-4.10094,0.05060,-3.89939,0.08848,-3.69785,0.12635,-3.49631,0.16129,-3.28399,0.19623,-3.07166,0.23118,-2.85934,0.27195,-2.65835,0.31273,-2.45735,0.35351,-2.25636,0.39467,-2.05537,0.43583,-1.85438,0.47699,-1.65339,0.51815,-1.47308,0.55931,-1.29276,0.60047,-1.11245,0.64163,-0.95862,0.68279,-0.80479,0.72395,-0.65096,0.76511,-0.52942,0.80626,-0.40789,0.84742,-0.28635,0.88844,-0.20717,0.92947,-0.12799,0.97050,-0.04881
1565,0.01274,-4.09315,0.05061,-3.89200,0.08848,-3.69084,0.12636,-3.48968,0.16131,-3.27775,0.19625,-3.06583,0.23120,-2.85391,0.27198,-2.65330,0.31275,-2.45269,0.35352,-2.25208,0.39468,-2.05147,0.43584,-1.85086,0.47700,-1.65025,0.51816,-1.47028,0.55932,-1.29031,0.60048,-1.11034,0.64164,-0.95680,0.68280,-0.80326,0.72396,-0.64973,0.76511,-0.52842,0.80626,-0.40711,0.84742,-0.28581,0.88845,-0.20678,0.92947,-0.12775,0.97050,-0.04872
1570,0.01276,-4.08476,0.05063,-3.88401,0.08849,-3.68327,0.12636,-3.48252,0.16132,-3.27103,0.19628,-3.05954,0.23123,-2.84805,0.27200,-2.64785,0.31277,-2.44765,0.35353,-2.24745,0.39469,-2.04725,0.43585,-1.84706,0.47701,-1.64686,0.51817,-1.46726,0.55933,-1.28766,0.60048,-1.10806,0.64164,-0.95484,0.68280,-0.80161,0.72396,-0.64839,0.76512,-0.52733,0.80627,-0.40628,0.84742,-0.28522,0.88845,-0.20635,0.92947,-0.12749,0.97050,-0.04862
1575,0.01278,-4.07575,0.05064,-3.87545,0.08850,-3.67514,0.12637,-3.47484,0.16133,-3.26381,0.19630,-3.05279,0.23127,-2.84176,0.27203,-2.64201,0.31279,-2.44225,0.35355,-2.24249,0.39470,-2.04274,0.43586,-1.84298,0.47702,-1.64322,0.51818,-1.46402,0.55933,-1.28482,0.60049,-1.10561,0.64165,-0.95273,0.68281,-0.79985,0.72397,-0.64696,0.76512,-0.52617,0.80627,-0.40538,0.84742,-0.28459,0.88845,-0.20590,0.92947,-0.12721,0.97050,-0.04851
1580,0.01280,-4.06614,0.05066,-3.86630,0.08851,-3.66647,0.12637,-3.46664,0.16135,-3.25611,0.19632,-3.04558,0.23130,-2.83505,0.27205,-2.63577,0.31281,-2.43648,0.35356,-2.23720,0.39472,-2.03791,0.43587,-1.83863,0.47703,-1.63934,0.51819,-1.46056,0.55934,-1.28178,0.60050,-1.10300,0.64166,-0.95048,0.68282,-0.79796,0.72397,-0.64543,0.76512,-0.52493,0.80628,-0.40442,0.84743,-0.28392,0.88845,-0.20541,0.92948,-0.12691,0.97050,-0.04840
1585,0.01282,-4.05591,0.05067,-3.85658,0.08853,-3.65725,0.12638,-3.45792,0.16136,-3.24792,0.19635,-3.03792,0.23134,-2.82792,0.27208,-2.62913,0.31283,-2.43035,0.35357,-2.23157,0.39473,-2.03278,0.43589,-1.83400,0.47704,-1.63522,0.51820,-1.45689,0.55935,-1.27856,0.60051,-1.10023,0.64167,-0.94809,0.68282,-0.79595,0.72398,-0.64381,0.76513,-0.52361,0.80628,-0.40341,0.84743,-0.28321,0.88845,-0.20490,0.92948,-0.12659,0.97050,-0.04828
1590,0.01284,-4.04509,0.05069,-3.84629,0.08854,-3.64749,0.12639,-3.44869,0.16138,-3.23925,0.19638,-3.02980,0.23137,-2.82036,0.27211,-2.62211,0.31285,-2.42386,0.35359,-2.22560,0.39474,-2.02735,0.43590,-1.82910,0.47705,-1.63085,0.51821,-1.45299,0.55936,-1.27514,0.60052,-1.09729,0.64167,-0.94555,0.68283,-0.79382,0.72399,-0.64209,0.76513,-0.52221,0.80628,-0.40233,0.84743,-0.28245,0.88846,-0.20435,0.92948,-0.12625,0.97050,-0.04815
1595,0.01287,-4.03366,0.05071,-3.83542,0.08855,-3.63718,0.12639,-3.43894,0.16140,-3.23009,0.19641,-3.02124,0.23141,-2.81238,0.27214,-2.61469,0.31287,-2.41700,0.35360,-2.21931,0.39476,-2.02162,0.43591,-1.82392,0.47707,-1.62623,0.51822,-1.44888,0.55937,-1.27153,0.60053,-1.09418,0.64168,-0.94288,0.68284,-0.79158,0.72399,-0.64027,0.76514,-0.52073,0.80629,-0.40119,0.84744,-0.28165,0.88846,-0.20377,0.92948,-0.12589,0.97050,-0.04801
1600,0.01289,-4.02163,0.05073,-3.82398,0.08856,-3.62633,0.12640,-3.42869,0.16142,-3.22045,0.19644,-3.01222,0.23146,-2.80399,0.27218,-2.60689,0.31290,-2.40979,0.35362,-2.21268,0.39477,-2.01558,0.43593,-1.81848,0.47708,-1.62138,0.51823,-1.44456,0.55939,-1.26774,0.60054,-1.09092,0.64169,-0.94006,0.68285,-0.78921,0.72400,-0.63836,0.76515,-0.51918,0.80629,-0.40000,0.84744,-0.28081,0.88846,-0.20317,0.92948,-0.12552,0.97050,-0.04787
1605,0.01292,-4.00901,0.05075,-3.81198,0.08858,-3.61495,0.12641,-3.41792,0.16144,-3.21034,0.19647,-3.00276,0.23150,-2.79518,0.27221,-2.59869,0.31293,-2.40221,0.35364,-2.20573,0.39479,-2.00925,0.43594,-1.81277,0.47709,-1.61628,0.51825,-1.44002,0.55940,-1.26375,0.60055,-1.08749,0.64170,-0.93711,0.68285,-0.78673,0.72401,-0.63636,0.76515,-0.51755,0.80630,-0.39874,0.84744,-0.27993,0.88846,-0.20253,0.92948,-0.12512,0.97050,-0.04772
1610,0.01295,-3.99579,0.05077,-3.79941,0.08859,-3.60303,0.12642,-3.40665,0.16146,-3.19975,0.19650,-2.99285,0.23155,-2.78595,0.27225,-2.59012,0.31295,-2.39429,0.35366,-2.19845,0.39481,-2.00262,0.43596,-1.80678,0.47711,-1.61095,0.51826,-1.43526,0.55941,-1.25958,0.60056,-1.08390,0.64171,-0.93402,0.68286,-0.78414,0.72401,-0.63426,0.76516,-0.51584,0.80630,-0.39743,0.84745,-0.27901,0.88847,-0.20186,0.92949,-0.12471,0.97050,-0.04756
1615,0.01298,-3.98198,0.05079,-3.78628,0.08861,-3.59058,0.12642,-3.39488,0.16148,-3.18869,0.19654,-2.98250,0.23160,-2.77631,0.27229,-2.58116,0.31298,-2.38600,0.35368,-2.19085,0.39482,-1.99569,0.43597,-1.80053,0.47712,-1.60537,0.51827,-1.43030,0.55942,-1.25522,0.60057,-1.08015,0.64172,-0.93079,0.68287,-0.78142,0.72402,-0.63206,0.76517,-0.51406,0.80631,-0.39605,0.84745,-0.27805,0.88847,-0.20116,0.92949,-0.12428,0.97051,-0.04740
1620,0.01301,-3.96759,0.05082,-3.77260,0.08863,-3.57760,0.12643,-3.38261,0.16150,-3.17716,0.19658,-2.97172,0.23165,-2.76627,0.27233,-2.57182,0.31301,-2.37737,0.35369,-2.18292,0.39484,-1.98847,0.43599,-1.79402,0.47714,-1.59957,0.51829,-1.42512,0.55944,-1.25068,0.60058,-1.07624,0.64173,-0.92742,0.68288,-0.77860,0.72403,-0.62978,0.76517,-0.51220,0.80631,-0.39462,0.84746,-0.27704,0.88847,-0.20044,0.92949,-0.12383,0.97051,-0.04723
1625,0.01304,-3.95261,0.05084,-3.75836,0.08864,-3.56410,0.12644,-3.36984,0.16153,-3.16516,0.19661,-2.96049,0.23170,-2.75582,0.27237,-2.56210,0.31304,-2.36839,0.35372,-2.17468,0.39486,-1.98096,0.43601,-1.78724,0.47716,-1.59352,0.51830,-1.41974,0.55945,-1.24595,0.60060,-1.07217,0.64174,-0.92391,0.68289,-0.77566,0.72404,-0.62740,0.76518,-0.51026,0.80632,-0.39313,0.84746,-0.27600,0.88848,-0.19968,0.92949,-0.12337,0.97051,-0.04705
1630,0.01308,-3.93706,0.05087,-3.74357,0.08866,-3.55007,0.12645,-3.35658,0.16155,-3.15270,0.19665,-2.94883,0.23176,-2.74496,0.27242,-2.55201,0.31308,-2.35906,0.35374,-2.16611,0.39488,-1.97315,0.43603,-1.78020,0.47717,-1.58724,0.51832,-1.41414,0.55946,-1.24105,0.60061,-1.06795,0.64176,-0.92027,0.68290,-0.77260,0.72405,-0.62493,0.76519,-0.50825,0.80633,-0.39158,0.84747,-0.27491,0.88848,-0.19890,0.92949,-0.12288,0.97051,-0.04686
1635,0.01311,-3.92093,0.05089,-3.72823,0.08868,-3.53553,0.12646,-3.34282,0.16158,-3.13978,0.19670,-2.93674,0.23181,-2.73370,0.27246,-2.54154,0.31311,-2.34939,0.35376,-2.15723,0.39490,-1.96506,0.43605,-1.77290,0.47719,-1.58073,0.51834,-1.40834,0.55948,-1.23596,0.60062,-1.06357,0.64177,-0.91650,0.68291,-0.76943,0.72406,-0.62236,0.76520,-0.50617,0.80633,-0.38998,0.84747,-0.27379,0.88848,-0.19808,0.92950,-0.12238,0.97051,-0.04667
1640,0.01315,-3.90423,0.05092,-3.71235,0.08870,-3.52046,0.12647,-3.32858,0.16161,-3.12640,0.19674,-2.92422,0.23187,-2.72205,0.27251,-2.53071,0.31315,-2.33937,0.35378,-2.14803,0.39492,-1.95668,0.43607,-1.76534,0.47721,-1.57399,0.51835,-1.40234,0.55949,-1.23069,0.60064,-1.05903,0.64178,-0.91259,0.68292,-0.76615,0.72407,-0.61971,0.76520,-0.50401,0.80634,-0.38832,0.84748,-0.27262,0.88849,-0.19724,0.92950,-0.12186,0.97051,-0.04647
1645,0.01318,-3.88696,0.05095,-3.69593,0.08872,-3.50489,0.12648,-3.31386,0.16163,-3.11257,0.19678,-2.91128,0.23193,-2.70999,0.27256,-2.51950,0.31318,-2.32901,0.35381,-2.13852,0.39495,-1.94802,0.43609,-1.75752,0.47723,-1.56702,0.51837,-1.39613,0.55951,-1.22524,0.60065,-1.05434,0.64179,-0.90855,0.68293,-0.76276,0.72408,-0.61697,0.76521,-0.50178,0.80635,-0.38660,0.84748,-0.27141,0.88849,-0.19637,0.92950,-0.12132,0.97051,-0.04627
1650,0.01322,-3.86913,0.05098,-3.67897,0.08874,-3.48881,0.12649,-3.29865,0.16166,-3.09829,0.19683,-2.89792,0.23200,-2.69755,0.27261,-2.50793,0.31322,-2.31832,0.35383,-2.12870,0.39497,-1.93908,0.43611,-1.74945,0.47725,-1.55983,0.51839,-1.38972,0.55953,-1.21961,0.60067,-1.04950,0.64181,-0.90438,0.68295,-0.75926,0.72409,-0.61413,0.76522,-0.49948,0.80635,-0.38483,0.84749,-0.27017,0.88850,-0.19547,0.92950,-0.12076,0.97051,-0.04606
1655,0.01326,-3.85074,0.05101,-3.66149,0.08876,-3.47223,0.12650,-3.28297,0.16169,-3.08355,0.19688,-2.88413,0.23206,-2.68471,0.27266,-2.49600,0.31326,-2.30729,0.35386,-2.11857,0.39499,-1.92985,0.43613,-1.74113,0.47727,-1.55240,0.51841,-1.38310,0.55954,-1.21380,0.60068,-1.04451,0.64182,-0.90007,0.68296,-0.75564,0.72410,-0.61121,0.76523,-0.49710,0.80636,-0.38300,0.84749,-0.26889,0.88850,-0.19454,0.92951,-0.12019,0.97051,-0.04584
1660,0.01330,-3.83180,0.05104,-3.64348,0.08878,-3.45515,0.12652,-3.26682,0.16172,-3.06838,0.19692,-2.86994,0.23213,-2.67149,0.27271,-2.48371,0.31330,-2.29593,0.35388,-2.10814,0.39502,-1.92035,0.43615,-1.73255,0.47729,-1.54476,0.51843,-1.37629,0.55956,-1.20783,0.60070,-1.03936,0.64184,-0.89564,0.68297,-0.75192,0.72411,-0.60820,0.76524,-0.49466,0.80637,-0.38111,0.84750,-0.26756,0.88850,-0.19358,0.92951,-0.11960,0.97051,-0.04561
1665,0.01335,-3.81231,0.05107,-3.62494,0.08880,-3.43757,0.12653,-3.25020,0.16175,-3.05276,0.19697,-2.85533,0.23220,-2.65789,0.27277,-2.47106,0.31334,-2.28423,0.35391,-2.09741,0.39504,-1.91057,0.43618,-1.72373,0.47731,-1.53689,0.51845,-1.36928,0.55958,-1.20168,0.60071,-1.03407,0.64185,-0.89108,0.68298,-0.74809,0.72412,-0.60511,0.76525,-0.49214,0.80638,-0.37917,0.84751,-0.26620,0.88851,-0.19260,0.92951,-0.11899,0.97052,-0.04538
1670,0.01339,-3.79227,0.05111,-3.60589,0.08882,-3.41950,0.12654,-3.23312,0.16178,-3.03671,0.19703,-2.84031,0.23227,-2.64390,0.27282,-2.45806,0.31338,-2.27222,0.35394,-2.08637,0.39507,-1.90052,0.43620,-1.71466,0.47733,-1.52880,0.51847,-1.36208,0.55960,-1.19535,0.60073,-1.02863,0.64186,-0.88639,0.68300,-0.74416,0.72413,-0.60192,0.76526,-0.48955,0.80639,-0.37718,0.84751,-0.26481,0.88851,-0.19159,0.92952,-0.11836,0.97052,-0.04514
1675,0.01343,-3.77170,0.05114,-3.58632,0.08885,-3.40095,0.12655,-3.21557,0.16182,-3.02023,0.19708,-2.82489,0.23234,-2.62954,0.27288,-2.44471,0.31342,-2.25988,0.35396,-2.07504,0.39510,-1.89019,0.43623,-1.70535,0.47736,-1.52050,0.51849,-1.35468,0.55962,-1.18886,0.60075,-1.02304,0.64188,-0.88158,0.68301,-0.74012,0.72414,-0.59866,0.76527,-0.48689,0.80639,-0.37513,0.84752,-0.26337,0.88852,-0.19055,0.92952,-0.11772,0.97052,-0.04490
1680,0.01348,-3.75059,0.05117,-3.56625,0.08887,-3.38191,0.12657,-3.19757,0.16185,-3.00332,0.19713,-2.80906,0.23241,-2.61481,0.27294,-2.43101,0.31347,-2.24721,0.35399,-2.06342,0.39512,-1.87960,0.43625,-1.69579,0.47738,-1.51198,0.51851,-1.34709,0.55964,-1.18220,0.60077,-1.01731,0.64190,-0.87664,0.68303,-0.73597,0.72416,-0.59530,0.76528,-0.48417,0.80640,-0.37303,0.84752,-0.26190,0.88852,-0.18948,0.92952,-0.11706,0.97052,-0.04465
1685,0.01353,-3.72895,0.05121,-3.54567,0.08889,-3.36240,0.12658,-3.17912,0.16188,-2.98598,0.19719,-2.79285,0.23249,-2.59971,0.27300,-2.41697,0.31351,-2.23423,0.35402,-2.05150,0.39515,-1.86875,0.43628,-1.68600,0.47740,-1.50324,0.51853,-1.33931,0.55966,-1.17537,0.60079,-1.01143,0.64191,-0.87157,0.68304,-0.73172,0.72417,-0.59186,0.76529,-0.48137,0.80641,-0.37088,0.84753,-0.26039,0.88853,-0.18839,0.92952,-0.11639,0.97052,-0.04439
1690,0.01357,-3.70679,0.05125,-3.52460,0.08892,-3.34241,0.12659,-3.16022,0.16192,-2.96823,0.19724,-2.77623,0.23257,-2.58424,0.27306,-2.40259,0.31356,-2.22094,0.35405,-2.03929,0.39518,-1.85763,0.43630,-1.67596,0.47743,-1.49430,0.51855,-1.33134,0.55968,-1.16837,0.60080,-1.00541,0.64193,-0.86639,0.68306,-0.72737,0.72418,-0.58834,0.76530,-0.47851,0.80642,-0.36867,0.84754,-0.25884,0.88853,-0.18727,0.92953,-0.11570,0.97052,-0.04413
1695,0.01362,-3.68411,0.05128,-3.50303,0.08895,-3.32196,0.12661,-3.14088,0.16195,-2.95006,0.19730,-2.75923,0.23265,-2.56841,0.27313,-2.38787,0.31361,-2.20734,0.35409,-2.02680,0.39521,-1.84625,0.43633,-1.66570,0.47745,-1.48514,0.51858,-1.32318,0.55970,-1.16122,0.60082,-0.99925,0.64195,-0.86108,0.68307,-0.72291,0.72419,-0.58474,0.76531,-0.47558,0.80643,-0.36642,0.84755,-0.25726,0.88854,-0.18612,0.92953,-0.11499,0.97052,-0.04386
1700,0.01367,-3.66091,0.05132,-3.48098,0.08897,-3.30104,0.12662,-3.12111,0.16199,-2.93148,0.19736,-2.74185,0.23273,-2.55222,0.27319,-2.37282,0.31366,-2.19343,0.35412,-2.01403,0.39524,-1.83461,0.43636,-1.65520,0.47748,-1.47578,0.51860,-1.31484,0.55972,-1.15390,0.60084,-0.99295,0.64196,-0.85565,0.68309,-0.71835,0.72421,-0.58105,0.76532,-0.47258,0.80644,-0.36411,0.84755,-0.25564,0.88854,-0.18495,0.92953,-0.11427,0.97053,-0.04358
1705,0.01372,-3.63721,0.05136,-3.45844,0.08900,-3.27967,0.12664,-3.10090,0.16203,-2.91249,0.19742,-2.72409,0.23282,-2.53568,0.27326,-2.35744,0.31371,-2.17921,0.35415,-2.00098,0.39527,-1.82272,0.43639,-1.64447,0.47751,-1.46622,0.51863,-1.30632,0.55974,-1.14642,0.60086,-0.98652,0.64198,-0.85011,0.68310,-0.71370,0.72422,-0.57729,0.76533,-0.46952,0.80645,-0.36175,0.84756,-0.25398,0.88855,-0.18376,0.92954,-0.11353,0.97053,-0.04330
1710,0.01378,-3.61301,0.05140,-3.43543,0.08903,-3.25785,0.12665,-3.08026,0.16207,-2.89310,0.19748,-2.70595,0.23290,-2.51879,0.27333,-2.34174,0.31376,-2.16469,0.35418,-1.98765,0.39530,-1.81058,0.43642,-1.63352,0.47753,-1.45645,0.51865,-1.29761,0.55977,-1.13878,0.60088,-0.97994,0.64200,-0.84444,0.68312,-0.70894,0.72423,-0.57344,0.76535,-0.46639,0.80646,-0.35934,0.84757,-0.25229,0.88855,-0.18253,0.92954,-0.11277,0.97053,-0.04301
1715,0.01383,-3.58832,0.05144,-3.41195,0.08905,-3.23557,0.12666,-3.05920,0.16211,-2.87332,0.19755,-2.68743,0.23299,-2.50155,0.27340,-2.32572,0.31381,-2.14988,0.35422,-1.97405,0.39533,-1.79819,0.43645,-1.62234,0.47756,-1.44648,0.51868,-1.28873,0.55979,-1.13098,0.60090,-0.97324,0.64202,-0.83866,0.68313,-0.70409,0.72425,-0.56952,0.76536,-0.46320,0.80647,-0.35689,0.84758,-0.25057,0.88856,-0.18129,0.92955,-0.11200,0.97053,-0.04272
1720,0.01388,-3.56313,0.05148,-3.38800,0.08908,-3.21286,0.12668,-3.03773,0.16215,-2.85314,0.19761,-2.66856,0.23308,-2.48397,0.27347,-2.30937,0.31386,-2.13477,0.35425,-1.96018,0.39536,-1.78556,0.43648,-1.61094,0.47759,-1.43631,0.51870,-1.27967,0.55981,-1.12304,0.60093,-0.96640,0.64204,-0.83277,0.68315,-0.69914,0.72426,-0.56552,0.76537,-0.45995,0.80648,-0.35438,0.84758,-0.24881,0.88857,-0.18002,0.92955,-0.11122,0.97053,-0.04242
1725,0.01394,-3.53746,0.05152,-3.36359,0.08911,-3.18971,0.12670,-3.01584,0.16219,-2.83258,0.19768,-2.64932,0.23317,-2.46605,0.27354,-2.29272,0.31391,-2.11938,0.35429,-1.94604,0.39540,-1.77268,0.43651,-1.59932,0.47762,-1.42595,0.51873,-1.27044,0.55984,-1.11493,0.60095,-0.95942,0.64206,-0.82676,0.68317,-0.69410,0.72428,-0.56144,0.76538,-0.45663,0.80649,-0.35183,0.84759,-0.24702,0.88857,-0.17872,0.92955,-0.11042,0.97053,-0.04211
1730,0.01400,-3.51132,0.05157,-3.33873,0.08914,-3.16614,0.12671,-2.99355,0.16223,-2.81163,0.19774,-2.62972,0.23326,-2.44781,0.27361,-2.27575,0.31397,-2.10370,0.35432,-1.93164,0.39543,-1.75956,0.43654,-1.58748,0.47765,-1.41540,0.51875,-1.26104,0.55986,-1.10668,0.60097,-0.95232,0.64208,-0.82064,0.68319,-0.68897,0.72429,-0.55729,0.76540,-0.45326,0.80650,-0.34923,0.84760,-0.24520,0.88858,-0.17740,0.92956,-0.10960,0.97053,-0.04180
1735,0.01405,-3.48470,0.05161,-3.31342,0.08917,-3.14214,0.12673,-2.97085,0.16227,-2.79031,0.19781,-2.60977,0.23335,-2.42923,0.27369,-2.25848,0.31402,-2.08773,0.35436,-1.91698,0.39547,-1.74621,0.43657,-1.57543,0.47768,-1.40466,0.51878,-1.25147,0.55989,-1.09828,0.60099,-0.94510,0.64210,-0.81442,0.68320,-0.68374,0.72431,-0.55306,0.76541,-0.44982,0.80651,-0.34658,0.84761,-0.24334,0.88858,-0.17606,0.92956,-0.10877,0.97054,-0.04149
1740,0.01411,-3.45762,0.05166,-3.28767,0.08920,-3.11772,0.12674,-2.94776,0.16231,-2.76862,0.19788,-2.58947,0.23345,-2.41033,0.27377,-2.24091,0.31408,-2.07149,0.35440,-1.90207,0.39550,-1.73262,0.43660,-1.56318,0.47771,-1.39373,0.51881,-1.24173,0.55991,-1.08974,0.60101,-0.93774,0.64212,-0.80808,0.68322,-0.67842,0.72432,-0.54876,0.76542,-0.44632,0.80652,-0.34389,0.84762,-0.24145,0.88859,-0.17469,0.92956,-0.10793,0.97054,-0.04117
1745,0.01417,-3.43009,0.05170,-3.26149,0.08923,-3.09289,0.12676,-2.92428,0.16236,-2.74656,0.19795,-2.56884,0.23355,-2.39111,0.27384,-2.22304,0.31414,-2.05497,0.35444,-1.88691,0.39554,-1.71881,0.43664,-1.55071,0.47774,-1.38262,0.51884,-1.23183,0.55994,-1.08105,0.60104,-0.93026,0.64214,-0.80164,0.68324,-0.67301,0.72434,-0.54438,0.76544,-0.44276,0.80653,-0.34115,0.84762,-0.23953,0.88860,-0.17330,0.92957,-0.10707,0.97054,-0.04084
1750,0.01423,-3.40210,0.05175,-3.23488,0.08926,-3.06765,0.12678,-2.90042,0.16240,-2.72414,0.19802,-2.54786,0.23365,-2.37158,0.27392,-2.20488,0.31420,-2.03819,0.35447,-1.87149,0.39557,-1.70477,0.43667,-1.53804,0.47777,-1.37132,0.51887,-1.22177,0.55996,-1.07222,0.60106,-0.92266,0.64216,-0.79509,0.68326,-0.66751,0.72436,-0.53994,0.76545,-0.43915,0.80654,-0.33836,0.84763,-0.23757,0.88860,-0.17188,0.92957,-0.10620,0.97054,-0.04051
1755,0.01429,-3.37368,0.05179,-3.20784,0.08929,-3.04201,0.12680,-2.87618,0.16245,-2.70137,0.19810,-2.52655,0.23375,-2.35174,0.27400,-2.18644,0.31426,-2.02114,0.35451,-1.85584,0.39561,-1.69051,0.43670,-1.52518,0.47780,-1.35985,0.51889,-1.21154,0.55999,-1.06324,0.60109,-0.91494,0.64218,-0.78843,0.68328,-0.66193,0.72437,-0.53542,0.76546,-0.43548,0.80655,-0.33553,0.84764,-0.23559,0.88861,-0.17045,0.92958,-0.10531,0.97054,-0.04017
1760,0.01435,-3.34481,0.05184,-3.18040,0.08933,-3.01598,0.12681,-2.85157,0.16249,-2.67824,0.19817,-2.50492,0.23385,-2.33159,0.27408,-2.16771,0.31432,-2.00382,0.35455,-1.83994,0.39565,-1.67603,0.43674,-1.51211,0.47783,-1.34819,0.51892,-1.20116,0.56002,-1.05413,0.60111,-0.90710,0.64220,-0.78168,0.68330,-0.65626,0.72439,-0.53083,0.76548,-0.43175,0.80656,-0.33266,0.84765,-0.23358,0.88862,-0.16899,0.92958,-0.10441,0.97055,-0.03983
1765,0.01442,-3.31552,0.05189,-3.15254,0.08936,-2.98957,0.12683,-2.82659,0.16254,-2.65477,0.19825,-2.48296,0.23395,-2.31114,0.27417,-2.14870,0.31438,-1.98625,0.35459,-1.82381,0.39568,-1.66133,0.43677,-1.49885,0.47786,-1.33637,0.51895,-1.19063,0.56004,-1.04489,0.60113,-0.89915,0.64223,-0.77482,0.68332,-0.65050,0.72441,-0.52618,0.76549,-0.42796,0.80658,-0.32975,0.84766,-0.23153,0.88862,-0.16751,0.92958,-0.10349,0.97055,-0.03948
1770,0.01448,-3.28580,0.05194,-3.12429,0.08939,-2.96277,0.12685,-2.80125,0.16259,-2.63097,0.19832,-2.46069,0.23406,-2.29040,0.27425,-2.12942,0.31444,-1.96843,0.35463,-1.80744,0.39572,-1.64642,0.43681,-1.48540,0.47790,-1.32438,0.51898,-1.17994,0.56007,-1.03551,0.60116,-0.89108,0.64225,-0.76787,0.68334,-0.64466,0.72442,-0.52146,0.76551,-0.42412,0.80659,-0.32679,0.84767,-0.22946,0.88863,-0.16601,0.92959,-0.10257,0.97055,-0.03912
1775,0.01455,-3.25567,0.05199,-3.09563,0.08943,-2.93560,0.12687,-2.77556,0.16263,-2.60683,0.19840,-2.43810,0.23416,-2.26937,0.27433,-2.10987,0.31450,-1.95036,0.35468,-1.79085,0.39576,-1.63131,0.43685,-1.47176,0.47793,-1.31222,0.51901,-1.16911,0.56010,-1.02600,0.60118,-0.88289,0.64227,-0.76082,0.68336,-0.63875,0.72444,-0.51667,0.76552,-0.42023,0.80660,-0.32379,0.84768,-0.22735,0.88864,-0.16449,0.92959,-0.10163,0.97055,-0.03877
1780,0.01461,-3.22514,0.05204,-3.06660,0.08946,-2.90806,0.12689,-2.74952,0.16268,-2.58237,0.19848,-2.41521,0.23427,-2.24806,0.27442,-2.09005,0.31457,-1.93204,0.35472,-1.77403,0.39580,-1.61599,0.43688,-1.45794,0.47796,-1.29989,0.51905,-1.15813,0.56013,-1.01636,0.60121,-0.87460,0.64229,-0.75367,0.68338,-0.63275,0.72446,-0.51182,0.76554,-0.41629,0.80661,-0.32076,0.84769,-0.22522,0.88864,-0.16295,0.92960,-0.10068,0.97055,-0.03840
1785,0.01468,-3.19420,0.05209,-3.03718,0.08950,-2.88016,0.12691,-2.72314,0.16273,-2.55758,0.19856,-2.39203,0.23438,-2.22647,0.27451,-2.06998,0.31463,-1.91349,0.35476,-1.75700,0.39584,-1.60047,0.43692,-1.44393,0.47800,-1.28740,0.51908,-1.14700,0.56016,-1.00660,0.60124,-0.86620,0.64232,-0.74644,0.68340,-0.62667,0.72448,-0.50691,0.76555,-0.41229,0.80662,-0.31768,0.84770,-0.22306,0.88865,-0.16139,0.92960,-0.09971,0.97055,-0.03803
1790,0.01475,-3.16287,0.05214,-3.00739,0.08953,-2.85191,0.12692,-2.69643,0.16278,-2.53249,0.19864,-2.36854,0.23449,-2.20460,0.27460,-2.04965,0.31470,-1.89470,0.35480,-1.73974,0.39588,-1.58475,0.43696,-1.42975,0.47803,-1.27476,0.51911,-1.13574,0.56019,-0.99671,0.60126,-0.85769,0.64234,-0.73910,0.68342,-0.62052,0.72450,-0.50193,0.76557,-0.40824,0.80664,-0.31456,0.84771,-0.22088,0.88866,-0.15981,0.92961,-0.09873,0.97056,-0.03766
1795,0.01482,-3.13116,0.05219,-2.97724,0.08957,-2.82331,0.12694,-2.66939,0.16283,-2.50708,0.19872,-2.34477,0.23460,-2.18247,0.27468,-2.02907,0.31477,-1.87567,0.35485,-1.72228,0.39592,-1.56884,0.43699,-1.41540,0.47807,-1.26196,0.51914,-1.12433,0.56022,-0.98671,0.60129,-0.84908,0.64236,-0.73168,0.68344,-0.61429,0.72451,-0.49689,0.76558,-0.40415,0.80665,-0.31141,0.84772,-0.21866,0.88866,-0.15820,0.92961,-0.09774,0.97056,-0.03729
1800,0.01488,-3.09907,0.05224,-2.94672,0.08960,-2.79438,0.12696,-2.64203,0.16288,-2.48137,0.19880,-2.32072,0.23472,-2.16007,0.27478,-2.00825,0.31483,-1.85643,0.35489,-1.70461,0.39596,-1.55274,0.43703,-1.40087,0.47810,-1.24901,0.51918,-1.11279,0.56025,-0.97658,0.60132,-0.84036,0.64239,-0.72417,0.68346,-0.60798,0.72453,-0.49179,0.76560,-0.40000,0.80666,-0.30821,0.84773,-0.21642,0.88867,-0.15658,0.92962,-0.09674,0.97056,-0.03690
1805,0.01495,-3.06662,0.05230,-2.91586,0.08964,-2.76511,0.12698,-2.61435,0.16293,-2.45537,0.19888,-2.29640,0.23483,-2.13742,0.27487,-1.98719,0.31490,-1.83696,0.35494,-1.68673,0.39600,-1.53646,0.43707,-1.38618,0.47814,-1.23591,0.51921,-1.10112,0.56028,-0.96634,0.60134,-0.83155,0.64241,-0.71658,0.68348,-0.60161,0.72455,-0.48664,0.76561,-0.39581,0.80668,-0.30498,0.84774,-0.21416,0.88868,-0.15495,0.92962,-0.09573,0.97056,-0.03652
1810,0.01503,-3.03380,0.05235,-2.88466,0.08968,-2.73551,0.12700,-2.58637,0.16299,-2.42908,0.19897,-2.27180,0.23495,-2.11451,0.27496,-1.96589,0.31497,-1.81728,0.35498,-1.66866,0.39605,-1.51999,0.43711,-1.37133,0.47818,-1.22266,0.51924,-1.08932,0.56031,-0.95598,0.60137,-0.82264,0.64244,-0.70890,0.68350,-0.59516,0.72457,-0.48142,0.76563,-0.39157,0.80669,-0.30172,0.84775,-0.21187,0.88869,-0.15329,0.92963,-0.09471,0.97056,-0.03613
1815,0.01510,-3.00063,0.05241,-2.85311,0.08972,-2.70560,0.12702,-2.55809,0.16304,-2.40251,0.19905,-2.24694,0.23507,-2.09136,0.27505,-1.94437,0.31504,-1.79738,0.35503,-1.65039,0.39609,-1.50335,0.43715,-1.35631,0.47821,-1.20927,0.51928,-1.07739,0.56034,-0.94551,0.60140,-0.81363,0.64246,-0.70114,0.68353,-0.58864,0.72459,-0.47615,0.76565,-0.38729,0.80670,-0.29842,0.84776,-0.20955,0.88869,-0.15161,0.92963,-0.09367,0.97057,-0.03573
1820,0.01517,-2.96712,0.05246,-2.82125,0.08975,-2.67538,0.12704,-2.52951,0.16309,-2.37566,0.19914,-2.22182,0.23518,-2.06797,0.27515,-1.92263,0.31511,-1.77728,0.35507,-1.63193,0.39613,-1.48654,0.43719,-1.34114,0.47825,-1.19575,0.51931,-1.06534,0.56037,-0.93493,0.60143,-0.80453,0.64249,-0.69329,0.68355,-0.58206,0.72461,-0.47083,0.76566,-0.38296,0.80671,-0.29509,0.84777,-0.20721,0.88870,-0.14992,0.92964,-0.09263,0.97057,-0.03534
1825,0.01524,-2.93327,0.05252,-2.78906,0.08979,-2.64485,0.12707,-2.50065,0.16314,-2.34855,0.19922,-2.19645,0.23530,-2.04434,0.27524,-1.90066,0.31518,-1.75698,0.35512,-1.61329,0.39618,-1.46956,0.43723,-1.32582,0.47829,-1.18208,0.51934,-1.05317,0.56040,-0.92425,0.60146,-0.79534,0.64251,-0.68537,0.68357,-0.57541,0.72463,-0.46545,0.76568,-0.37858,0.80673,-0.29172,0.84778,-0.20485,0.88871,-0.14821,0.92964,-0.09157,0.97057,-0.03493
1830,0.01532,-2.89909,0.05257,-2.75656,0.08983,-2.61403,0.12709,-2.47150,0.16320,-2.32117,0.19931,-2.17083,0.23542,-2.02049,0.27534,-1.87848,0.31525,-1.73648,0.35517,-1.59447,0.39622,-1.45241,0.43727,-1.31035,0.47833,-1.16829,0.51938,-1.04088,0.56043,-0.91347,0.60149,-0.78605,0.64254,-0.67738,0.68359,-0.56870,0.72465,-0.46002,0.76569,-0.37417,0.80674,-0.28832,0.84779,-0.20247,0.88872,-0.14649,0.92964,-0.09051,0.97057,-0.03453
1835,0.01539,-2.86460,0.05263,-2.72376,0.08987,-2.58292,0.12711,-2.44209,0.16325,-2.29353,0.19940,-2.14497,0.23555,-1.99641,0.27544,-1.85610,0.31532,-1.71579,0.35521,-1.57547,0.39626,-1.43510,0.43731,-1.29474,0.47836,-1.15437,0.51941,-1.02847,0.56046,-0.90258,0.60152,-0.77669,0.64257,-0.66930,0.68362,-0.56192,0.72467,-0.45454,0.76571,-0.36971,0.80676,-0.28489,0.84780,-0.20006,0.88872,-0.14475,0.92965,-0.08943,0.97057,-0.03412
1840,0.01547,-2.82979,0.05269,-2.69066,0.08991,-2.55154,0.12713,-2.41241,0.16331,-2.26565,0.19949,-2.11888,0.23567,-1.97212,0.27553,-1.83352,0.31540,-1.69491,0.35526,-1.55631,0.39631,-1.41764,0.43736,-1.27898,0.47840,-1.14032,0.51945,-1.01596,0.56050,-0.89159,0.60154,-0.76723,0.64259,-0.66116,0.68364,-0.55508,0.72469,-0.44901,0.76573,-0.36522,0.80677,-0.28142,0.84781,-0.19763,0.88873,-0.14299,0.92966,-0.08835,0.97058,-0.03370
1845,0.01554,-2.79468,0.05274,-2.65728,0.08995,-2.51988,0.12715,-2.38247,0.16336,-2.23752,0.19958,-2.09257,0.23579,-1.94762,0.27563,-1.81073,0.31547,-1.67385,0.35531,-1.53697,0.39635,-1.40003,0.43740,-1.26309,0.47844,-1.12615,0.51949,-1.00333,0.56053,-0.88051,0.60157,-0.75770,0.64262,-0.65294,0.68366,-0.54819,0.72471,-0.44343,0.76575,-0.36068,0.80678,-0.27793,0.84782,-0.19518,0.88874,-0.14122,0.92966,-0.08725,0.97058,-0.03329
1850,0.01562,-2.75928,0.05280,-2.62362,0.08999,-2.48795,0.12717,-2.35229,0.16342,-2.20916,0.19967,-2.06603,0.23592,-1.92291,0.27573,-1.78776,0.31555,-1.65262,0.35536,-1.51747,0.39640,-1.38227,0.43744,-1.24706,0.47848,-1.11186,0.51952,-0.99060,0.56056,-0.86934,0.60160,-0.74808,0.64265,-0.64466,0.68369,-0.54123,0.72473,-0.43781,0.76576,-0.35611,0.80680,-0.27441,0.84783,-0.19271,0.88875,-0.13943,0.92967,-0.08615,0.97058,-0.03287
1855,0.01570,-2.72360,0.05286,-2.58968,0.09003,-2.45577,0.12719,-2.32186,0.16348,-2.18057,0.19976,-2.03929,0.23604,-1.89800,0.27583,-1.76461,0.31562,-1.63121,0.35541,-1.49782,0.39645,-1.36437,0.43748,-1.23091,0.47852,-1.09745,0.51956,-0.97777,0.56060,-0.85808,0.60163,-0.73839,0.64267,-0.63631,0.68371,-0.53422,0.72475,-0.43214,0.76578,-0.35150,0.80681,-0.27086,0.84784,-0.19022,0.88876,-0.13763,0.92967,-0.08503,0.97058,-0.03244
1860,0.01577,-2.68763,0.05292,-2.55549,0.09007,-2.42334,0.12722,-2.29120,0.16353,-2.15176,0.19985,-2.01233,0.23617,-1.87290,0.27593,-1.74127,0.31570,-1.60964,0.35546,-1.47802,0.39649,-1.34632,0.43753,-1.21463,0.47856,-1.08294,0.51960,-0.96483,0.56063,-0.84673,0.60166,-0.72863,0.64270,-0.62789,0.68373,-0.52716,0.72477,-0.42642,0.76580,-0.34685,0.80683,-0.26728,0.84785,-0.18771,0.88877,-0.13581,0.92968,-0.08391,0.97059,-0.03201
1865,0.01585,-2.65141,0.05298,-2.52104,0.09011,-2.39067,0.12724,-2.26030,0.16359,-2.12274,0.19995,-1.98518,0.23630,-1.84761,0.27604,-1.71776,0.31577,-1.58791,0.35551,-1.45806,0.39654,-1.32815,0.43757,-1.19823,0.47860,-1.06832,0.51963,-0.95181,0.56066,-0.83530,0.60170,-0.71879,0.64273,-0.61941,0.68376,-0.52004,0.72479,-0.42067,0.76582,-0.34217,0.80684,-0.26368,0.84787,-0.18518,0.88877,-0.13398,0.92968,-0.08278,0.97059,-0.03158
1870,0.01593,-2.61492,0.05304,-2.48634,0.09015,-2.35777,0.12726,-2.22919,0.16365,-2.09351,0.20004,-1.95783,0.23643,-1.82215,0.27614,-1.69409,0.31585,-1.56603,0.35556,-1.43797,0.39659,-1.30984,0.43761,-1.18172,0.47864,-1.05359,0.51967,-0.93869,0.56070,-0.82378,0.60173,-0.70888,0.64275,-0.61088,0.68378,-0.51287,0.72481,-0.41487,0.76583,-0.33746,0.80686,-0.26005,0.84788,-0.18263,0.88878,-0.13214,0.92969,-0.08164,0.97059,-0.03115
1875,0.01601,-2.57819,0.05310,-2.45141,0.09019,-2.32464,0.12728,-2.19787,0.16371,-2.06408,0.20013,-1.93030,0.23656,-1.79651,0.27624,-1.67025,0.31592,-1.54400,0.35561,-1.41774,0.39663,-1.29141,0.43766,-1.16509,0.47868,-1.03876,0.51971,-0.92548,0.56073,-0.81219,0.60176,-0.69890,0.64278,-0.60228,0.68381,-0.50566,0.72483,-0.40904,0.76585,-0.33271,0.80687,-0.25639,0.84789,-0.18007,0.88879,-0.13028,0.92969,-0.08050,0.97059,-0.03071
1880,0.01609,-2.54121,0.05316,-2.41625,0.09023,-2.29130,0.12730,-2.16634,0.16377,-2.03446,0.20023,-1.90258,0.23669,-1.77070,0.27635,-1.64626,0.31600,-1.52182,0.35566,-1.39738,0.39668,-1.27286,0.43770,-1.14835,0.47872,-1.02384,0.51975,-0.91218,0.56077,-0.80052,0.60179,-0.68886,0.64281,-0.59363,0.68383,-0.49839,0.72485,-0.40316,0.76587,-0.32794,0.80689,-0.25271,0.84790,-0.17749,0.88880,-0.12842,0.92970,-0.07934,0.97060,-0.03027
1885,0.01617,-2.50401,0.05322,-2.38088,0.09027,-2.25775,0.12733,-2.13462,0.16382,-2.00466,0.20032,-1.87469,0.23682,-1.74473,0.27645,-1.62212,0.31608,-1.49950,0.35571,-1.37689,0.39673,-1.25420,0.43775,-1.13151,0.47876,-1.00882,0.51978,-0.89880,0.56080,-0.78878,0.60182,-0.67876,0.64284,-0.58492,0.68386,-0.49109,0.72488,-0.39725,0.76589,-0.32313,0.80690,-0.24901,0.84791,-0.17489,0.88881,-0.12654,0.92970,-0.07818,0.97060,-0.02983
1890,0.01625,-2.46658,0.05328,-2.34529,0.09032,-2.22399,0.12735,-2.10270,0.16388,-1.97467,0.20042,-1.84664,0.23695,-1.71861,0.27656,-1.59783,0.31616,-1.47705,0.35576,-1.35627,0.39678,-1.23542,0.43779,-1.11457,0.47881,-0.99371,0.51982,-0.88534,0.56084,-0.77697,0.60185,-0.66859,0.64287,-0.57616,0.68388,-0.48373,0.72490,-0.39130,0.76591,-0.31830,0.80691,-0.24529,0.84792,-0.17228,0.88882,-0.12465,0.92971,-0.07702,0.97060,-0.02939
1895,0.01633,-2.42894,0.05335,-2.30950,0.09036,-2.19005,0.12737,-2.07061,0.16394,-1.94452,0.20051,-1.81843,0.23709,-1.69234,0.27666,-1.57341,0.31624,-1.45448,0.35581,-1.33555,0.39683,-1.21654,0.43784,-1.09753,0.47885,-0.97852,0.51986,-0.87180,0.56087,-0.76509,0.60188,-0.65837,0.64290,-0.56735,0.68391,-0.47634,0.72492,-0.38532,0.76592,-0.31343,0.80693,-0.24154,0.84794,-0.16965,0.88882,-0.12275,0.92971,-0.07584,0.97060,-0.02894
1900,0.01641,-2.39110,0.05341,-2.27351,0.09040,-2.15593,0.12740,-2.03834,0.16400,-1.91420,0.20061,-1.79006,0.23722,-1.66593,0.27677,-1.54885,0.31632,-1.43178,0.35587,-1.31471,0.39687,-1.19755,0.43788,-1.08040,0.47889,-0.96325,0.51990,-0.85820,0.56091,-0.75314,0.60191,-0.64809,0.64292,-0.55850,0.68393,-0.46891,0.72494,-0.37931,0.76594,-0.30855,0.80695,-0.23778,0.84795,-0.16701,0.88883,-0.12084,0.92972,-0.07466,0.97060,-0.02849
1905,0.01649,-2.35306,0.05347,-2.23734,0.09044,-2.12163,0.12742,-2.00591,0.16406,-1.88373,0.20071,-1.76156,0.23735,-1.63938,0.27688,-1.52417,0.31640,-1.40896,0.35592,-1.29376,0.39692,-1.17847,0.43793,-1.06318,0.47893,-0.94790,0.51994,-0.84452,0.56094,-0.74114,0.60195,-0.63776,0.64295,-0.54960,0.68396,-0.46143,0.72496,-0.37327,0.76596,-0.30363,0.80696,-0.23399,0.84796,-0.16436,0.88884,-0.11892,0.92972,-0.07348,0.97061,-0.02804
1910,0.01658,-2.31484,0.05353,-2.20100,0.09049,-2.08716,0.12744,-1.97332,0.16412,-1.85311,0.20081,-1.73291,0.23749,-1.61270,0.27698,-1.49937,0.31648,-1.38604,0.35597,-1.27271,0.39697,-1.15930,0.43797,-1.04588,0.47897,-0.93247,0.51998,-0.83077,0.56098,-0.72908,0.60198,-0.62738,0.64298,-0.54065,0.68398,-0.45393,0.72499,-0.36720,0.76598,-0.29869,0.80698,-0.23019,0.84797,-0.16169,0.88885,-0.11699,0.92973,-0.07228,0.97061,-0.02758
1915,0.01666,-2.27645,0.05360,-2.16449,0.09053,-2.05253,0.12747,-1.94058,0.16419,-1.82235,0.20090,-1.70413,0.23762,-1.58590,0.27709,-1.47446,0.31656,-1.36301,0.35602,-1.25156,0.39702,-1.14003,0.43802,-1.02850,0.47902,-0.91697,0.52002,-0.81697,0.56101,-0.71696,0.60201,-0.61695,0.64301,-0.53167,0.68401,-0.44638,0.72501,-0.36110,0.76600,-0.29373,0.80699,-0.22637,0.84798,-0.15901,0.88886,-0.11505,0.92974,-0.07109,0.97061,-0.02713
1920,0.01674,-2.23789,0.05366,-2.12782,0.09057,-2.01776,0.12749,-1.90770,0.16425,-1.79146,0.20100,-1.67523,0.23776,-1.55899,0.27720,-1.44944,0.31664,-1.33988,0.35608,-1.23033,0.39707,-1.12069,0.43807,-1.01105,0.47906,-0.90141,0.52006,-0.80310,0.56105,-0.70479,0.60204,-0.60648,0.64304,-0.52264,0.68403,-0.43881,0.72503,-0.35497,0.76602,-0.28875,0.80701,-0.22254,0.84799,-0.15632,0.88887,-0.11310,0.92974,-0.06988,0.97061,-0.02667
1925,0.01683,-2.19917,0.05372,-2.09101,0.09062,-1.98285,0.12751,-1.87468,0.16431,-1.76045,0.20110,-1.64621,0.23790,-1.53197,0.27731,-1.42431,0.31672,-1.31666,0.35613,-1.20901,0.39712,-1.10126,0.43811,-0.99352,0.47910,-0.88578,0.52009,-0.78918,0.56109,-0.69257,0.60208,-0.59597,0.64307,-0.51358,0.68406,-0.43120,0.72505,-0.34882,0.76604,-0.28375,0.80702,-0.21868,0.84801,-0.15362,0.88888,-0.11115,0.92975,-0.06868,0.97062,-0.02621
1930,0.01691,-2.16031,0.05379,-2.05405,0.09066,-1.94780,0.12754,-1.84155,0.16437,-1.72931,0.20120,-1.61708,0.23803,-1.50484,0.27742,-1.39910,0.31680,-1.29335,0.35618,-1.18760,0.39717,-1.08177,0.43816,-0.97593,0.47915,-0.87009,0.52013,-0.77520,0.56112,-0.68031,0.60211,-0.58541,0.64310,-0.50449,0.68409,-0.42357,0.72507,-0.34265,0.76606,-0.27873,0.80704,-0.21482,0.84802,-0.15090,0.88889,-0.10918,0.92975,-0.06746,0.97062,-0.02575
1935,0.01699,-2.12131,0.05385,-2.01697,0.09071,-1.91263,0.12756,-1.80829,0.16443,-1.69807,0.20130,-1.58785,0.23817,-1.47762,0.27753,-1.37379,0.31688,-1.26996,0.35624,-1.16612,0.39722,-1.06220,0.43821,-0.95828,0.47919,-0.85435,0.52017,-0.76118,0.56116,-0.66800,0.60214,-0.57482,0.64313,-0.49536,0.68411,-0.41591,0.72510,-0.33645,0.76608,-0.27369,0.80705,-0.21094,0.84803,-0.14818,0.88889,-0.10722,0.92976,-0.06625,0.97062,-0.02528
1940,0.01708,-2.08218,0.05391,-1.97977,0.09075,-1.87735,0.12758,-1.77493,0.16449,-1.66672,0.20140,-1.55852,0.23831,-1.45031,0.27764,-1.34840,0.31696,-1.24649,0.35629,-1.14458,0.39727,-1.04257,0.43825,-0.94057,0.47923,-0.83856,0.52021,-0.74711,0.56119,-0.65565,0.60218,-0.56420,0.64316,-0.48621,0.68414,-0.40822,0.72512,-0.33023,0.76609,-0.26864,0.80707,-0.20705,0.84804,-0.14545,0.88890,-0.10524,0.92976,-0.06503,0.97062,-0.02482
1945,0.01716,-2.04294,0.05398,-1.94245,0.09079,-1.84196,0.12761,-1.74147,0.16456,-1.63529,0.20150,-1.52910,0.23845,-1.42292,0.27775,-1.32294,0.31705,-1.22295,0.35634,-1.12296,0.39732,-1.02288,0.43830,-0.92280,0.47928,-0.82272,0.52025,-0.73299,0.56123,-0.64327,0.60221,-0.55354,0.64319,-0.47702,0.68416,-0.40051,0.72514,-0.32400,0.76611,-0.26357,0.80708,-0.20314,0.84806,-0.14271,0.88891,-0.10326,0.92977,-0.06380,0.97063,-0.02435
1950,0.01725,-2.00359,0.05404,-1.90503,0.09084,-1.80647,0.12763,-1.70791,0.16462,-1.60376,0.20160,-1.49961,0.23859,-1.39546,0.27786,-1.29740,0.31713,-1.19935,0.35640,-1.10129,0.39737,-1.00314,0.43835,-0.90499,0.47932,-0.80684,0.52029,-0.71884,0.56127,-0.63085,0.60224,-0.54285,0.64322,-0.46782,0.68419,-0.39278,0.72517,-0.31775,0.76613,-0.25849,0.80710,-0.19923,0.84807,-0.13997,0.88892,-0.10127,0.92977,-0.06258,0.97063,-0.02388
1955,0.01733,-1.96414,0.05411,-1.86752,0.09088,-1.77089,0.12766,-1.67427,0.16468,-1.57216,0.20170,-1.47004,0.23873,-1.36792,0.27797,-1.27180,0.31721,-1.17569,0.35645,-1.07957,0.39742,-0.98335,0.43839,-0.88713,0.47936,-0.79091,0.52033,-0.70466,0.56131,-0.61840,0.60228,-0.53214,0.64325,-0.45858,0.68422,-0.38503,0.72519,-0.31148,0.76615,-0.25339,0.80712,-0.19530,0.84808,-0.13721,0.88893,-0.09928,0.92978,-0.06135,0.97063,-0.02341
1960,0.01742,-1.92460,0.05417,-1.82992,0.09093,-1.73524,0.12768,-1.64056,0.16474,-1.54048,0.20181,-1.44040,0.23887,-1.34033,0.27808,-1.24615,0.31729,-1.15197,0.35651,-1.05779,0.39747,-0.96351,0.43844,-0.86923,0.47941,-0.77496,0.52038,-0.69044,0.56134,-0.60592,0.60231,-0.52140,0.64328,-0.44933,0.68424,-0.37726,0.72521,-0.30520,0.76617,-0.24828,0.80713,-0.19137,0.84809,-0.13445,0.88894,-0.09728,0.92979,-0.06011,0.97063,-0.02294
1965,0.01751,-1.88498,0.05424,-1.79225,0.09097,-1.69951,0.12771,-1.60678,0.16481,-1.50874,0.20191,-1.41071,0.23901,-1.31268,0.27819,-1.22044,0.31738,-1.12821,0.35656,-1.03597,0.39753,-0.94364,0.43849,-0.85130,0.47945,-0.75897,0.52042,-0.67619,0.56138,-0.59341,0.60234,-0.51064,0.64331,-0.44006,0.68427,-0.36948,0.72523,-0.29890,0.76619,-0.24317,0.80715,-0.18743,0.84810,-0.13169,0.88895,-0.09528,0.92979,-0.05888,0.97064,-0.02247
1970,0.01759,-1.84530,0.05430,-1.75451,0.09102,-1.66373,0.12773,-1.57294,0.16487,-1.47695,0.20201,-1.38096,0.23915,-1.28498,0.27830,-1.19469,0.31746,-1.10440,0.35662,-1.01412,0.39758,-0.92373,0.43854,-0.83334,0.47950,-0.74295,0.52046,-0.66192,0.56142,-0.58089,0.60238,-0.49986,0.64334,-0.43077,0.68430,-0.36169,0.72526,-0.29260,0.76621,-0.23804,0.80716,-0.18348,0.84812,-0.12892,0.88896,-0.09328,0.92980,-0.05764,0.97064,-0.02200
1975,0.01768,-1.80556,0.05437,-1.71672,0.09106,-1.62788,0.12775,-1.53905,0.16493,-1.44511,0.20211,-1.35117,0.23929,-1.25724,0.27842,-1.16890,0.31754,-1.08057,0.35667,-0.99223,0.39763,-0.90379,0.43858,-0.81535,0.47954,-0.72691,0.52050,-0.64763,0.56145,-0.56835,0.60241,-0.48907,0.64337,-0.42147,0.68432,-0.35388,0.72528,-0.28628,0.76623,-0.23290,0.80718,-0.17952,0.84813,-0.12614,0.88897,-0.09127,0.92980,-0.05640,0.97064,-0.02153
1980,0.01776,-1.76576,0.05443,-1.67888,0.09111,-1.59200,0.12778,-1.50512,0.16500,-1.41323,0.20221,-1.32135,0.23943,-1.22946,0.27853,-1.14308,0.31763,-1.05670,0.35673,-0.97031,0.39768,-0.88382,0.43863,-0.79733,0.47958,-0.71084,0.52054,-0.63332,0.56149,-0.55579,0.60244,-0.47826,0.64340,-0.41216,0.68435,-0.34606,0.72530,-0.27996,0.76625,-0.22776,0.80720,-0.17556,0.84814,-0.12337,0.88898,-0.08926,0.92981,-0.05516,0.97064,-0.02106
1985,0.01785,-1.72593,0.05450,-1.64100,0.09115,-1.55608,0.12780,-1.47115,0.16506,-1.38132,0.20231,-1.29149,0.23957,-1.20166,0.27864,-1.11723,0.31771,-1.03281,0.35678,-0.94838,0.39773,-0.86384,0.43868,-0.77930,0.47963,-0.69477,0.52058,-0.61899,0.56153,-0.54322,0.60248,-0.46744,0.64343,-0.40284,0.68438,-0.33824,0.72533,-0.27363,0.76627,-0.22262,0.80721,-0.17160,0.84815,-0.12059,0.88898,-0.08725,0.92982,-0.05392,0.97065,-0.02058
1990,0.01793,-1.68607,0.05457,-1.60310,0.09120,-1.52013,0.12783,-1.43716,0.16512,-1.34939,0.20242,-1.26161,0.23971,-1.17384,0.27875,-1.09137,0.31779,-1.00890,0.35684,-0.92642,0.39778,-0.84384,0.43873,-0.76126,0.47967,-0.67868,0.52062,-0.60466,0.56156,-0.53064,0.60251,-0.45662,0.64346,-0.39351,0.68440,-0.33041,0.72535,-0.26730,0.76629,-0.21747,0.80723,-0.16764,0.84817,-0.11780,0.88899,-0.08524,0.92982,-0.05267,0.97065,-0.02011
1995,0.01802,-1.64619,0.05463,-1.56518,0.09124,-1.48417,0.12785,-1.40316,0.16518,-1.31744,0.20252,-1.23172,0.23985,-1.14600,0.27886,-1.06549,0.31788,-0.98497,0.35689,-0.90446,0.39783,-0.82383,0.43878,-0.74321,0.47972,-0.66258,0.52066,-0.59031,0.56160,-0.51805,0.60254,-0.44579,0.64349,-0.38418,0.68443,-0.32257,0.72537,-0.26096,0.76631,-0.21232,0.80724,-0.16367,0.84818,-0.11502,0.88900,-0.08323,0.92983,-0.05143,0.97065,-0.01963
2000,0.01811,-1.60629,0.05470,-1.52724,0.09129,-1.44819,0.12788,-1.36914,0.16525,-1.28548,0.20262,-1.20182,0.23999,-1.11816,0.27898,-1.03960,0.31796,-0.96105,0.35695,-0.88249,0.39788,-0.80382,0.43882,-0.72515,0.47976,-0.64648,0.52070,-0.57597,0.56164,-0.50546,0.60258,-0.43495,0.64352,-0.37484,0.68446,-0.31474,0.72540,-0.25463,0.76633,-0.20716,0.80726,-0.15970,0.84819,-0.11224,0.88901,-0.08121,0.92983,-0.05019,0.97065,-0.01916
2005,0.01819,-1.56640,0.05476,-1.48931,0.09133,-1.41222,0.12790,-1.33512,0.16531,-1.25352,0.20272,-1.17192,0.24013,-1.09031,0.27909,-1.01372,0.31805,-0.93712,0.35700,-0.86052,0.39794,-0.78381,0.43887,-0.70709,0.47981,-0.63038,0.52074,-0.56162,0.56168,-0.49287,0.60261,-0.42412,0.64355,-0.36551,0.68448,-0.30690,0.72542,-0.24829,0.76635,-0.20201,0.80727,-0.15573,0.84820,-0.10945,0.88902,-0.07920,0.92984,-0.04894,0.97066,-0.01869
2010,0.01828,-1.52652,0.05483,-1.45139,0.09138,-1.37625,0.12792,-1.30112,0.16537,-1.22157,0.20282,-1.14202,0.24027,-1.06248,0.27920,-0.98784,0.31813,-0.91320,0.35706,-0.83856,0.39799,-0.76380,0.43892,-0.68904,0.47985,-0.61428,0.52078,-0.54728,0.56171,-0.48028,0.60264,-0.41329,0.64358,-0.35618,0.68451,-0.29906,0.72544,-0.24195,0.76637,-0.19686,0.80729,-0.15176,0.84822,-0.10667,0.88903,-0.07718,0.92984,-0.04770,0.97066,-0.01821
2015,0.01836,-1.48666,0.05489,-1.41348,0.09142,-1.34030,0.12795,-1.26713,0.16544,-1.18964,0.20293,-1.11215,0.24042,-1.03466,0.27931,-0.96197,0.31821,-0.88929,0.35711,-0.81660,0.39804,-0.74380,0.43897,-0.67099,0.47989,-0.59819,0.52082,-0.53295,0.56175,-0.46770,0.60268,-0.40246,0.64361,-0.34685,0.68454,-0.29123,0.72546,-0.23562,0.76639,-0.19171,0.80731,-0.14780,0.84823,-0.10389,0.88904,-0.07517,0.92985,-0.04645,0.97066,-0.01774
2020,0.01845,-1.44683,0.05496,-1.37560,0.09147,-1.30438,0.12797,-1.23316,0.16550,-1.15773,0.20303,-1.08229,0.24056,-1.00685,0.27943,-0.93612,0.31830,-0.86540,0.35717,-0.79467,0.39809,-0.72382,0.43901,-0.65296,0.47994,-0.58211,0.52086,-0.51862,0.56179,-0.45513,0.60271,-0.39164,0.64364,-0.33753,0.68456,-0.28341,0.72549,-0.22929,0.76641,-0.18656,0.80732,-0.14383,0.84824,-0.10111,0.88905,-0.07316,0.92986,-0.04521,0.97066,-0.01726
2025,0.01854,-1.40703,0.05502,-1.33776,0.09151,-1.26850,0.12800,-1.19923,0.16556,-1.12585,0.20313,-1.05246,0.24070,-0.97908,0.27954,-0.91030,0.31838,-0.84153,0.35722,-0.77275,0.39814,-0.70385,0.43906,-0.63495,0.47998,-0.56605,0.52090,-0.50431,0.56182,-0.44257,0.60275,-0.38084,0.64367,-0.32821,0.68459,-0.27559,0.72551,-0.22297,0.76642,-0.18142,0.80734,-0.13988,0.84825,-0.09833,0.88906,-0.07115,0.92986,-0.04397,0.97067,-0.01679
2030,0.01862,-1.36729,0.05509,-1.29997,0.09155,-1.23266,0.12802,-1.16534,0.16563,-1.09401,0.20323,-1.02267,0.24084,-0.95134,0.27965,-0.88451,0.31846,-0.81769,0.35728,-0.75086,0.39819,-0.68391,0.43911,-0.61696,0.48003,-0.55001,0.52094,-0.49002,0.56186,-0.43003,0.60278,-0.37004,0.64370,-0.31891,0.68462,-0.26778,0.72553,-0.21665,0.76644,-0.17629,0.80735,-0.13592,0.84826,-0.09555,0.88907,-0.06914,0.92987,-0.04273,0.97067,-0.01632
2035,0.01871,-1.32760,0.05515,-1.26223,0.09160,-1.19687,0.12805,-1.13150,0.16569,-1.06221,0.20333,-0.99293,0.24098,-0.92364,0.27976,-0.85876,0.31855,-0.79388,0.35733,-0.72901,0.39824,-0.66400,0.43916,-0.59900,0.48007,-0.53399,0.52099,-0.47575,0.56190,-0.41751,0.60281,-0.35926,0.64373,-0.30963,0.68464,-0.25999,0.72556,-0.21035,0.76646,-0.17116,0.80737,-0.13197,0.84828,-0.09278,0.88907,-0.06714,0.92987,-0.04149,0.97067,-0.01585
2040,0.01879,-1.28799,0.05522,-1.22456,0.09164,-1.16114,0.12807,-1.09772,0.16575,-1.03048,0.20344,-0.96323,0.24112,-0.89599,0.27987,-0.83306,0.31863,-0.77012,0.35738,-0.70719,0.39829,-0.64413,0.43920,-0.58106,0.48012,-0.51800,0.52103,-0.46150,0.56194,-0.40500,0.60285,-0.34850,0.64376,-0.30035,0.68467,-0.25221,0.72558,-0.20406,0.76648,-0.16604,0.80739,-0.12803,0.84829,-0.09002,0.88908,-0.06514,0.92988,-0.04026,0.97067,-0.01538
2045,0.01888,-1.24845,0.05528,-1.18697,0.09169,-1.12549,0.12809,-1.06401,0.16582,-0.99880,0.20354,-0.93360,0.24126,-0.86839,0.27998,-0.80740,0.31871,-0.74641,0.35744,-0.68541,0.39835,-0.62429,0.43925,-0.56317,0.48016,-0.50204,0.52107,-0.44728,0.56197,-0.39252,0.60288,-0.33777,0.64379,-0.29110,0.68469,-0.24444,0.72560,-0.19777,0.76650,-0.16094,0.80740,-0.12410,0.84830,-0.08726,0.88909,-0.06314,0.92988,-0.03902,0.97068,-0.01491
2050,0.01896,-1.20900,0.05535,-1.14945,0.09173,-1.08991,0.12812,-1.03037,0.16588,-0.96720,0.20364,-0.90403,0.24140,-0.84086,0.28010,-0.78180,0.31879,-0.72274,0.35749,-0.66369,0.39840,-0.60450,0.43930,-0.54531,0.48020,-0.48612,0.52111,-0.43310,0.56201,-0.38007,0.60291,-0.32705,0.64382,-0.28187,0.68472,-0.23669,0.72563,-0.19151,0.76652,-0.15584,0.80742,-0.12017,0.84831,-0.08451,0.88910,-0.06115,0.92989,-0.03779,0.97068,-0.01444
2055,0.01905,-1.16965,0.05541,-1.11203,0.09178,-1.05442,0.12814,-0.99681,0.16594,-0.93567,0.20374,-0.87453,0.24154,-0.81339,0.28021,-0.75627,0.31888,-0.69914,0.35755,-0.64202,0.39845,-0.58476,0.43935,-0.52749,0.48025,-0.47023,0.52115,-0.41894,0.56205,-0.36765,0.60295,-0.31637,0.64385,-0.27266,0.68475,-0.22896,0.72565,-0.18525,0.76654,-0.15076,0.80743,-0.11626,0.84833,-0.08176,0.88911,-0.05916,0.92990,-0.03657,0.97068,-0.01397
2060,0.01913,-1.13040,0.05548,-1.07472,0.09182,-1.01903,0.12817,-0.96335,0.16600,-0.90423,0.20384,-0.84512,0.24167,-0.78600,0.28032,-0.73080,0.31896,-0.67560,0.35760,-0.62040,0.39850,-0.56507,0.43939,-0.50973,0.48029,-0.45439,0.52119,-0.40483,0.56208,-0.35527,0.60298,-0.30571,0.64388,-0.26348,0.68477,-0.22125,0.72567,-0.17902,0.76656,-0.14569,0.80745,-0.11235,0.84834,-0.07902,0.88912,-0.05718,0.92990,-0.03534,0.97068,-0.01350
2065,0.01922,-1.09128,0.05554,-1.03751,0.09187,-0.98375,0.12819,-0.92998,0.16606,-0.87289,0.20394,-0.81579,0.24181,-0.75869,0.28043,-0.70541,0.31904,-0.65213,0.35766,-0.59886,0.39855,-0.54544,0.43944,-0.49202,0.48033,-0.43860,0.52123,-0.39076,0.56212,-0.34292,0.60301,-0.29508,0.64391,-0.25432,0.68480,-0.21356,0.72569,-0.17280,0.76658,-0.14063,0.80746,-0.10846,0.84835,-0.07629,0.88913,-0.05521,0.92991,-0.03412,0.97069,-0.01304
2070,0.01930,-1.05228,0.05561,-1.00043,0.09191,-0.94858,0.12821,-0.89673,0.16613,-0.84164,0.20404,-0.78656,0.24195,-0.73147,0.28054,-0.68011,0.31912,-0.62874,0.35771,-0.57738,0.39860,-0.52587,0.43949,-0.47437,0.48038,-0.42286,0.52127,-0.37674,0.56216,-0.33061,0.60305,-0.28449,0.64394,-0.24520,0.68483,-0.20590,0.72572,-0.16661,0.76660,-0.13559,0.80748,-0.10458,0.84836,-0.07357,0.88914,-0.05324,0.92991,-0.03291,0.97069,-0.01257
2075,0.01939,-1.01341,0.05567,-0.96347,0.09195,-0.91353,0.12824,-0.86359,0.16619,-0.81051,0.20414,-0.75743,0.24209,-0.70434,0.28065,-0.65489,0.31920,-0.60543,0.35776,-0.55597,0.39865,-0.50637,0.43953,-0.45677,0.48042,-0.40717,0.52131,-0.36276,0.56219,-0.31835,0.60308,-0.27393,0.64396,-0.23610,0.68485,-0.19827,0.72574,-0.16043,0.76662,-0.13057,0.80750,-0.10071,0.84837,-0.07086,0.88915,-0.05128,0.92992,-0.03169,0.97069,-0.01211
2080,0.01947,-0.97470,0.05573,-0.92666,0.09200,-0.87862,0.12826,-0.83058,0.16625,-0.77949,0.20424,-0.72841,0.24222,-0.67732,0.28076,-0.62977,0.31929,-0.58221,0.35782,-0.53465,0.39870,-0.48695,0.43958,-0.43925,0.48046,-0.39155,0.52135,-0.34884,0.56223,-0.30613,0.60311,-0.26342,0.64399,-0.22704,0.68488,-0.19066,0.72576,-0.15428,0.76664,-0.12557,0.80751,-0.09686,0.84839,-0.06815,0.88916,-0.04932,0.92992,-0.03049,0.97069,-0.01165
2085,0.01955,-0.93613,0.05580,-0.88999,0.09204,-0.84384,0.12828,-0.79770,0.16631,-0.74860,0.20434,-0.69950,0.24236,-0.65041,0.28086,-0.60474,0.31937,-0.55908,0.35787,-0.51342,0.39875,-0.46760,0.43963,-0.42179,0.48051,-0.37598,0.52139,-0.33497,0.56226,-0.29396,0.60314,-0.25295,0.64402,-0.21802,0.68490,-0.18309,0.72578,-0.14816,0.76665,-0.12059,0.80753,-0.09303,0.84840,-0.06546,0.88916,-0.04737,0.92993,-0.02928,0.97069,-0.01119
2090,0.01964,-0.89774,0.05586,-0.85348,0.09208,-0.80922,0.12831,-0.76496,0.16637,-0.71784,0.20443,-0.67072,0.24250,-0.62361,0.28097,-0.57983,0.31945,-0.53605,0.35792,-0.49227,0.39880,-0.44834,0.43967,-0.40441,0.48055,-0.36048,0.52142,-0.32116,0.56230,-0.28184,0.60318,-0.24252,0.64405,-0.20903,0.68493,-0.17554,0.72581,-0.14206,0.76667,-0.11563,0.80754,-0.08921,0.84841,-0.06278,0.88917,-0.04543,0.92994,-0.02809,0.97070,-0.01074
2095,0.01972,-0.85952,0.05592,-0.81713,0.09213,-0.77475,0.12833,-0.73237,0.16643,-0.68722,0.20453,-0.64208,0.24263,-0.59693,0.28108,-0.55503,0.31953,-0.51312,0.35797,-0.47122,0.39885,-0.42917,0.43972,-0.38711,0.48059,-0.34506,0.52146,-0.30742,0.56234,-0.26978,0.60321,-0.23214,0.64408,-0.20009,0.68495,-0.16804,0.72583,-0.13598,0.76669,-0.11069,0.80756,-0.08540,0.84842,-0.06012,0.88918,-0.04350,0.92994,-0.02689,0.97070,-0.01028
2100,0.01980,-0.82148,0.05598,-0.78097,0.09217,-0.74045,0.12835,-0.69993,0.16649,-0.65675,0.20463,-0.61357,0.24277,-0.57038,0.28119,-0.53035,0.31961,-0.49031,0.35803,-0.45027,0.39890,-0.41008,0.43976,-0.36989,0.48063,-0.32970,0.52150,-0.29374,0.56237,-0.25777,0.60324,-0.22181,0.64411,-0.19119,0.68498,-0.16056,0.72585,-0.12994,0.76671,-0.10578,0.80757,-0.08162,0.84843,-0.05746,0.88919,-0.04158,0.92995,-0.02571,0.97070,-0.00983
2105,0.01988,-0.78364,0.05605,-0.74498,0.09221,-0.70632,0.12838,-0.66766,0.16655,-0.62643,0.20473,-0.58520,0.24290,-0.54397,0.28129,-0.50579,0.31969,-0.46761,0.35808,-0.42943,0.39894,-0.39110,0.43981,-0.35276,0.48068,-0.31443,0.52154,-0.28013,0.56241,-0.24583,0.60327,-0.21153,0.64414,-0.18233,0.68500,-0.15313,0.72587,-0.12393,0.76673,-0.10089,0.80759,-0.07786,0.84845,-0.05482,0.88920,-0.03967,0.92995,-0.02453,0.97070,-0.00938
2110,0.01996,-0.74600,0.05611,-0.70919,0.09225,-0.67238,0.12840,-0.63557,0.16661,-0.59628,0.20482,-0.55699,0.24303,-0.51770,0.28140,-0.48137,0.31976,-0.44503,0.35813,-0.40870,0.39899,-0.37221,0.43985,-0.33573,0.48072,-0.29924,0.52158,-0.26660,0.56244,-0.23395,0.60330,-0.20131,0.64417,-0.17352,0.68503,-0.14573,0.72589,-0.11795,0.76675,-0.09603,0.80760,-0.07411,0.84846,-0.05219,0.88921,-0.03777,0.92996,-0.02335,0.97071,-0.00893
2115,0.02004,-0.70857,0.05617,-0.67360,0.09230,-0.63863,0.12842,-0.60365,0.16667,-0.56629,0.20492,-0.52893,0.24317,-0.49158,0.28150,-0.45708,0.31984,-0.42258,0.35818,-0.38809,0.39904,-0.35344,0.43990,-0.31878,0.48076,-0.28413,0.52162,-0.25314,0.56248,-0.22214,0.60334,-0.19115,0.64420,-0.16476,0.68505,-0.13838,0.72591,-0.11200,0.76677,-0.09119,0.80762,-0.07039,0.84847,-0.04958,0.88922,-0.03588,0.92996,-0.02219,0.97071,-0.00849
2120,0.02012,-0.67137,0.05623,-0.63822,0.09234,-0.60507,0.12845,-0.57193,0.16673,-0.53649,0.20501,-0.50105,0.24330,-0.46561,0.28161,-0.43294,0.31992,-0.40027,0.35823,-0.36760,0.39909,-0.33477,0.43994,-0.30194,0.48080,-0.26911,0.52166,-0.23976,0.56251,-0.21040,0.60337,-0.18104,0.64422,-0.15606,0.68508,-0.13107,0.72594,-0.10609,0.76678,-0.08639,0.80763,-0.06669,0.84848,-0.04698,0.88922,-0.03400,0.92997,-0.02103,0.97071,-0.00805
2125,0.02020,-0.63439,0.05629,-0.60306,0.09238,-0.57173,0.12847,-0.54040,0.16679,-0.50687,0.20511,-0.47333,0.24343,-0.43980,0.28171,-0.40894,0.32000,-0.37809,0.35828,-0.34724,0.39914,-0.31622,0.43999,-0.28520,0.48084,-0.25419,0.52169,-0.22646,0.56255,-0.19873,0.60340,-0.17100,0.64425,-0.14740,0.68510,-0.12381,0.72596,-0.10022,0.76680,-0.08161,0.80765,-0.06301,0.84849,-0.04440,0.88923,-0.03214,0.92997,-0.01987,0.97071,-0.00761
2130,0.02028,-0.59765,0.05635,-0.56813,0.09242,-0.53860,0.12849,-0.50908,0.16685,-0.47744,0.20520,-0.44580,0.24356,-0.41416,0.28182,-0.38511,0.32008,-0.35606,0.35833,-0.32700,0.39918,-0.29779,0.44003,-0.26858,0.48088,-0.23936,0.52173,-0.21325,0.56258,-0.18713,0.60343,-0.16102,0.64428,-0.13881,0.68513,-0.11659,0.72598,-0.09438,0.76682,-0.07687,0.80766,-0.05935,0.84850,-0.04184,0.88924,-0.03028,0.92998,-0.01873,0.97072,-0.00717
2135,0.02036,-0.56117,0.05641,-0.53343,0.09246,-0.50570,0.12851,-0.47796,0.16690,-0.44821,0.20530,-0.41845,0.24369,-0.38869,0.28192,-0.36143,0.32015,-0.33417,0.35838,-0.30691,0.39923,-0.27948,0.44008,-0.25206,0.48092,-0.22463,0.52177,-0.20013,0.56261,-0.17562,0.60346,-0.15111,0.64431,-0.13027,0.68515,-0.10943,0.72600,-0.08858,0.76684,-0.07215,0.80768,-0.05572,0.84852,-0.03929,0.88925,-0.02844,0.92998,-0.01759,0.97072,-0.00674
2140,0.02044,-0.52494,0.05647,-0.49898,0.09250,-0.47303,0.12854,-0.44707,0.16696,-0.41918,0.20539,-0.39129,0.24381,-0.36340,0.28202,-0.33792,0.32023,-0.31244,0.35843,-0.28696,0.39928,-0.26131,0.44012,-0.23566,0.48096,-0.21001,0.52181,-0.18710,0.56265,-0.16419,0.60349,-0.14127,0.64433,-0.12179,0.68518,-0.10231,0.72602,-0.08283,0.76686,-0.06747,0.80769,-0.05212,0.84853,-0.03676,0.88926,-0.02661,0.92999,-0.01646,0.97072,-0.00631
2145,0.02052,-0.48898,0.05653,-0.46479,0.09254,-0.44060,0.12856,-0.41641,0.16702,-0.39037,0.20548,-0.36434,0.24394,-0.33830,0.28212,-0.31459,0.32030,-0.29087,0.35848,-0.26715,0.39932,-0.24327,0.44016,-0.21938,0.48100,-0.19550,0.52184,-0.17417,0.56268,-0.15284,0.60352,-0.13151,0.64436,-0.11338,0.68520,-0.09524,0.72604,-0.07711,0.76687,-0.06283,0.80771,-0.04854,0.84854,-0.03425,0.88927,-0.02480,0.92999,-0.01534,0.97072,-0.00588
2150,0.02059,-0.45329,0.05659,-0.43085,0.09258,-0.40841,0.12858,-0.38598,0.16708,-0.36178,0.20557,-0.33759,0.24407,-0.31340,0.28222,-0.29143,0.32038,-0.26946,0.35853,-0.24750,0.39937,-0.22536,0.44021,-0.20323,0.48104,-0.18109,0.52188,-0.16133,0.56271,-0.14157,0.60355,-0.12181,0.64439,-0.10502,0.68523,-0.08823,0.72606,-0.07144,0.76689,-0.05822,0.80772,-0.04499,0.84855,-0.03176,0.88927,-0.02299,0.93000,-0.01422,0.97072,-0.00546
2155,0.02067,-0.41789,0.05665,-0.39719,0.09262,-0.37649,0.12860,-0.35579,0.16713,-0.33342,0.20566,-0.31105,0.24419,-0.28869,0.28232,-0.26846,0.32045,-0.24823,0.35858,-0.22800,0.39942,-0.20760,0.44025,-0.18720,0.48108,-0.16680,0.52191,-0.14860,0.56275,-0.13040,0.60358,-0.11220,0.64441,-0.09674,0.68525,-0.08128,0.72608,-0.06582,0.76691,-0.05364,0.80773,-0.04147,0.84856,-0.02929,0.88928,-0.02121,0.93000,-0.01312,0.97073,-0.00503
2160,0.02075,-0.38278,0.05671,-0.36380,0.09266,-0.34483,0.12862,-0.32585,0.16719,-0.30529,0.20575,-0.28474,0.24432,-0.26418,0.28242,-0.24568,0.32053,-0.22717,0.35863,-0.20867,0.39946,-0.18999,0.44029,-0.17131,0.48112,-0.15263,0.52195,-0.13598,0.56278,-0.11932,0.60361,-0.10266,0.64444,-0.08852,0.68527,-0.07438,0.72610,-0.06024,0.76693,-0.04911,0.80775,-0.03797,0.84857,-0.02684,0.88929,-0.01943,0.93001,-0.01202,0.97073,-0.00462
2165,0.02082,-0.34797,0.05676,-0.33070,0.09270,-0.31344,0.12864,-0.29617,0.16724,-0.27741,0.20584,-0.25865,0.24444,-0.23989,0.28252,-0.22309,0.32060,-0.20629,0.35868,-0.18950,0.39951,-0.17252,0.44033,-0.15555,0.48116,-0.13858,0.52199,-0.12346,0.56281,-0.10834,0.60364,-0.09321,0.64447,-0.08038,0.68530,-0.06754,0.72612,-0.05471,0.76694,-0.04461,0.80776,-0.03451,0.84858,-0.02441,0.88930,-0.01768,0.93001,-0.01094,0.97073,-0.00420
2170,0.02090,-0.31347,0.05682,-0.29790,0.09274,-0.28233,0.12866,-0.26676,0.16730,-0.24977,0.20593,-0.23279,0.24456,-0.21581,0.28262,-0.20071,0.32067,-0.18560,0.35873,-0.17050,0.39955,-0.15522,0.44037,-0.13994,0.48120,-0.12466,0.52202,-0.11105,0.56285,-0.09745,0.60367,-0.08384,0.64449,-0.07231,0.68532,-0.06077,0.72614,-0.04923,0.76696,-0.04015,0.80778,-0.03108,0.84859,-0.02200,0.88931,-0.01593,0.93002,-0.00986,0.97073,-0.00379
2175,0.02097,-0.27930,0.05688,-0.26540,0.09278,-0.25151,0.12869,-0.23761,0.16735,-0.22239,0.20602,-0.20717,0.24468,-0.19195,0.28271,-0.17853,0.32074,-0.16510,0.35877,-0.15168,0.39959,-0.13807,0.44041,-0.12447,0.48124,-0.11086,0.52206,-0.09876,0.56288,-0.08666,0.60370,-0.07456,0.64452,-0.06431,0.68534,-0.05405,0.72616,-0.04380,0.76698,-0.03574,0.80779,-0.02768,0.84860,-0.01962,0.88931,-0.01421,0.93002,-0.00880,0.97074,-0.00339
2180,0.02104,-0.24545,0.05693,-0.23321,0.09282,-0.22098,0.12871,-0.20875,0.16740,-0.19528,0.20610,-0.18180,0.24480,-0.16833,0.28281,-0.15656,0.32081,-0.14480,0.35882,-0.13303,0.39964,-0.12109,0.44046,-0.10914,0.48127,-0.09720,0.52209,-0.08659,0.56291,-0.07598,0.60373,-0.06537,0.64455,-0.05639,0.68536,-0.04740,0.72618,-0.03842,0.76699,-0.03137,0.80780,-0.02431,0.84861,-0.01726,0.88932,-0.01250,0.93003,-0.00774,0.97074,-0.00298
2185,0.02112,-0.21193,0.05699,-0.20135,0.09286,-0.19076,0.12873,-0.18017,0.16746,-0.16843,0.20619,-0.15668,0.24492,-0.14494,0.28290,-0.13482,0.32088,-0.12470,0.35887,-0.11458,0.39968,-0.10427,0.44050,-0.09397,0.48131,-0.08367,0.52213,-0.07454,0.56294,-0.06540,0.60375,-0.05627,0.64457,-0.04854,0.68539,-0.04082,0.72620,-0.03310,0.76701,-0.02704,0.80782,-0.02098,0.84862,-0.01492,0.88933,-0.01081,0.93003,-0.00670,0.97074,-0.00259
2190,0.02119,-0.17876,0.05704,-0.16980,0.09289,-0.16085,0.12875,-0.15189,0.16751,-0.14185,0.20627,-0.13182,0.24504,-0.12178,0.28300,-0.11329,0.32095,-0.10480,0.35891,-0.09631,0.39972,-0.08763,0.44054,-0.07896,0.48135,-0.07028,0.52216,-0.06261,0.56297,-0.05493,0.60378,-0.04726,0.64460,-0.04078,0.68541,-0.03430,0.72622,-0.02783,0.76703,-0.02275,0.80783,-0.01768,0.84863,-0.01260,0.88934,-0.00913,0.93004,-0.00566,0.97074,-0.00219
2195,0.02126,-0.14594,0.05709,-0.13860,0.09293,-0.13125,0.12877,-0.12390,0.16756,-0.11556,0.20636,-0.10722,0.24515,-0.09888,0.28309,-0.09200,0.32102,-0.08511,0.35896,-0.07823,0.39977,-0.07117,0.44057,-0.06410,0.48138,-0.05704,0.52219,-0.05081,0.56300,-0.04458,0.60381,-0.03834,0.64462,-0.03310,0.68543,-0.02786,0.72624,-0.02261,0.76704,-0.01851,0.80784,-0.01441,0.84864,-0.01031,0.88934,-0.00747,0.93004,-0.00464,0.97074,-0.00180
2200,0.02133,-0.11349,0.05715,-0.10773,0.09297,-0.10198,0.12879,-0.09623,0.16761,-0.08956,0.20644,-0.08289,0.24527,-0.07622,0.28318,-0.07093,0.32109,-0.06565,0.35900,-0.06036,0.39981,-0.05488,0.44061,-0.04941,0.48142,-0.04394,0.52223,-0.03913,0.56303,-0.03433,0.60384,-0.02953,0.64464,-0.02551,0.68545,-0.02148,0.72626,-0.01746,0.76706,-0.01432,0.80786,-0.01118,0.84865,-0.00805,0.88935,-0.00584,0.93005,-0.00363,0.97075,-0.00142
2205,0.02140,-0.08140,0.05720,-0.07722,0.09300,-0.07304,0.12881,-0.06886,0.16767,-0.06385,0.20652,-0.05884,0.24538,-0.05383,0.28327,-0.05011,0.32116,-0.04640,0.35905,-0.04269,0.39985,-0.03878,0.44065,-0.03488,0.48146,-0.03098,0.52226,-0.02759,0.56306,-0.02420,0.60387,-0.02081,0.64467,-0.01800,0.68547,-0.01518,0.72628,-0.01236,0.76707,-0.01017,0.80787,-0.00799,0.84866,-0.00581,0.88936,-0.00422,0.93005,-0.00263,0.97075,-0.00103
2210,0.02147,-0.04968,0.05725,-0.04706,0.09304,-0.04444,0.12883,-0.04182,0.16772,-0.03844,0.20660,-0.03507,0.24549,-0.03169,0.28336,-0.02953,0.32122,-0.02738,0.35909,-0.02522,0.39989,-0.02287,0.44069,-0.02053,0.48149,-0.01818,0.52229,-0.01619,0.56309,-0.01420,0.60389,-0.01220,0.64469,-0.01057,0.68549,-0.00895,0.72630,-0.00732,0.76709,-0.00608,0.80788,-0.00483,0.84867,-0.00359,0.88937,-0.00261,0.93006,-0.00164,0.97075,-0.00066
2215,0.02153,-0.01835,0.05730,-0.01727,0.09307,-0.01619,0.12885,-0.01511,0.16776,-0.01335,0.20668,-0.01158,0.24560,-0.00982,0.28345,-0.00920,0.32129,-0.00858,0.35913,-0.00797,0.39993,-0.00716,0.44073,-0.00635,0.48153,-0.00554,0.52232,-0.00492,0.56312,-0.00431,0.60392,-0.00369,0.64472,-0.00324,0.68552,-0.00279,0.72631,-0.00234,0.76710,-0.00203,0.80789,-0.00172,0.84868,-0.00141,0.88937,-0.00103,0.93006,-0.00066,0.97075,-0.00029
2220,0.02160,0.01258,0.05735,0.01215,0.09311,0.01171,0.12886,0.01127,0.16781,0.01144,0.20676,0.01160,0.24571,0.01177,0.28353,0.01087,0.32135,0.00997,0.35917,0.00907,0.39997,0.00836,0.44076,0.00766,0.48156,0.00695,0.52235,0.00620,0.56315,0.00546,0.60394,0.00471,0.64474,0.00400,0.68554,0.00329,0.72633,0.00257,0.76712,0.00197,0.80791,0.00136,0.84869,0.00075,0.88938,0.00053,0.93007,0.00031,0.97075,0.00008
2225,0.02167,0.04312,0.05740,0.04119,0.09314,0.03925,0.12888,0.03731,0.16786,0.03590,0.20684,0.03449,0.24582,0.03309,0.28362,0.03069,0.32142,0.02829,0.35922,0.02589,0.40001,0.02369,0.44080,0.02148,0.48159,0.01928,0.52239,0.01718,0.56318,0.01509,0.60397,0.01300,0.64476,0.01114,0.68556,0.00928,0.72635,0.00742,0.76713,0.00591,0.80792,0.00440,0.84870,0.00288,0.88939,0.00207,0.93007,0.00126,0.97076,0.00045
2230,0.02173,0.07325,0.05745,0.06984,0.09318,0.06642,0.12890,0.06301,0.16791,0.06004,0.20692,0.05708,0.24593,0.05412,0.28371,0.05024,0.32148,0.04636,0.35926,0.04249,0.40005,0.03880,0.44084,0.03512,0.48163,0.03144,0.52242,0.02802,0.56321,0.02460,0.60400,0.02119,0.64479,0.01819,0.68558,0.01520,0.72637,0.01221,0.76715,0.00980,0.80793,0.00740,0.84871,0.00499,0.88939,0.00359,0.93008,0.00220,0.97076,0.00080
2235,0.02180,0.10297,0.05750,0.09810,0.09321,0.09322,0.12892,0.08835,0.16796,0.08385,0.20700,0.07935,0.24603,0.07486,0.28379,0.06952,0.32154,0.06419,0.35930,0.05885,0.40009,0.05371,0.44087,0.04857,0.48166,0.04343,0.52245,0.03871,0.56323,0.03398,0.60402,0.02926,0.64481,0.02515,0.68560,0.02104,0.72638,0.01693,0.76716,0.01364,0.80794,0.01035,0.84872,0.00706,0.88940,0.00509,0.93008,0.00313,0.97076,0.00116
2240,0.02186,0.13227,0.05755,0.12595,0.09324,0.11964,0.12894,0.11333,0.16800,0.10732,0.20707,0.10131,0.24614,0.09530,0.28387,0.08853,0.32161,0.08176,0.35934,0.07498,0.40012,0.06841,0.44091,0.06183,0.48169,0.05526,0.52248,0.04924,0.56326,0.04323,0.60405,0.03721,0.64483,0.03200,0.68562,0.02680,0.72640,0.02159,0.76718,0.01743,0.80795,0.01327,0.84873,0.00911,0.88941,0.00657,0.93008,0.00404,0.97076,0.00151
2245,0.02192,0.16113,0.05760,0.15340,0.09328,0.14567,0.12895,0.13794,0.16805,0.13044,0.20714,0.12295,0.24624,0.11545,0.28395,0.10726,0.32167,0.09907,0.35938,0.09088,0.40016,0.08289,0.44094,0.07490,0.48172,0.06691,0.52251,0.05962,0.56329,0.05234,0.60407,0.04505,0.64485,0.03876,0.68563,0.03247,0.72642,0.02617,0.76719,0.02116,0.80797,0.01614,0.84874,0.01112,0.88941,0.00803,0.93009,0.00494,0.97076,0.00185
2250,0.02198,0.18956,0.05765,0.18044,0.09331,0.17131,0.12897,0.16218,0.16809,0.15322,0.20722,0.14426,0.24634,0.13530,0.28403,0.12571,0.32173,0.11612,0.35942,0.10654,0.40020,0.09715,0.44098,0.08777,0.48176,0.07838,0.52254,0.06985,0.56331,0.06131,0.60409,0.05277,0.64487,0.04541,0.68565,0.03805,0.72643,0.03069,0.76721,0.02483,0.80798,0.01897,0.84875,0.01311,0.88942,0.00947,0.93009,0.00583,0.97076,0.00219
2255,0.02204,0.21755,0.05769,0.20705,0.09334,0.19655,0.12899,0.18605,0.16814,0.17564,0.20729,0.16524,0.24644,0.15483,0.28411,0.14387,0.32178,0.13291,0.35946,0.12195,0.40023,0.11120,0.44101,0.10044,0.48179,0.08968,0.52256,0.07991,0.56334,0.07014,0.60412,0.06037,0.64490,0.05196,0.68567,0.04355,0.72645,0.03514,0.76722,0.02844,0.80799,0.02175,0.84876,0.01506,0.88943,0.01088,0.93010,0.00670,0.97077,0.00252
2260,0.02210,0.24509,0.05774,0.23323,0.09337,0.22138,0.12901,0.20953,0.16818,0.19770,0.20736,0.18588,0.24654,0.17405,0.28419,0.16174,0.32184,0.14943,0.35949,0.13712,0.40027,0.12501,0.44104,0.11290,0.48182,0.10079,0.52259,0.08981,0.56337,0.07883,0.60414,0.06785,0.64492,0.05841,0.68569,0.04896,0.72647,0.03951,0.76723,0.03200,0.80800,0.02449,0.84877,0.01698,0.88943,0.01227,0.93010,0.00756,0.97077,0.00285
2265,0.02216,0.27217,0.05778,0.25898,0.09340,0.24580,0.12902,0.23262,0.16823,0.21940,0.20743,0.20617,0.24663,0.19295,0.28426,0.17931,0.32190,0.16567,0.35953,0.15203,0.40030,0.13860,0.44108,0.12516,0.48185,0.11173,0.52262,0.09955,0.56339,0.08738,0.60416,0.07521,0.64494,0.06474,0.68571,0.05428,0.72648,0.04381,0.76725,0.03550,0.80801,0.02719,0.84877,0.01887,0.88944,0.01364,0.93010,0.00840,0.97077,0.00317
2270,0.02222,0.29878,0.05782,0.28429,0.09343,0.26980,0.12904,0.25531,0.16827,0.24072,0.20750,0.22612,0.24673,0.21153,0.28434,0.19658,0.32195,0.18164,0.35957,0.16669,0.40034,0.15195,0.44111,0.13721,0.48188,0.12247,0.52265,0.10912,0.56342,0.09578,0.60419,0.08244,0.64496,0.07097,0.68573,0.05951,0.72650,0.04804,0.76726,0.03894,0.80802,0.02983,0.84878,0.02073,0.88945,0.01498,0.93011,0.00923,0.97077,0.00348
2275,0.02227,0.32493,0.05787,0.30916,0.09346,0.29338,0.12905,0.27761,0.16831,0.26167,0.20756,0.24572,0.24682,0.22978,0.28441,0.21355,0.32201,0.19732,0.35960,0.18109,0.40037,0.16507,0.44114,0.14904,0.48191,0.13302,0.52267,0.11853,0.56344,0.10403,0.60421,0.08954,0.64498,0.07709,0.68574,0.06464,0.72651,0.05220,0.76727,0.04232,0.80803,0.03243,0.84879,0.02255,0.88945,0.01630,0.93011,0.01005,0.97077,0.00380
2280,0.02233,0.35060,0.05791,0.33357,0.09349,0.31653,0.12907,0.29950,0.16835,0.28223,0.20763,0.26496,0.24691,0.24770,0.28449,0.23021,0.32206,0.21272,0.35964,0.19523,0.40041,0.17795,0.44117,0.16066,0.48194,0.14338,0.52270,0.12776,0.56347,0.11213,0.60423,0.09651,0.64500,0.08310,0.68576,0.06969,0.72653,0.05628,0.76728,0.04563,0.80804,0.03499,0.84880,0.02435,0.88946,0.01760,0.93012,0.01085,0.97077,0.00410
2285,0.02238,0.37579,0.05795,0.35752,0.09352,0.33925,0.12909,0.32098,0.16839,0.30241,0.20769,0.28384,0.24700,0.26528,0.28456,0.24655,0.32212,0.22783,0.35967,0.20910,0.40044,0.19058,0.44120,0.17207,0.48196,0.15355,0.52273,0.13682,0.56349,0.12008,0.60425,0.10335,0.64501,0.08899,0.68578,0.07463,0.72654,0.06028,0.76730,0.04889,0.80805,0.03749,0.84881,0.02610,0.88946,0.01887,0.93012,0.01163,0.97078,0.00440
2290,0.02244,0.40049,0.05799,0.38100,0.09355,0.36152,0.12910,0.34204,0.16843,0.32220,0.20776,0.30236,0.24708,0.28251,0.28463,0.26258,0.32217,0.24264,0.35971,0.22270,0.40047,0.20297,0.44123,0.18325,0.48199,0.16352,0.52275,0.14570,0.56351,0.12788,0.60427,0.11006,0.64503,0.09477,0.68579,0.07949,0.72656,0.06420,0.76731,0.05208,0.80806,0.03995,0.84881,0.02783,0.88947,0.02012,0.93012,0.01240,0.97078,0.00469
2295,0.02249,0.42469,0.05803,0.40402,0.09357,0.38335,0.12912,0.36267,0.16847,0.34159,0.20782,0.32050,0.24717,0.29941,0.28469,0.27828,0.32222,0.25716,0.35974,0.23603,0.40050,0.21512,0.44126,0.19420,0.48202,0.17329,0.52278,0.15440,0.56353,0.13552,0.60429,0.11663,0.64505,0.10044,0.68581,0.08424,0.72657,0.06805,0.76732,0.05520,0.80807,0.04236,0.84882,0.02952,0.88947,0.02134,0.93013,0.01316,0.97078,0.00498
2300,0.02254,0.44839,0.05807,0.42656,0.09360,0.40472,0.12913,0.38289,0.16850,0.36057,0.20788,0.33826,0.24725,0.31595,0.28476,0.29366,0.32227,0.27137,0.35977,0.24908,0.40053,0.22701,0.44129,0.20493,0.48204,0.18286,0.52280,0.16293,0.56356,0.14300,0.60431,0.12307,0.64507,0.10598,0.68583,0.08890,0.72658,0.07181,0.76733,0.05827,0.80808,0.04472,0.84883,0.03117,0.88948,0.02253,0.93013,0.01390,0.97078,0.00526
2305,0.02259,0.47159,0.05811,0.44861,0.09363,0.42564,0.12914,0.40266,0.16854,0.37916,0.20794,0.35565,0.24734,0.33214,0.28483,0.30871,0.32232,0.28529,0.35981,0.26186,0.40056,0.23865,0.44132,0.21543,0.48207,0.19222,0.52282,0.17127,0.56358,0.15032,0.60433,0.12937,0.64509,0.11141,0.68584,0.09345,0.72660,0.07550,0.76734,0.06126,0.80809,0.04703,0.84884,0.03279,0.88948,0.02371,0.93013,0.01462,0.97078,0.00554
2310,0.02264,0.49427,0.05815,0.47018,0.09365,0.44609,0.12916,0.42201,0.16858,0.39733,0.20800,0.37265,0.24742,0.34797,0.28489,0.32343,0.32236,0.29889,0.35984,0.27435,0.40059,0.25003,0.44134,0.22570,0.48209,0.20137,0.52285,0.17942,0.56360,0.15748,0.60435,0.13553,0.64510,0.11672,0.68586,0.09791,0.72661,0.07910,0.76735,0.06419,0.80810,0.04928,0.84884,0.03437,0.88949,0.02485,0.93014,0.01533,0.97078,0.00581
2315,0.02269,0.51643,0.05818,0.49126,0.09368,0.46608,0.12917,0.44090,0.16861,0.41508,0.20805,0.38926,0.24749,0.36344,0.28495,0.33781,0.32241,0.31219,0.35987,0.28656,0.40062,0.26114,0.44137,0.23573,0.48212,0.21032,0.52287,0.18740,0.56362,0.16447,0.60437,0.14155,0.64512,0.12191,0.68587,0.10226,0.72662,0.08262,0.76737,0.06706,0.80811,0.05149,0.84885,0.03592,0.88949,0.02597,0.93014,0.01602,0.97079,0.00607
2320,0.02273,0.53808,0.05822,0.51184,0.09370,0.48560,0.12918,0.45936,0.16865,0.43242,0.20811,0.40548,0.24757,0.37855,0.28501,0.35186,0.32246,0.32517,0.35990,0.29848,0.40065,0.27200,0.44139,0.24553,0.48214,0.21905,0.52289,0.19518,0.56364,0.17130,0.60439,0.14742,0.64514,0.12697,0.68589,0.10652,0.72664,0.08606,0.76738,0.06985,0.80812,0.05364,0.84886,0.03743,0.88950,0.02706,0.93014,0.01670,0.97079,0.00633
2325,0.02278,0.55919,0.05825,0.53191,0.09373,0.50464,0.12920,0.47736,0.16868,0.44933,0.20816,0.42131,0.24765,0.39328,0.28507,0.36556,0.32250,0.33783,0.35993,0.31010,0.40067,0.28259,0.44142,0.25508,0.48217,0.22758,0.52291,0.20277,0.56366,0.17796,0.60441,0.15316,0.64515,0.13191,0.68590,0.11066,0.72665,0.08941,0.76739,0.07258,0.80812,0.05574,0.84886,0.03890,0.88950,0.02813,0.93015,0.01735,0.97079,0.00658
2330,0.02282,0.57976,0.05829,0.55148,0.09375,0.52319,0.12921,0.49491,0.16871,0.46582,0.20822,0.43673,0.24772,0.40765,0.28513,0.37891,0.32254,0.35017,0.35996,0.32144,0.40070,0.29292,0.44144,0.26440,0.48219,0.23588,0.52293,0.21017,0.56368,0.18446,0.60442,0.15875,0.64517,0.13673,0.68591,0.11470,0.72666,0.09268,0.76740,0.07524,0.80813,0.05779,0.84887,0.04034,0.88951,0.02917,0.93015,0.01800,0.97079,0.00682
2335,0.02287,0.59980,0.05832,0.57053,0.09377,0.54126,0.12922,0.51199,0.16874,0.48187,0.20827,0.45175,0.24779,0.42163,0.28519,0.39191,0.32259,0.36219,0.35998,0.33247,0.40073,0.30297,0.44147,0.27347,0.48221,0.24397,0.52295,0.21738,0.56370,0.19078,0.60444,0.16419,0.64518,0.14141,0.68593,0.11864,0.72667,0.09587,0.76741,0.07782,0.80814,0.05978,0.84888,0.04174,0.88951,0.03018,0.93015,0.01862,0.97079,0.00706
2340,0.02291,0.61930,0.05835,0.58907,0.09379,0.55884,0.12923,0.52861,0.16878,0.49749,0.20832,0.46636,0.24786,0.43524,0.28524,0.40456,0.32263,0.37388,0.36001,0.34321,0.40075,0.31275,0.44149,0.28229,0.48223,0.25184,0.52297,0.22439,0.56372,0.19693,0.60446,0.16948,0.64520,0.14598,0.68594,0.12247,0.72668,0.09896,0.76742,0.08034,0.80815,0.06172,0.84888,0.04310,0.88952,0.03116,0.93015,0.01923,0.97079,0.00729
2345,0.02295,0.63824,0.05838,0.60708,0.09381,0.57593,0.12925,0.54477,0.16881,0.51267,0.20837,0.48056,0.24793,0.44846,0.28530,0.41685,0.32267,0.38525,0.36004,0.35364,0.40078,0.32225,0.44152,0.29087,0.48225,0.25948,0.52299,0.23120,0.56373,0.20291,0.60447,0.17463,0.64521,0.15041,0.68595,0.12619,0.72669,0.10197,0.76742,0.08279,0.80816,0.06361,0.84889,0.04442,0.88952,0.03212,0.93016,0.01982,0.97079,0.00752
2350,0.02299,0.65663,0.05841,0.62457,0.09383,0.59251,0.12926,0.56045,0.16883,0.52740,0.20841,0.49435,0.24799,0.46130,0.28535,0.42879,0.32270,0.39628,0.36006,0.36377,0.40080,0.33148,0.44154,0.29919,0.48228,0.26691,0.52301,0.23781,0.56375,0.20872,0.60449,0.17962,0.64523,0.15471,0.68597,0.12981,0.72670,0.10490,0.76743,0.08517,0.80816,0.06544,0.84889,0.04570,0.88953,0.03305,0.93016,0.02039,0.97079,0.00774
2355,0.02303,0.67446,0.05844,0.64153,0.09385,0.60859,0.12927,0.57566,0.16886,0.54168,0.20846,0.50771,0.24805,0.47374,0.28540,0.44036,0.32274,0.40697,0.36009,0.37359,0.40082,0.34043,0.44156,0.30727,0.48229,0.27410,0.52303,0.24422,0.56377,0.21435,0.60450,0.18447,0.64524,0.15889,0.68598,0.13331,0.72671,0.10773,0.76744,0.08747,0.80817,0.06721,0.84890,0.04695,0.88953,0.03395,0.93016,0.02095,0.97080,0.00795
2360,0.02307,0.69173,0.05847,0.65795,0.09387,0.62417,0.12928,0.59038,0.16889,0.55552,0.20850,0.52066,0.24811,0.48580,0.28545,0.45156,0.32278,0.41733,0.36011,0.38310,0.40084,0.34909,0.44158,0.31508,0.48231,0.28108,0.52305,0.25044,0.56378,0.21980,0.60452,0.18916,0.64525,0.16293,0.68599,0.13670,0.72672,0.11047,0.76745,0.08970,0.80818,0.06893,0.84890,0.04815,0.88953,0.03482,0.93017,0.02149,0.97080,0.00816
2365,0.02310,0.70844,0.05850,0.67383,0.09389,0.63923,0.12929,0.60462,0.16892,0.56890,0.20855,0.53318,0.24817,0.49745,0.28549,0.46240,0.32281,0.42735,0.36013,0.39230,0.40087,0.35747,0.44160,0.32264,0.48233,0.28782,0.52307,0.25644,0.56380,0.22507,0.60453,0.19369,0.64527,0.16684,0.68600,0.13998,0.72673,0.11313,0.76746,0.09186,0.80818,0.07059,0.84891,0.04932,0.88954,0.03567,0.93017,0.02201,0.97080,0.00835
2370,0.02314,0.72457,0.05852,0.68917,0.09391,0.65378,0.12930,0.61838,0.16894,0.58182,0.20859,0.54527,0.24823,0.50871,0.28554,0.47287,0.32285,0.43703,0.36015,0.40118,0.40089,0.36556,0.44162,0.32995,0.48235,0.29433,0.52308,0.26224,0.56381,0.23016,0.60455,0.19807,0.64528,0.17061,0.68601,0.14315,0.72674,0.11569,0.76747,0.09394,0.80819,0.07219,0.84891,0.05045,0.88954,0.03648,0.93017,0.02251,0.97080,0.00855
2375,0.02317,0.74012,0.05855,0.70396,0.09393,0.66780,0.12931,0.63164,0.16897,0.59429,0.20863,0.55693,0.24829,0.51957,0.28558,0.48296,0.32288,0.44636,0.36018,0.40975,0.40091,0.37337,0.44164,0.33699,0.48237,0.30061,0.52310,0.26784,0.56383,0.23507,0.60456,0.20230,0.64529,0.17425,0.68602,0.14621,0.72675,0.11816,0.76747,0.09595,0.80820,0.07374,0.84892,0.05153,0.88955,0.03727,0.93017,0.02300,0.97080,0.00873
2380,0.02320,0.75510,0.05857,0.71821,0.09395,0.68131,0.12932,0.64442,0.16899,0.60629,0.20866,0.56816,0.24834,0.53003,0.28562,0.49268,0.32291,0.45534,0.36020,0.41800,0.40093,0.38088,0.44166,0.34377,0.48238,0.30665,0.52311,0.27322,0.56384,0.23979,0.60457,0.20637,0.64530,0.17776,0.68603,0.14915,0.72676,0.12054,0.76748,0.09789,0.80820,0.07523,0.84892,0.05258,0.88955,0.03802,0.93017,0.02346,0.97080,0.00891
2385,0.02323,0.76950,0.05860,0.73189,0.09396,0.69429,0.12933,0.65669,0.16901,0.61782,0.20870,0.57895,0.24839,0.54007,0.28566,0.50202,0.32294,0.46398,0.36022,0.42593,0.40094,0.38811,0.44167,0.35028,0.48240,0.31246,0.52313,0.27840,0.56386,0.24434,0.60458,0.21027,0.64531,0.18113,0.68604,0.15198,0.72677,0.12283,0.76749,0.09975,0.80821,0.07666,0.84893,0.05358,0.88955,0.03875,0.93018,0.02391,0.97080,0.00908
2390,0.02326,0.78331,0.05862,0.74503,0.09398,0.70675,0.12933,0.66846,0.16904,0.62888,0.20874,0.58930,0.24844,0.54971,0.28570,0.51098,0.32297,0.47226,0.36024,0.43353,0.40096,0.39503,0.44169,0.35653,0.48242,0.31804,0.52314,0.28337,0.56387,0.24870,0.60460,0.21403,0.64532,0.18436,0.68605,0.15469,0.72678,0.12502,0.76750,0.10153,0.80821,0.07804,0.84893,0.05455,0.88956,0.03945,0.93018,0.02434,0.97080,0.00924
2395,0.02329,0.79652,0.05864,0.75760,0.09399,0.71867,0.12934,0.67974,0.16906,0.63947,0.20877,0.59920,0.24848,0.55894,0.28574,0.51956,0.32300,0.48019,0.36025,0.44081,0.40098,0.40167,0.44170,0.36252,0.48243,0.32337,0.52316,0.28812,0.56388,0.25287,0.60461,0.21762,0.64533,0.18745,0.68606,0.15729,0.72678,0.12712,0.76750,0.10324,0.80822,0.07935,0.84894,0.05547,0.88956,0.04011,0.93018,0.02476,0.97080,0.00940
2400,0.02332,0.80915,0.05866,0.76960,0.09401,0.73005,0.12935,0.69050,0.16908,0.64959,0.20880,0.60867,0.24853,0.56775,0.28578,0.52776,0.32302,0.48776,0.36027,0.44777,0.40100,0.40800,0.44172,0.36823,0.48244,0.32847,0.52317,0.29266,0.56389,0.25685,0.60462,0.22104,0.64534,0.19041,0.68607,0.15977,0.72679,0.12913,0.76751,0.10487,0.80822,0.08061,0.84894,0.05635,0.88956,0.04075,0.93018,0.02515,0.97080,0.00955
2405,0.02335,0.82118,0.05868,0.78104,0.09402,0.74090,0.12936,0.70076,0.16910,0.65922,0.20883,0.61769,0.24857,0.57615,0.28581,0.53556,0.32305,0.49498,0.36029,0.45439,0.40101,0.41404,0.44173,0.37368,0.48246,0.33332,0.52318,0.29699,0.56390,0.26065,0.60463,0.22431,0.64535,0.19322,0.68608,0.16213,0.72680,0.13104,0.76751,0.10642,0.80823,0.08181,0.84894,0.05719,0.88956,0.04136,0.93018,0.02553,0.97080,0.00969
2410,0.02337,0.83261,0.05870,0.79191,0.09403,0.75121,0.12936,0.71051,0.16911,0.66838,0.20886,0.62625,0.24861,0.58413,0.28584,0.54298,0.32307,0.50183,0.36030,0.46069,0.40103,0.41977,0.44175,0.37885,0.48247,0.33794,0.52319,0.30110,0.56391,0.26426,0.60464,0.22742,0.64536,0.19590,0.68608,0.16438,0.72681,0.13286,0.76752,0.10790,0.80823,0.08294,0.84895,0.05799,0.88957,0.04194,0.93019,0.02588,0.97080,0.00983
2415,0.02339,0.84344,0.05872,0.80221,0.09405,0.76098,0.12937,0.71974,0.16913,0.67706,0.20889,0.63437,0.24865,0.59169,0.28587,0.55001,0.32310,0.50833,0.36032,0.46665,0.40104,0.42520,0.44176,0.38376,0.48248,0.34231,0.52320,0.30499,0.56392,0.26768,0.60465,0.23036,0.64537,0.19843,0.68609,0.16650,0.72681,0.13458,0.76753,0.10930,0.80824,0.08402,0.84895,0.05874,0.88957,0.04248,0.93019,0.02622,0.97081,0.00996
2420,0.02342,0.85367,0.05874,0.81193,0.09406,0.77020,0.12938,0.72846,0.16915,0.68525,0.20892,0.64204,0.24869,0.59882,0.28590,0.55664,0.32312,0.51446,0.36033,0.47228,0.40105,0.43033,0.44177,0.38839,0.48249,0.34644,0.52321,0.30867,0.56393,0.27090,0.60465,0.23313,0.64538,0.20082,0.68610,0.16851,0.72682,0.13620,0.76753,0.11062,0.80824,0.08504,0.84895,0.05946,0.88957,0.04300,0.93019,0.02654,0.97081,0.01008
2425,0.02344,0.86329,0.05875,0.82108,0.09407,0.77887,0.12938,0.73666,0.16916,0.69295,0.20894,0.64925,0.24872,0.60554,0.28593,0.56288,0.32314,0.52023,0.36035,0.47758,0.40107,0.43516,0.44178,0.39274,0.48250,0.35032,0.52322,0.31213,0.56394,0.27394,0.60466,0.23575,0.64538,0.20307,0.68610,0.17040,0.72682,0.13773,0.76753,0.11186,0.80825,0.08600,0.84896,0.06013,0.88957,0.04348,0.93019,0.02684,0.97081,0.01019
2430,0.02346,0.87230,0.05877,0.82965,0.09408,0.78700,0.12939,0.74435,0.16918,0.70017,0.20896,0.65600,0.24875,0.61182,0.28595,0.56873,0.32316,0.52564,0.36036,0.48254,0.40108,0.43968,0.44180,0.39682,0.48251,0.35396,0.52323,0.31537,0.56395,0.27678,0.60467,0.23819,0.64539,0.20518,0.68611,0.17217,0.72683,0.13916,0.76754,0.11303,0.80825,0.08689,0.84896,0.06076,0.88958,0.04394,0.93019,0.02712,0.97081,0.01030
2435,0.02347,0.88069,0.05878,0.83763,0.09409,0.79457,0.12939,0.75151,0.16919,0.70690,0.20899,0.66229,0.24878,0.61768,0.28598,0.57418,0.32317,0.53067,0.36037,0.48717,0.40109,0.44389,0.44181,0.40062,0.48252,0.35735,0.52324,0.31839,0.56396,0.27943,0.60468,0.24047,0.64540,0.20715,0.68611,0.17382,0.72683,0.14049,0.76754,0.11411,0.80825,0.08773,0.84896,0.06134,0.88958,0.04436,0.93019,0.02738,0.97081,0.01040
2440,0.02349,0.88848,0.05879,0.84503,0.09410,0.80159,0.12940,0.75814,0.16920,0.71314,0.20901,0.66813,0.24881,0.62312,0.28600,0.57923,0.32319,0.53534,0.36038,0.49145,0.40110,0.44780,0.44182,0.40414,0.48253,0.36049,0.52325,0.32119,0.56397,0.28189,0.60468,0.24259,0.64540,0.20897,0.68612,0.17535,0.72684,0.14173,0.76755,0.11512,0.80826,0.08850,0.84897,0.06189,0.88958,0.04476,0.93019,0.02762,0.97081,0.01049
2445,0.02351,0.89565,0.05880,0.85185,0.09410,0.80805,0.12940,0.76426,0.16921,0.71888,0.20902,0.67350,0.24883,0.62812,0.28602,0.58388,0.32321,0.53964,0.36039,0.49540,0.40111,0.45139,0.44182,0.40739,0.48254,0.36338,0.52326,0.32377,0.56397,0.28415,0.60469,0.24454,0.64541,0.21065,0.68612,0.17676,0.72684,0.14287,0.76755,0.11604,0.80826,0.08921,0.84897,0.06239,0.88958,0.04512,0.93020,0.02785,0.97081,0.01058
2450,0.02352,0.90220,0.05882,0.85808,0.09411,0.81396,0.12941,0.76984,0.16922,0.72413,0.20904,0.67841,0.24886,0.63269,0.28604,0.58813,0.32322,0.54357,0.36040,0.49901,0.40112,0.45468,0.44183,0.41035,0.48255,0.36603,0.52326,0.32612,0.56398,0.28622,0.60470,0.24631,0.64541,0.21218,0.68613,0.17805,0.72685,0.14391,0.76755,0.11689,0.80826,0.08987,0.84897,0.06284,0.88958,0.04545,0.93020,0.02805,0.97081,0.01066
2455,0.02353,0.90813,0.05883,0.86372,0.09412,0.81931,0.12941,0.77490,0.16923,0.72888,0.20906,0.68286,0.24888,0.63683,0.28606,0.59198,0.32323,0.54713,0.36041,0.50228,0.40112,0.45766,0.44184,0.41304,0.48255,0.36842,0.52327,0.32825,0.56399,0.28809,0.60470,0.24793,0.64542,0.21357,0.68613,0.17921,0.72685,0.14485,0.76756,0.11766,0.80826,0.09046,0.84897,0.06326,0.88958,0.04575,0.93020,0.02824,0.97081,0.01073
2460,0.02354,0.91344,0.05883,0.86877,0.09412,0.82410,0.12941,0.77943,0.16924,0.73313,0.20907,0.68684,0.24890,0.64054,0.28607,0.59543,0.32324,0.55032,0.36041,0.50520,0.40113,0.46032,0.44185,0.41544,0.48256,0.37056,0.52328,0.33017,0.56399,0.28977,0.60471,0.24937,0.64542,0.21481,0.68614,0.18025,0.72685,0.14570,0.76756,0.11834,0.80827,0.09099,0.84897,0.06363,0.88959,0.04602,0.93020,0.02840,0.97081,0.01079
2465,0.02355,0.91813,0.05884,0.87323,0.09413,0.82833,0.12942,0.78343,0.16925,0.73689,0.20908,0.69035,0.24891,0.64382,0.28608,0.59847,0.32325,0.55313,0.36042,0.50778,0.40114,0.46268,0.44185,0.41757,0.48257,0.37246,0.52328,0.33185,0.56399,0.29125,0.60471,0.25064,0.64542,0.21591,0.68614,0.18118,0.72686,0.14644,0.76756,0.11895,0.80827,0.09145,0.84897,0.06396,0.88959,0.04625,0.93020,0.02855,0.97081,0.01085
2470,0.02356,0.92220,0.05885,0.87710,0.09413,0.83200,0.12942,0.78690,0.16926,0.74015,0.20909,0.69340,0.24893,0.64665,0.28609,0.60111,0.32326,0.55557,0.36043,0.51002,0.40114,0.46472,0.44186,0.41941,0.48257,0.37410,0.52328,0.33331,0.56400,0.29253,0.60471,0.25175,0.64543,0.21686,0.68614,0.18198,0.72686,0.14709,0.76756,0.11947,0.80827,0.09186,0.84898,0.06424,0.88959,0.04646,0.93020,0.02868,0.97081,0.01089
2475,0.02357,0.92564,0.05885,0.88037,0.09414,0.83510,0.12942,0.78983,0.16926,0.74291,0.20910,0.69598,0.24894,0.64906,0.28610,0.60335,0.32327,0.55763,0.36043,0.51192,0.40115,0.46644,0.44186,0.42097,0.48257,0.37549,0.52329,0.33455,0.56400,0.29362,0.60472,0.25268,0.64543,0.21767,0.68614,0.18265,0.72686,0.14764,0.76757,0.11992,0.80827,0.09220,0.84898,0.06448,0.88959,0.04663,0.93020,0.02878,0.97081,0.01094
2480,0.02358,0.92846,0.05886,0.88305,0.09414,0.83765,0.12942,0.79224,0.16927,0.74517,0.20911,0.69810,0.24895,0.65103,0.28611,0.60517,0.32327,0.55932,0.36044,0.51347,0.40115,0.46786,0.44186,0.42224,0.48258,0.37663,0.52329,0.33557,0.56400,0.29451,0.60472,0.25345,0.64543,0.21833,0.68615,0.18321,0.72686,0.14808,0.76757,0.12028,0.80827,0.09248,0.84898,0.06468,0.88959,0.04677,0.93020,0.02887,0.97081,0.01097
2485,0.02358,0.93065,0.05886,0.88514,0.09414,0.83962,0.12942,0.79411,0.16927,0.74692,0.20911,0.69974,0.24896,0.65256,0.28612,0.60660,0.32328,0.56064,0.36044,0.51468,0.40115,0.46896,0.44187,0.42323,0.48258,0.37751,0.52329,0.33636,0.56401,0.29520,0.60472,0.25404,0.64543,0.21884,0.68615,0.18364,0.72686,0.14843,0.76757,0.12057,0.80827,0.09270,0.84898,0.06483,0.88959,0.04689,0.93020,0.02894,0.97081,0.01100
2490,0.02358,0.93222,0.05886,0.88663,0.09415,0.84104,0.12943,0.79545,0.16927,0.74818,0.20912,0.70092,0.24896,0.65365,0.28612,0.60762,0.32328,0.56158,0.36044,0.51554,0.40115,0.46974,0.44187,0.42394,0.48258,0.37814,0.52329,0.33692,0.56401,0.29569,0.60472,0.25447,0.64544,0.21921,0.68615,0.18394,0.72686,0.14868,0.76757,0.12077,0.80827,0.09285,0.84898,0.06494,0.88959,0.04696,0.93020,0.02899,0.97081,0.01101
2495,0.02359,0.93316,0.05887,0.88752,0.09415,0.84189,0.12943,0.79625,0.16927,0.74893,0.20912,0.70162,0.24897,0.65431,0.28613,0.60823,0.32328,0.56214,0.36044,0.51606,0.40116,0.47022,0.44187,0.42437,0.48258,0.37852,0.52330,0.33726,0.56401,0.29599,0.60472,0.25472,0.64544,0.21943,0.68615,0.18413,0.72686,0.14883,0.76757,0.12089,0.80827,0.09295,0.84898,0.06501,0.88959,0.04701,0.93020,0.02902,0.97081,0.01103
2500,0.02359,0.93348,0.05887,0.88782,0.09415,0.84217,0.12943,0.79652,0.16927,0.74919,0.20912,0.70186,0.24897,0.65453,0.28613,0.60843,0.32328,0.56233,0.36044,0.51624,0.40116,0.47037,0.44187,0.42451,0.48258,0.37865,0.52330,0.33737,0.56401,0.29609,0.60472,0.25481,0.64544,0.21950,0.68615,0.18419,0.72686,0.14888,0.76757,0.12093,0.80827,0.09298,0.84898,0.06503,0.88959,0.04703,0.93020,0.02903,0.97081,0.01103
2505,0.02359,0.93317,0.05887,0.88753,0.09415,0.84189,0.12943,0.79625,0.16927,0.74894,0.20912,0.70162,0.24897,0.65431,0.28613,0.60823,0.32328,0.56215,0.36044,0.51606,0.40116,0.47022,0.44187,0.42437,0.48258,0.37853,0.52330,0.33726,0.56401,0.29599,0.60472,0.25473,0.64544,0.21943,0.68615,0.18413,0.72686,0.14883,0.76757,0.12089,0.80827,0.09295,0.84898,0.06501,0.88959,0.04701,0.93020,0.02902,0.97081,0.01103
2510,0.02358,0.93223,0.05886,0.88663,0.09415,0.84104,0.12943,0.79545,0.16927,0.74818,0.20912,0.70092,0.24896,0.65365,0.28612,0.60762,0.32328,0.56158,0.36044,0.51555,0.40115,0.46975,0.44187,0.42395,0.48258,0.37815,0.52329,0.33692,0.56401,0.29570,0.60472,0.25447,0.64544,0.21921,0.68615,0.18395,0.72686,0.14868,0.76757,0.12077,0.80827,0.09285,0.84898,0.06494,0.88959,0.04697,0.93020,0.02899,0.97081,0.01101
2515,0.02358,0.93066,0.05886,0.88515,0.09414,0.83963,0.12942,0.79412,0.16927,0.74693,0.20911,0.69975,0.24896,0.65256,0.28612,0.60660,0.32328,0.56064,0.36044,0.51469,0.40115,0.46896,0.44187,0.42324,0.48258,0.37751,0.52329,0.33636,0.56401,0.29520,0.60472,0.25405,0.64543,0.21884,0.68615,0.18364,0.72686,0.14843,0.76757,0.12057,0.80827,0.09270,0.84898,0.06483,0.88959,0.04689,0.93020,0.02894,0.97081,0.01100
2520,0.02358,0.92847,0.05886,0.88306,0.09414,0.83765,0.12942,0.79225,0.16927,0.74518,0.20911,0.69810,0.24895,0.65103,0.28611,0.60518,0.32327,0.55933,0.36044,0.51348,0.40115,0.46786,0.44186,0.42225,0.48258,0.37663,0.52329,0.33557,0.56400,0.29451,0.60472,0.25345,0.64543,0.21833,0.68615,0.18321,0.72686,0.14809,0.76757,0.12028,0.80827,0.09248,0.84898,0.06468,0.88959,0.04678,0.93020,0.02887,0.97081,0.01097
2525,0.02357,0.92565,0.05885,0.88038,0.09414,0.83512,0.12942,0.78985,0.16926,0.74292,0.20910,0.69599,0.24894,0.64907,0.28610,0.60335,0.32327,0.55764,0.36043,0.51193,0.40115,0.46645,0.44186,0.42097,0.48257,0.37549,0.52329,0.33456,0.56400,0.29362,0.60472,0.25269,0.64543,0.21767,0.68614,0.18265,0.72686,0.14764,0.76757,0.11992,0.80827,0.09220,0.84898,0.06448,0.88959,0.04663,0.93020,0.02878,0.97081,0.01094
2530,0.02356,0.92221,0.05885,0.87711,0.09413,0.83201,0.12942,0.78691,0.16926,0.74016,0.20909,0.69341,0.24893,0.64667,0.28609,0.60112,0.32326,0.55558,0.36043,0.51003,0.40114,0.46472,0.44186,0.41941,0.48257,0.37410,0.52328,0.33332,0.56400,0.29254,0.60471,0.25175,0.64543,0.21686,0.68614,0.18198,0.72686,0.14709,0.76756,0.11948,0.80827,0.09186,0.84898,0.06424,0.88959,0.04646,0.93020,0.02868,0.97081,0.01089
2535,0.02355,0.91815,0.05884,0.87325,0.09413,0.82835,0.12942,0.78345,0.16925,0.73691,0.20908,0.69037,0.24891,0.64383,0.28608,0.59848,0.32325,0.55314,0.36042,0.50779,0.40114,0.46268,0.44185,0.41757,0.48257,0.37246,0.52328,0.33186,0.56399,0.29125,0.60471,0.25065,0.64542,0.21591,0.68614,0.18118,0.72686,0.14645,0.76756,0.11895,0.80827,0.09145,0.84897,0.06396,0.88959,0.04625,0.93020,0.02855,0.97081,0.01085
2540,0.02354,0.91346,0.05883,0.86879,0.09412,0.82412,0.12941,0.77945,0.16924,0.73315,0.20907,0.68685,0.24890,0.64056,0.28607,0.59544,0.32324,0.55033,0.36041,0.50521,0.40113,0.46033,0.44185,0.41545,0.48256,0.37057,0.52328,0.33017,0.56399,0.28977,0.60471,0.24937,0.64542,0.21482,0.68614,0.18026,0.72685,0.14570,0.76756,0.11834,0.80827,0.09099,0.84897,0.06363,0.88959,0.04602,0.93020,0.02840,0.97081,0.01079
2545,0.02353,0.90815,0.05883,0.86374,0.09412,0.81933,0.12941,0.77492,0.16923,0.72890,0.20906,0.68287,0.24888,0.63685,0.28606,0.59200,0.32323,0.54714,0.36041,0.50229,0.40112,0.45767,0.44184,0.41305,0.48255,0.36843,0.52327,0.32826,0.56399,0.28810,0.60470,0.24793,0.64542,0.21357,0.68613,0.17922,0.72685,0.14486,0.76756,0.11766,0.80826,0.09046,0.84897,0.06326,0.88958,0.04575,0.93020,0.02824,0.97081,0.01073
2550,0.02352,0.90222,0.05882,0.85810,0.09411,0.81398,0.12941,0.76986,0.16922,0.72415,0.20904,0.67843,0.24886,0.63271,0.28604,0.58815,0.32322,0.54359,0.36040,0.49902,0.40112,0.45469,0.44183,0.41037,0.48255,0.36604,0.52326,0.32613,0.56398,0.28623,0.60470,0.24632,0.64541,0.21219,0.68613,0.17805,0.72685,0.14392,0.76755,0.11689,0.80826,0.08987,0.84897,0.06285,0.88958,0.04545,0.93020,0.02805,0.97081,0.01066
2555,0.02351,0.89567,0.05880,0.85188,0.09410,0.80808,0.12940,0.76428,0.16921,0.71890,0.20902,0.67352,0.24883,0.62814,0.28602,0.58390,0.32321,0.53966,0.36039,0.49542,0.40111,0.45141,0.44182,0.40740,0.48254,0.36339,0.52326,0.32378,0.56397,0.28416,0.60469,0.24454,0.64541,0.21065,0.68612,0.17676,0.72684,0.14288,0.76755,0.11605,0.80826,0.08922,0.84897,0.06239,0.88958,0.04512,0.93020,0.02785,0.97081,0.01058
2560,0.02349,0.88851,0.05879,0.84506,0.09410,0.80162,0.12940,0.75817,0.16920,0.71316,0.20901,0.66815,0.24881,0.62314,0.28600,0.57925,0.32319,0.53536,0.36038,0.49147,0.40110,0.44781,0.44182,0.40416,0.48253,0.36050,0.52325,0.32120,0.56397,0.28190,0.60468,0.24260,0.64540,0.20898,0.68612,0.17536,0.72684,0.14174,0.76755,0.11512,0.80826,0.08851,0.84897,0.06189,0.88958,0.04476,0.93019,0.02763,0.97081,0.01049
2565,0.02347,0.88073,0.05878,0.83766,0.09409,0.79460,0.12939,0.75154,0.16919,0.70693,0.20899,0.66232,0.24878,0.61771,0.28598,0.57420,0.32317,0.53069,0.36037,0.48719,0.40109,0.44391,0.44181,0.40063,0.48252,0.35736,0.52324,0.31840,0.56396,0.27944,0.60468,0.24048,0.64540,0.20716,0.68611,0.17383,0.72683,0.14050,0.76754,0.11412,0.80825,0.08773,0.84896,0.06135,0.88958,0.04436,0.93019,0.02738,0.97081,0.01040
2570,0.02346,0.87233,0.05877,0.82968,0.09408,0.78703,0.12939,0.74438,0.16918,0.70020,0.20896,0.65602,0.24875,0.61185,0.28595,0.56875,0.32316,0.52566,0.36036,0.48256,0.40108,0.43970,0.44180,0.39683,0.48251,0.35397,0.52323,0.31538,0.56395,0.27679,0.60467,0.23820,0.64539,0.20519,0.68611,0.17218,0.72683,0.13917,0.76754,0.11303,0.80825,0.08690,0.84896,0.06076,0.88958,0.04394,0.93019,0.02712,0.97081,0.01030
2575,0.02344,0.86332,0.05875,0.82111,0.09407,0.77891,0.12938,0.73670,0.16916,0.69299,0.20894,0.64927,0.24872,0.60556,0.28593,0.56291,0.32314,0.52026,0.36035,0.47760,0.40107,0.43518,0.44178,0.39276,0.48250,0.35034,0.52322,0.31214,0.56394,0.27395,0.60466,0.23576,0.64538,0.20308,0.68610,0.17041,0.72682,0.13774,0.76753,0.11187,0.80825,0.08600,0.84896,0.06013,0.88957,0.04349,0.93019,0.02684,0.97081,0.01019
2580,0.02342,0.85371,0.05874,0.81197,0.09406,0.77023,0.12938,0.72850,0.16915,0.68528,0.20892,0.64207,0.24869,0.59885,0.28590,0.55667,0.32312,0.51449,0.36033,0.47231,0.40105,0.43036,0.44177,0.38840,0.48249,0.34645,0.52321,0.30869,0.56393,0.27092,0.60465,0.23315,0.64538,0.20083,0.68610,0.16852,0.72682,0.13621,0.76753,0.11063,0.80824,0.08504,0.84895,0.05946,0.88957,0.04300,0.93019,0.02654,0.97081,0.01008
2585,0.02339,0.84348,0.05872,0.80225,0.09405,0.76102,0.12937,0.71978,0.16913,0.67709,0.20889,0.63440,0.24865,0.59172,0.28587,0.55004,0.32310,0.50836,0.36032,0.46668,0.40104,0.42523,0.44176,0.38378,0.48248,0.34233,0.52320,0.30501,0.56392,0.26769,0.60465,0.23037,0.64537,0.19844,0.68609,0.16651,0.72681,0.13458,0.76753,0.10931,0.80824,0.08403,0.84895,0.05875,0.88957,0.04248,0.93019,0.02622,0.97081,0.00996
2590,0.02337,0.83266,0.05870,0.79195,0.09403,0.75125,0.12936,0.71055,0.16911,0.66842,0.20886,0.62629,0.24861,0.58416,0.28584,0.54301,0.32307,0.50186,0.36030,0.46071,0.40103,0.41979,0.44175,0.37888,0.48247,0.33796,0.52319,0.30112,0.56391,0.26427,0.60464,0.22743,0.64536,0.19591,0.68608,0.16439,0.72681,0.13286,0.76752,0.10791,0.80823,0.08295,0.84895,0.05799,0.88957,0.04194,0.93019,0.02588,0.97080,0.00983
2595,0.02335,0.82123,0.05868,0.78109,0.09402,0.74094,0.12936,0.70080,0.16910,0.65926,0.20883,0.61772,0.24857,0.57618,0.28581,0.53559,0.32305,0.49501,0.36029,0.45442,0.40101,0.41406,0.44173,0.37370,0.48246,0.33334,0.52318,0.29701,0.56390,0.26067,0.60463,0.22433,0.64535,0.19323,0.68608,0.16214,0.72680,0.13105,0.76751,0.10643,0.80823,0.08181,0.84894,0.05719,0.88956,0.04136,0.93018,0.02553,0.97080,0.00969
2600,0.02332,0.80920,0.05866,0.76965,0.09401,0.73010,0.12935,0.69055,0.16908,0.64963,0.20880,0.60871,0.24853,0.56779,0.28578,0.52779,0.32302,0.48779,0.36027,0.44779,0.40100,0.40803,0.44172,0.36826,0.48244,0.32849,0.52317,0.29268,0.56389,0.25687,0.60462,0.22106,0.64534,0.19042,0.68607,0.15978,0.72679,0.12914,0.76751,0.10488,0.80822,0.08062,0.84894,0.05635,0.88956,0.04075,0.93018,0.02515,0.97080,0.00955
2605,0.02329,0.79658,0.05864,0.75764,0.09399,0.71871,0.12934,0.67978,0.16906,0.63951,0.20877,0.59924,0.24848,0.55897,0.28574,0.51960,0.32300,0.48022,0.36025,0.44084,0.40098,0.40169,0.44170,0.36254,0.48243,0.32339,0.52316,0.28814,0.56388,0.25289,0.60461,0.21763,0.64533,0.18746,0.68606,0.15730,0.72678,0.12713,0.76750,0.10325,0.80822,0.07936,0.84894,0.05547,0.88956,0.04012,0.93018,0.02476,0.97080,0.00940
2610,0.02326,0.78336,0.05862,0.74508,0.09398,0.70679,0.12933,0.66851,0.16904,0.62892,0.20874,0.58934,0.24844,0.54975,0.28570,0.51102,0.32297,0.47229,0.36024,0.43356,0.40096,0.39506,0.44169,0.35656,0.48242,0.31806,0.52314,0.28339,0.56387,0.24871,0.60460,0.21404,0.64532,0.18437,0.68605,0.15470,0.72678,0.12503,0.76750,0.10154,0.80821,0.07804,0.84893,0.05455,0.88956,0.03945,0.93018,0.02435,0.97080,0.00924
2615,0.02323,0.76955,0.05860,0.73195,0.09396,0.69434,0.12933,0.65674,0.16901,0.61786,0.20870,0.57899,0.24839,0.54011,0.28566,0.50206,0.32294,0.46401,0.36022,0.42596,0.40094,0.38814,0.44167,0.35031,0.48240,0.31249,0.52313,0.27842,0.56386,0.24436,0.60458,0.21029,0.64531,0.18114,0.68604,0.15199,0.72677,0.12284,0.76749,0.09975,0.80821,0.07667,0.84893,0.05359,0.88955,0.03875,0.93018,0.02392,0.97080,0.00908
2620,0.02320,0.75516,0.05857,0.71826,0.09395,0.68136,0.12932,0.64447,0.16899,0.60633,0.20866,0.56820,0.24834,0.53007,0.28562,0.49272,0.32291,0.45538,0.36020,0.41803,0.40093,0.38091,0.44166,0.34380,0.48238,0.30668,0.52311,0.27325,0.56384,0.23981,0.60457,0.20638,0.64530,0.17777,0.68603,0.14916,0.72676,0.12055,0.76748,0.09790,0.80820,0.07524,0.84892,0.05258,0.88955,0.03802,0.93017,0.02347,0.97080,0.00891
2625,0.02317,0.74019,0.05855,0.70402,0.09393,0.66786,0.12931,0.63170,0.16897,0.59434,0.20863,0.55698,0.24829,0.51962,0.28558,0.48301,0.32288,0.44640,0.36018,0.40979,0.40091,0.37340,0.44164,0.33702,0.48237,0.30063,0.52310,0.26786,0.56383,0.23509,0.60456,0.20232,0.64529,0.17427,0.68602,0.14622,0.72675,0.11817,0.76747,0.09596,0.80820,0.07375,0.84892,0.05154,0.88955,0.03727,0.93017,0.02300,0.97080,0.00873
2630,0.02314,0.72463,0.05852,0.68923,0.09391,0.65383,0.12930,0.61843,0.16894,0.58188,0.20859,0.54532,0.24823,0.50876,0.28554,0.47291,0.32285,0.43707,0.36015,0.40122,0.40089,0.36560,0.44162,0.32998,0.48235,0.29436,0.52308,0.26227,0.56381,0.23018,0.60455,0.19809,0.64528,0.17063,0.68601,0.14316,0.72674,0.11570,0.76747,0.09395,0.80819,0.07220,0.84891,0.05045,0.88954,0.03648,0.93017,0.02251,0.97080,0.00855
2635,0.02310,0.70850,0.05850,0.67389,0.09389,0.63929,0.12929,0.60468,0.16892,0.56895,0.20855,0.53323,0.24817,0.49750,0.28549,0.46245,0.32281,0.42739,0.36013,0.39234,0.40087,0.35751,0.44160,0.32268,0.48233,0.28785,0.52307,0.25647,0.56380,0.22509,0.60453,0.19371,0.64527,0.16685,0.68600,0.14000,0.72673,0.11314,0.76746,0.09187,0.80818,0.07060,0.84891,0.04933,0.88954,0.03567,0.93017,0.02201,0.97080,0.00835
2640,0.02307,0.69180,0.05847,0.65801,0.09387,0.62423,0.12928,0.59044,0.16889,0.55558,0.20850,0.52071,0.24811,0.48584,0.28545,0.45161,0.32278,0.41737,0.36011,0.38314,0.40084,0.34913,0.44158,0.31512,0.48231,0.28110,0.52305,0.25046,0.56378,0.21982,0.60452,0.18918,0.64525,0.16295,0.68599,0.13672,0.72672,0.11049,0.76745,0.08971,0.80818,0.06894,0.84890,0.04816,0.88953,0.03483,0.93017,0.02149,0.97080,0.00816
2645,0.02303,0.67453,0.05844,0.64159,0.09385,0.60866,0.12927,0.57572,0.16886,0.54174,0.20846,0.50777,0.24805,0.47379,0.28540,0.44041,0.32274,0.40702,0.36009,0.37363,0.40082,0.34046,0.44156,0.30730,0.48229,0.27413,0.52303,0.24425,0.56377,0.21437,0.60450,0.18449,0.64524,0.15890,0.68598,0.13332,0.72671,0.10774,0.76744,0.08748,0.80817,0.06722,0.84890,0.04696,0.88953,0.03395,0.93016,0.02095,0.97080,0.00795
2650,0.02299,0.65670,0.05841,0.62464,0.09383,0.59258,0.12926,0.56051,0.16883,0.52746,0.20841,0.49440,0.24799,0.46135,0.28535,0.42884,0.32270,0.39632,0.36006,0.36381,0.40080,0.33152,0.44154,0.29923,0.48228,0.26694,0.52301,0.23784,0.56375,0.20874,0.60449,0.17964,0.64523,0.15473,0.68597,0.12982,0.72670,0.10491,0.76743,0.08518,0.80816,0.06544,0.84889,0.04571,0.88953,0.03305,0.93016,0.02040,0.97079,0.00774
2655,0.02295,0.63831,0.05838,0.60715,0.09381,0.57599,0.12925,0.54483,0.16881,0.51273,0.20837,0.48062,0.24793,0.44851,0.28530,0.41690,0.32267,0.38529,0.36004,0.35368,0.40078,0.32229,0.44152,0.29091,0.48225,0.25952,0.52299,0.23123,0.56373,0.20294,0.60447,0.17465,0.64521,0.15043,0.68595,0.12621,0.72669,0.10199,0.76742,0.08280,0.80816,0.06361,0.84889,0.04443,0.88952,0.03213,0.93016,0.01982,0.97079,0.00752
2660,0.02291,0.61937,0.05835,0.58914,0.09379,0.55891,0.12923,0.52868,0.16878,0.49755,0.20832,0.46642,0.24786,0.43529,0.28524,0.40461,0.32263,0.37393,0.36001,0.34325,0.40075,0.31279,0.44149,0.28233,0.48223,0.25187,0.52297,0.22442,0.56372,0.19696,0.60446,0.16951,0.64520,0.14600,0.68594,0.12249,0.72668,0.09898,0.76742,0.08035,0.80815,0.06173,0.84888,0.04311,0.88952,0.03117,0.93015,0.01923,0.97079,0.00730
2665,0.02287,0.59988,0.05832,0.57061,0.09377,0.54133,0.12922,0.51206,0.16874,0.48194,0.20827,0.45181,0.24779,0.42169,0.28519,0.39196,0.32259,0.36224,0.35998,0.33252,0.40073,0.30301,0.44147,0.27351,0.48221,0.24400,0.52295,0.21741,0.56370,0.19081,0.60444,0.16421,0.64518,0.14144,0.68593,0.11866,0.72667,0.09588,0.76741,0.07784,0.80814,0.05979,0.84888,0.04174,0.88951,0.03018,0.93015,0.01862,0.97079,0.00706
2670,0.02282,0.57985,0.05829,0.55156,0.09375,0.52327,0.12921,0.49498,0.16871,0.46589,0.20822,0.43679,0.24772,0.40770,0.28513,0.37896,0.32254,0.35022,0.35996,0.32148,0.40070,0.29296,0.44144,0.26444,0.48219,0.23592,0.52293,0.21020,0.56368,0.18449,0.60442,0.15877,0.64517,0.13675,0.68591,0.11472,0.72666,0.09270,0.76740,0.07525,0.80813,0.05780,0.84887,0.04035,0.88951,0.02917,0.93015,0.01800,0.97079,0.00683
2675,0.02278,0.55927,0.05825,0.53199,0.09373,0.50471,0.12920,0.47743,0.16868,0.44940,0.20816,0.42137,0.24765,0.39334,0.28507,0.36561,0.32250,0.33788,0.35993,0.31015,0.40067,0.28264,0.44142,0.25512,0.48217,0.22761,0.52291,0.20280,0.56366,0.17799,0.60441,0.15318,0.64515,0.13193,0.68590,0.11068,0.72665,0.08943,0.76739,0.07259,0.80812,0.05575,0.84886,0.03891,0.88950,0.02813,0.93015,0.01736,0.97079,0.00658
2680,0.02273,0.53816,0.05822,0.51192,0.09370,0.48567,0.12918,0.45943,0.16865,0.43249,0.20811,0.40555,0.24757,0.37861,0.28501,0.35191,0.32246,0.32522,0.35990,0.29853,0.40065,0.27205,0.44139,0.24557,0.48214,0.21909,0.52289,0.19521,0.56364,0.17133,0.60439,0.14745,0.64514,0.12699,0.68589,0.10653,0.72664,0.08608,0.76738,0.06986,0.80812,0.05365,0.84886,0.03744,0.88950,0.02707,0.93014,0.01670,0.97079,0.00633
2685,0.02269,0.51652,0.05818,0.49134,0.09368,0.46616,0.12917,0.44098,0.16861,0.41516,0.20805,0.38933,0.24749,0.36351,0.28495,0.33787,0.32241,0.31224,0.35987,0.28661,0.40062,0.26119,0.44137,0.23577,0.48212,0.21036,0.52287,0.18743,0.56362,0.16450,0.60437,0.14157,0.64512,0.12193,0.68587,0.10228,0.72662,0.08264,0.76737,0.06707,0.80811,0.05150,0.84885,0.03593,0.88949,0.02598,0.93014,0.01602,0.97079,0.00607
2690,0.02264,0.49436,0.05815,0.47027,0.09365,0.44618,0.12916,0.42208,0.16858,0.39740,0.20800,0.37272,0.24742,0.34804,0.28489,0.32349,0.32236,0.29895,0.35984,0.27440,0.40059,0.25007,0.44134,0.22574,0.48209,0.20141,0.52285,0.17946,0.56360,0.15751,0.60435,0.13555,0.64510,0.11674,0.68586,0.09793,0.72661,0.07912,0.76735,0.06420,0.80810,0.04929,0.84884,0.03438,0.88949,0.02486,0.93014,0.01533,0.97078,0.00581
2695,0.02259,0.47168,0.05811,0.44870,0.09363,0.42572,0.12914,0.40274,0.16854,0.37923,0.20794,0.35572,0.24734,0.33221,0.28483,0.30878,0.32232,0.28534,0.35981,0.26191,0.40056,0.23869,0.44132,0.21548,0.48207,0.19226,0.52282,0.17130,0.56358,0.15035,0.60433,0.12939,0.64509,0.11143,0.68584,0.09347,0.72660,0.07551,0.76734,0.06128,0.80809,0.04704,0.84884,0.03280,0.88948,0.02371,0.93013,0.01463,0.97078,0.00554
2700,0.02254,0.44849,0.05807,0.42665,0.09360,0.40481,0.12913,0.38297,0.16850,0.36065,0.20788,0.33833,0.24725,0.31602,0.28476,0.29373,0.32227,0.27143,0.35977,0.24914,0.40053,0.22706,0.44129,0.20498,0.48204,0.18290,0.52280,0.16296,0.56356,0.14303,0.60431,0.12310,0.64507,0.10601,0.68583,0.08892,0.72658,0.07183,0.76733,0.05828,0.80808,0.04473,0.84883,0.03118,0.88948,0.02254,0.93013,0.01390,0.97078,0.00526
2705,0.02249,0.42479,0.05803,0.40411,0.09357,0.38343,0.12912,0.36276,0.16847,0.34166,0.20782,0.32057,0.24717,0.29948,0.28469,0.27835,0.32222,0.25722,0.35974,0.23609,0.40050,0.21517,0.44126,0.19425,0.48202,0.17333,0.52278,0.15444,0.56353,0.13555,0.60429,0.11666,0.64505,0.10046,0.68581,0.08426,0.72657,0.06806,0.76732,0.05522,0.80807,0.04237,0.84882,0.02952,0.88947,0.02134,0.93013,0.01316,0.97078,0.00498
2710,0.02244,0.40058,0.05799,0.38110,0.09355,0.36161,0.12910,0.34212,0.16843,0.32228,0.20776,0.30243,0.24708,0.28258,0.28463,0.26264,0.32217,0.24270,0.35971,0.22276,0.40047,0.20303,0.44123,0.18329,0.48199,0.16356,0.52275,0.14574,0.56351,0.12791,0.60427,0.11009,0.64503,0.09480,0.68579,0.07951,0.72656,0.06422,0.76731,0.05209,0.80806,0.03996,0.84881,0.02784,0.88947,0.02012,0.93012,0.01241,0.97078,0.00469
2715,0.02238,0.37589,0.05795,0.35761,0.09352,0.33934,0.12909,0.32106,0.16839,0.30249,0.20769,0.28392,0.24700,0.26535,0.28456,0.24662,0.32212,0.22789,0.35967,0.20916,0.40044,0.19064,0.44120,0.17211,0.48196,0.15359,0.52273,0.13686,0.56349,0.12012,0.60425,0.10338,0.64501,0.08902,0.68578,0.07466,0.72654,0.06030,0.76730,0.04890,0.80805,0.03751,0.84881,0.02611,0.88946,0.01887,0.93012,0.01164,0.97078,0.00440
2720,0.02233,0.35070,0.05791,0.33366,0.09349,0.31662,0.12907,0.29959,0.16835,0.28231,0.20763,0.26504,0.24691,0.24777,0.28449,0.23027,0.32206,0.21278,0.35964,0.19529,0.40041,0.17800,0.44117,0.16071,0.48194,0.14343,0.52270,0.12780,0.56347,0.11217,0.60423,0.09654,0.64500,0.08312,0.68576,0.06971,0.72653,0.05629,0.76728,0.04565,0.80804,0.03500,0.84880,0.02435,0.88946,0.01760,0.93012,0.01085,0.97077,0.00410
2725,0.02227,0.32503,0.05787,0.30926,0.09346,0.29348,0.12905,0.27770,0.16831,0.26175,0.20756,0.24580,0.24682,0.22985,0.28441,0.21362,0.32201,0.19738,0.35960,0.18115,0.40037,0.16512,0.44114,0.14909,0.48191,0.13307,0.52267,0.11857,0.56344,0.10407,0.60421,0.08957,0.64498,0.07712,0.68574,0.06467,0.72651,0.05222,0.76727,0.04233,0.80803,0.03245,0.84879,0.02256,0.88945,0.01631,0.93011,0.01005,0.97077,0.00380
2730,0.02222,0.29889,0.05782,0.28439,0.09343,0.26990,0.12904,0.25541,0.16827,0.24081,0.20750,0.22620,0.24673,0.21160,0.28434,0.19665,0.32195,0.18170,0.35957,0.16675,0.40034,0.15201,0.44111,0.13726,0.48188,0.12251,0.52265,0.10917,0.56342,0.09582,0.60419,0.08247,0.64496,0.07100,0.68573,0.05953,0.72650,0.04806,0.76726,0.03895,0.80802,0.02985,0.84878,0.02074,0.88945,0.01499,0.93011,0.00924,0.97077,0.00349
2735,0.02216,0.27227,0.05778,0.25909,0.09340,0.24590,0.12902,0.23271,0.16823,0.21948,0.20743,0.20626,0.24663,0.19303,0.28427,0.17938,0.32190,0.16574,0.35953,0.15209,0.40030,0.13865,0.44108,0.12521,0.48185,0.11177,0.52262,0.09959,0.56339,0.08742,0.60416,0.07524,0.64494,0.06477,0.68571,0.05430,0.72648,0.04383,0.76725,0.03552,0.80801,0.02720,0.84877,0.01888,0.88944,0.01364,0.93010,0.00841,0.97077,0.00317
2740,0.02210,0.24520,0.05774,0.23334,0.09337,0.22148,0.12901,0.20962,0.16818,0.19779,0.20736,0.18596,0.24654,0.17413,0.28419,0.16181,0.32184,0.14950,0.35949,0.13718,0.40027,0.12507,0.44104,0.11296,0.48182,0.10084,0.52259,0.08986,0.56337,0.07887,0.60414,0.06789,0.64492,0.05843,0.68569,0.04898,0.72647,0.03953,0.76723,0.03202,0.80800,0.02450,0.84877,0.01699,0.88943,0.01228,0.93010,0.00756,0.97077,0.00285
2745,0.02204,0.21766,0.05769,0.20715,0.09334,0.19665,0.12899,0.18614,0.16814,0.17573,0.20729,0.16532,0.24644,0.15491,0.28411,0.14395,0.32178,0.13298,0.35946,0.12202,0.40023,0.11125,0.44101,0.10049,0.48179,0.08973,0.52256,0.07995,0.56334,0.07018,0.60412,0.06041,0.64490,0.05199,0.68567,0.04357,0.72645,0.03516,0.76722,0.02846,0.80799,0.02176,0.84876,0.01507,0.88943,0.01089,0.93010,0.00670,0.97077,0.00252
2750,0.02198,0.18967,0.05765,0.18054,0.09331,0.17141,0.12897,0.16228,0.16809,0.15331,0.20722,0.14434,0.24634,0.13538,0.28403,0.12579,0.32173,0.11620,0.35942,0.10660,0.40020,0.09721,0.44098,0.08782,0.48176,0.07843,0.52254,0.06989,0.56331,0.06135,0.60409,0.05281,0.64487,0.04544,0.68565,0.03808,0.72643,0.03071,0.76721,0.02485,0.80798,0.01898,0.84875,0.01311,0.88942,0.00947,0.93009,0.00583,0.97076,0.00219
2755,0.02192,0.16125,0.05760,0.15351,0.09328,0.14577,0.12895,0.13804,0.16805,0.13054,0.20714,0.12304,0.24624,0.11553,0.28395,0.10734,0.32167,0.09914,0.35938,0.09095,0.40016,0.08295,0.44094,0.07495,0.48172,0.06696,0.52251,0.05967,0.56329,0.05238,0.60407,0.04509,0.64485,0.03879,0.68563,0.03249,0.72642,0.02619,0.76719,0.02117,0.80797,0.01615,0.84874,0.01113,0.88941,0.00804,0.93009,0.00494,0.97076,0.00185
2760,0.02186,0.13238,0.05755,0.12606,0.09324,0.11974,0.12894,0.11343,0.16800,0.10741,0.20707,0.10140,0.24614,0.09539,0.28387,0.08861,0.32161,0.08183,0.35934,0.07505,0.40012,0.06847,0.44091,0.06189,0.48169,0.05531,0.52248,0.04929,0.56326,0.04327,0.60405,0.03725,0.64483,0.03203,0.68562,0.02682,0.72640,0.02161,0.76718,0.01744,0.80795,0.01328,0.84873,0.00912,0.88941,0.00658,0.93008,0.00404,0.97076,0.00151
2765,0.02180,0.10309,0.05750,0.09821,0.09321,0.09333,0.12892,0.08845,0.16796,0.08395,0.20700,0.07944,0.24603,0.07494,0.28379,0.06960,0.32154,0.06426,0.35930,0.05892,0.40009,0.05377,0.44087,0.04863,0.48166,0.04348,0.52245,0.03875,0.56323,0.03402,0.60402,0.02929,0.64481,0.02518,0.68560,0.02107,0.72638,0.01695,0.76716,0.01366,0.80794,0.01037,0.84872,0.00707,0.88940,0.00510,0.93008,0.00313,0.97076,0.00116
2770,0.02173,0.07337,0.05745,0.06995,0.09318,0.06653,0.12890,0.06311,0.16791,0.06014,0.20692,0.05717,0.24593,0.05420,0.28371,0.05032,0.32148,0.04644,0.35926,0.04255,0.40005,0.03887,0.44084,0.03518,0.48163,0.03149,0.52242,0.02807,0.56321,0.02464,0.60400,0.02122,0.64479,0.01823,0.68558,0.01523,0.72637,0.01223,0.76715,0.00982,0.80793,0.00741,0.84871,0.00500,0.88939,0.00360,0.93008,0.00220,0.97076,0.00081
2775,0.02167,0.04324,0.05740,0.04130,0.09314,0.03936,0.12888,0.03742,0.16786,0.03600,0.20684,0.03459,0.24582,0.03317,0.28362,0.03077,0.32142,0.02836,0.35922,0.02596,0.40001,0.02375,0.44080,0.02154,0.48159,0.01933,0.52239,0.01723,0.56318,0.01514,0.60397,0.01304,0.64476,0.01117,0.68556,0.00931,0.72635,0.00745,0.76713,0.00593,0.80792,0.00441,0.84870,0.00289,0.88939,0.00208,0.93007,0.00126,0.97076,0.00045
2780,0.02160,0.01271,0.05735,0.01226,0.09311,0.01182,0.12886,0.01138,0.16781,0.01154,0.20676,0.01170,0.24571,0.01186,0.28353,0.01095,0.32135,0.01005,0.35917,0.00914,0.39997,0.00843,0.44076,0.00772,0.48156,0.00700,0.52235,0.00625,0.56315,0.00550,0.60394,0.00475,0.64474,0.00403,0.68554,0.00331,0.72633,0.00260,0.76712,0.00198,0.80791,0.00137,0.84869,0.00076,0.88938,0.00054,0.93007,0.00031,0.97075,0.00008
2785,0.02153,-0.01823,0.05730,-0.01715,0.09307,-0.01608,0.12884,-0.01500,0.16776,-0.01324,0.20668,-0.01149,0.24560,-0.00973,0.28345,-0.00912,0.32129,-0.00851,0.35913,-0.00789,0.39993,-0.00709,0.44073,-0.00629,0.48153,-0.00548,0.52232,-0.00487,0.56312,-0.00427,0.60392,-0.00366,0.64472,-0.00321,0.68552,-0.00277,0.72631,-0.00232,0.76710,-0.00201,0.80789,-0.00170,0.84868,-0.00140,0.88937,-0.00103,0.93006,-0.00065,0.97075,-0.00028
2790,0.02147,-0.04956,0.05725,-0.04694,0.09304,-0.04433,0.12883,-0.04171,0.16772,-0.03834,0.20660,-0.03497,0.24549,-0.03160,0.28336,-0.02945,0.32122,-0.02730,0.35909,-0.02515,0.39989,-0.02281,0.44069,-0.02047,0.48149,-0.01813,0.52229,-0.01614,0.56309,-0.01415,0.60389,-0.01216,0.64469,-0.01054,0.68549,-0.00892,0.72630,-0.00730,0.76709,-0.00606,0.80788,-0.00482,0.84867,-0.00358,0.88937,-0.00261,0.93006,-0.00163,0.97075,-0.00066
2795,0.02140,-0.08127,0.05720,-0.07710,0.09300,-0.07293,0.12881,-0.06875,0.16767,-0.06375,0.20652,-0.05874,0.24538,-0.05373,0.28327,-0.05003,0.32116,-0.04632,0.35905,-0.04261,0.39985,-0.03872,0.44065,-0.03482,0.48146,-0.03093,0.52226,-0.02754,0.56306,-0.02416,0.60387,-0.02078,0.64467,-0.01796,0.68547,-0.01515,0.72628,-0.01234,0.76707,-0.01016,0.80787,-0.00798,0.84866,-0.00580,0.88936,-0.00421,0.93005,-0.00262,0.97075,-0.00103
2800,0.02133,-0.11336,0.05715,-0.10761,0.09297,-0.10186,0.12879,-0.09612,0.16761,-0.08945,0.20644,-0.08279,0.24527,-0.07613,0.28318,-0.07085,0.32109,-0.06557,0.35900,-0.06028,0.39981,-0.05482,0.44061,-0.04935,0.48142,-0.04388,0.52223,-0.03908,0.56303,-0.03429,0.60384,-0.02949,0.64464,-0.02547,0.68545,-0.02145,0.72626,-0.01743,0.76706,-0.01430,0.80786,-0.01117,0.84865,-0.00804,0.88935,-0.00583,0.93005,-0.00362,0.97075,-0.00141
2805,0.02126,-0.14581,0.05709,-0.13847,0.09293,-0.13113,0.12877,-0.12379,0.16756,-0.11546,0.20636,-0.10712,0.24515,-0.09878,0.28309,-0.09191,0.32102,-0.08503,0.35896,-0.07816,0.39977,-0.07110,0.44057,-0.06404,0.48138,-0.05698,0.52219,-0.05076,0.56300,-0.04453,0.60381,-0.03831,0.64462,-0.03307,0.68543,-0.02783,0.72624,-0.02259,0.76704,-0.01849,0.80784,-0.01440,0.84864,-0.01030,0.88934,-0.00747,0.93004,-0.00463,0.97074,-0.00180
2810,0.02119,-0.17863,0.05704,-0.16968,0.09289,-0.16073,0.12875,-0.15177,0.16751,-0.14175,0.20627,-0.13172,0.24504,-0.12169,0.28300,-0.11320,0.32095,-0.10472,0.35891,-0.09623,0.39972,-0.08756,0.44054,-0.07889,0.48135,-0.07023,0.52216,-0.06256,0.56297,-0.05489,0.60378,-0.04722,0.64460,-0.04075,0.68541,-0.03428,0.72622,-0.02780,0.76703,-0.02273,0.80783,-0.01766,0.84863,-0.01259,0.88934,-0.00912,0.93004,-0.00566,0.97074,-0.00219
2815,0.02112,-0.21180,0.05699,-0.20122,0.09286,-0.19064,0.12873,-0.18006,0.16746,-0.16832,0.20619,-0.15658,0.24492,-0.14484,0.28290,-0.13473,0.32088,-0.12461,0.35887,-0.11450,0.39968,-0.10420,0.44050,-0.09391,0.48131,-0.08361,0.52213,-0.07448,0.56294,-0.06536,0.60375,-0.05623,0.64457,-0.04851,0.68539,-0.04079,0.72620,-0.03307,0.76701,-0.02702,0.80782,-0.02096,0.84862,-0.01491,0.88933,-0.01080,0.93003,-0.00669,0.97074,-0.00258
2820,0.02104,-0.24531,0.05693,-0.23309,0.09282,-0.22086,0.12871,-0.20863,0.16740,-0.19517,0.20610,-0.18170,0.24480,-0.16823,0.28281,-0.15647,0.32081,-0.14471,0.35882,-0.13296,0.39964,-0.12102,0.44046,-0.10908,0.48127,-0.09714,0.52209,-0.08654,0.56291,-0.07593,0.60373,-0.06533,0.64455,-0.05635,0.68536,-0.04737,0.72618,-0.03840,0.76699,-0.03135,0.80780,-0.02430,0.84861,-0.01724,0.88932,-0.01249,0.93003,-0.00774,0.97074,-0.00298
2825,0.02097,-0.27916,0.05688,-0.26527,0.09278,-0.25138,0.12869,-0.23750,0.16735,-0.22228,0.20602,-0.20707,0.24468,-0.19186,0.28271,-0.17844,0.32074,-0.16502,0.35877,-0.15160,0.39959,-0.13800,0.44041,-0.12440,0.48124,-0.11080,0.52206,-0.09871,0.56288,-0.08661,0.60370,-0.07452,0.64452,-0.06427,0.68534,-0.05402,0.72616,-0.04378,0.76698,-0.03572,0.80779,-0.02766,0.84860,-0.01961,0.88931,-0.01420,0.93002,-0.00879,0.97074,-0.00339
2830,0.02090,-0.31334,0.05682,-0.29777,0.09274,-0.28220,0.12866,-0.26664,0.16730,-0.24966,0.20593,-0.23269,0.24456,-0.21571,0.28262,-0.20061,0.32067,-0.18552,0.35873,-0.17042,0.39955,-0.15515,0.44037,-0.13987,0.48120,-0.12460,0.52202,-0.11100,0.56285,-0.09740,0.60367,-0.08380,0.64449,-0.07227,0.68532,-0.06074,0.72614,-0.04921,0.76696,-0.04013,0.80778,-0.03106,0.84859,-0.02199,0.88931,-0.01593,0.93002,-0.00986,0.97073,-0.00379
2835,0.02082,-0.34783,0.05676,-0.33057,0.09270,-0.31331,0.12864,-0.29605,0.16724,-0.27730,0.20584,-0.25854,0.24444,-0.23979,0.28252,-0.22300,0.32060,-0.20621,0.35868,-0.18942,0.39951,-0.17245,0.44033,-0.15549,0.48116,-0.13852,0.52199,-0.12340,0.56281,-0.10829,0.60364,-0.09317,0.64447,-0.08034,0.68530,-0.06751,0.72612,-0.05469,0.76694,-0.04459,0.80776,-0.03450,0.84858,-0.02440,0.88930,-0.01767,0.93001,-0.01093,0.97073,-0.00420
2840,0.02075,-0.38264,0.05671,-0.36367,0.09266,-0.34470,0.12862,-0.32573,0.16719,-0.30518,0.20575,-0.28463,0.24432,-0.26408,0.28242,-0.24558,0.32053,-0.22708,0.35863,-0.20858,0.39946,-0.18991,0.44029,-0.17124,0.48112,-0.15257,0.52195,-0.13592,0.56278,-0.11927,0.60361,-0.10262,0.64444,-0.08849,0.68527,-0.07435,0.72610,-0.06022,0.76693,-0.04909,0.80775,-0.03796,0.84857,-0.02683,0.88929,-0.01942,0.93001,-0.01202,0.97073,-0.00462
2845,0.02067,-0.41775,0.05665,-0.39705,0.09262,-0.37636,0.12860,-0.35567,0.16713,-0.33331,0.20566,-0.31095,0.24419,-0.28858,0.28232,-0.26836,0.32045,-0.24814,0.35858,-0.22792,0.39942,-0.20753,0.44025,-0.18713,0.48108,-0.16674,0.52191,-0.14855,0.56275,-0.13035,0.60358,-0.11216,0.64441,-0.09670,0.68525,-0.08125,0.72608,-0.06579,0.76691,-0.05362,0.80773,-0.04145,0.84856,-0.02928,0.88928,-0.02120,0.93000,-0.01311,0.97073,-0.00503
2850,0.02059,-0.45315,0.05659,-0.43072,0.09258,-0.40829,0.12858,-0.38585,0.16708,-0.36167,0.20557,-0.33748,0.24407,-0.31329,0.28222,-0.29133,0.32038,-0.26938,0.35853,-0.24742,0.39937,-0.22529,0.44021,-0.20316,0.48104,-0.18103,0.52188,-0.16128,0.56271,-0.14152,0.60355,-0.12177,0.64439,-0.10499,0.68523,-0.08820,0.72606,-0.07142,0.76689,-0.05820,0.80772,-0.04497,0.84855,-0.03175,0.88927,-0.02298,0.93000,-0.01422,0.97072,-0.00545
2855,0.02052,-0.48883,0.05653,-0.46465,0.09254,-0.44047,0.12856,-0.41628,0.16702,-0.39026,0.20548,-0.36423,0.24394,-0.33820,0.28212,-0.31449,0.32030,-0.29078,0.35848,-0.26707,0.39932,-0.24319,0.44016,-0.21931,0.48100,-0.19543,0.52184,-0.17411,0.56268,-0.15279,0.60352,-0.13146,0.64436,-0.11334,0.68520,-0.09521,0.72604,-0.07709,0.76687,-0.06281,0.80771,-0.04852,0.84854,-0.03424,0.88927,-0.02479,0.92999,-0.01533,0.97072,-0.00588
2860,0.02044,-0.52479,0.05647,-0.49885,0.09250,-0.47290,0.12854,-0.44695,0.16696,-0.41906,0.20539,-0.39118,0.24381,-0.36330,0.28202,-0.33783,0.32023,-0.31235,0.35843,-0.28687,0.39928,-0.26123,0.44012,-0.23559,0.48096,-0.20995,0.52181,-0.18704,0.56265,-0.16414,0.60349,-0.14123,0.64433,-0.12175,0.68518,-0.10228,0.72602,-0.08280,0.76686,-0.06745,0.80769,-0.05210,0.84853,-0.03675,0.88926,-0.02660,0.92999,-0.01645,0.97072,-0.00630
2865,0.02036,-0.56102,0.05641,-0.53329,0.09246,-0.50557,0.12851,-0.47784,0.16690,-0.44809,0.20530,-0.41834,0.24369,-0.38859,0.28192,-0.36133,0.32015,-0.33408,0.35838,-0.30683,0.39923,-0.27941,0.44008,-0.25199,0.48092,-0.22457,0.52177,-0.20007,0.56261,-0.17557,0.60346,-0.15107,0.64431,-0.13023,0.68515,-0.10939,0.72600,-0.08856,0.76684,-0.07213,0.80768,-0.05571,0.84852,-0.03928,0.88925,-0.02843,0.92998,-0.01758,0.97072,-0.00674
2870,0.02028,-0.59751,0.05635,-0.56799,0.09242,-0.53847,0.12849,-0.50895,0.16685,-0.47732,0.20520,-0.44569,0.24356,-0.41405,0.28182,-0.38501,0.32008,-0.35596,0.35833,-0.32692,0.39918,-0.29771,0.44003,-0.26850,0.48088,-0.23930,0.52173,-0.21319,0.56258,-0.18708,0.60343,-0.16098,0.64428,-0.13877,0.68513,-0.11656,0.72598,-0.09435,0.76682,-0.07684,0.80766,-0.05934,0.84850,-0.04183,0.88924,-0.03027,0.92998,-0.01872,0.97072,-0.00717
2875,0.02020,-0.63424,0.05629,-0.60292,0.09238,-0.57160,0.12847,-0.54027,0.16679,-0.50675,0.20511,-0.47322,0.24343,-0.43969,0.28171,-0.40885,0.32000,-0.37800,0.35828,-0.34715,0.39914,-0.31614,0.43999,-0.28513,0.48084,-0.25412,0.52169,-0.22640,0.56255,-0.19868,0.60340,-0.17095,0.64425,-0.14737,0.68510,-0.12378,0.72596,-0.10019,0.76680,-0.08159,0.80765,-0.06299,0.84849,-0.04439,0.88923,-0.03213,0.92997,-0.01987,0.97071,-0.00761
2880,0.02012,-0.67122,0.05623,-0.63808,0.09234,-0.60494,0.12845,-0.57180,0.16673,-0.53637,0.20501,-0.50093,0.24330,-0.46550,0.28161,-0.43284,0.31992,-0.40018,0.35823,-0.36751,0.39909,-0.33469,0.43994,-0.30187,0.48080,-0.26905,0.52166,-0.23970,0.56251,-0.21035,0.60337,-0.18100,0.64422,-0.15602,0.68508,-0.13104,0.72594,-0.10606,0.76678,-0.08637,0.80763,-0.06667,0.84848,-0.04697,0.88922,-0.03400,0.92997,-0.02102,0.97071,-0.00805
2885,0.02004,-0.70842,0.05617,-0.67346,0.09230,-0.63849,0.12842,-0.60353,0.16667,-0.56617,0.20492,-0.52882,0.24317,-0.49147,0.28150,-0.45698,0.31984,-0.42249,0.35818,-0.38800,0.39904,-0.35336,0.43990,-0.31871,0.48076,-0.28407,0.52162,-0.25308,0.56248,-0.22209,0.60334,-0.19110,0.64420,-0.16473,0.68505,-0.13835,0.72591,-0.11197,0.76677,-0.09117,0.80762,-0.07037,0.84847,-0.04957,0.88922,-0.03587,0.92996,-0.02218,0.97071,-0.00849
2890,0.01996,-0.74585,0.05611,-0.70905,0.09225,-0.67224,0.12840,-0.63544,0.16661,-0.59616,0.20482,-0.55687,0.24303,-0.51759,0.28140,-0.48127,0.31976,-0.44494,0.35813,-0.40862,0.39899,-0.37213,0.43985,-0.33565,0.48072,-0.29917,0.52158,-0.26654,0.56244,-0.23390,0.60330,-0.20127,0.64417,-0.17348,0.68503,-0.14570,0.72589,-0.11792,0.76675,-0.09601,0.80760,-0.07409,0.84846,-0.05218,0.88921,-0.03776,0.92996,-0.02335,0.97071,-0.00893
2895,0.01988,-0.78349,0.05605,-0.74484,0.09221,-0.70619,0.12838,-0.66753,0.16655,-0.62631,0.20473,-0.58509,0.24290,-0.54386,0.28129,-0.50569,0.31969,-0.46752,0.35808,-0.42934,0.39894,-0.39102,0.43981,-0.35269,0.48068,-0.31436,0.52154,-0.28007,0.56241,-0.24578,0.60327,-0.21149,0.64414,-0.18229,0.68500,-0.15310,0.72587,-0.12390,0.76673,-0.10087,0.80759,-0.07784,0.84845,-0.05481,0.88920,-0.03966,0.92995,-0.02452,0.97070,-0.00938
2900,0.01980,-0.82133,0.05598,-0.78082,0.09217,-0.74031,0.12835,-0.69980,0.16649,-0.65663,0.20463,-0.61345,0.24277,-0.57027,0.28119,-0.53024,0.31961,-0.49021,0.35803,-0.45018,0.39890,-0.41000,0.43976,-0.36982,0.48063,-0.32964,0.52150,-0.29368,0.56237,-0.25772,0.60324,-0.22176,0.64411,-0.19115,0.68498,-0.16053,0.72585,-0.12991,0.76671,-0.10576,0.80757,-0.08160,0.84843,-0.05745,0.88919,-0.04158,0.92995,-0.02570,0.97070,-0.00983
2905,0.01972,-0.85937,0.05592,-0.81699,0.09213,-0.77461,0.12833,-0.73224,0.16643,-0.68710,0.20453,-0.64196,0.24263,-0.59682,0.28108,-0.55493,0.31953,-0.51303,0.35797,-0.47113,0.39885,-0.42909,0.43972,-0.38704,0.48059,-0.34499,0.52146,-0.30736,0.56234,-0.26973,0.60321,-0.23209,0.64408,-0.20005,0.68495,-0.16800,0.72583,-0.13596,0.76669,-0.11067,0.80756,-0.08539,0.84842,-0.06010,0.88918,-0.04350,0.92994,-0.02689,0.97070,-0.01028
2910,0.01964,-0.89759,0.05586,-0.85333,0.09208,-0.80908,0.12831,-0.76483,0.16637,-0.71772,0.20443,-0.67061,0.24250,-0.62350,0.28097,-0.57973,0.31945,-0.53595,0.35792,-0.49218,0.39880,-0.44826,0.43967,-0.40434,0.48055,-0.36042,0.52142,-0.32110,0.56230,-0.28179,0.60318,-0.24247,0.64405,-0.20899,0.68493,-0.17551,0.72581,-0.14203,0.76667,-0.11561,0.80754,-0.08919,0.84841,-0.06277,0.88917,-0.04543,0.92994,-0.02808,0.97070,-0.01074
2915,0.01955,-0.93598,0.05580,-0.88984,0.09204,-0.84370,0.12828,-0.79756,0.16631,-0.74848,0.20434,-0.69939,0.24236,-0.65030,0.28086,-0.60464,0.31937,-0.55898,0.35787,-0.51333,0.39875,-0.46752,0.43963,-0.42172,0.48051,-0.37592,0.52139,-0.33491,0.56226,-0.29391,0.60314,-0.25290,0.64402,-0.21798,0.68490,-0.18305,0.72578,-0.14813,0.76665,-0.12057,0.80753,-0.09301,0.84840,-0.06545,0.88916,-0.04736,0.92993,-0.02928,0.97069,-0.01119
2920,0.01947,-0.97454,0.05573,-0.92651,0.09200,-0.87848,0.12826,-0.83044,0.16625,-0.77937,0.20424,-0.72829,0.24223,-0.67721,0.28076,-0.62966,0.31929,-0.58211,0.35782,-0.53456,0.39870,-0.48687,0.43958,-0.43917,0.48046,-0.39148,0.52135,-0.34878,0.56223,-0.30608,0.60311,-0.26337,0.64399,-0.22700,0.68488,-0.19063,0.72576,-0.15425,0.76664,-0.12555,0.80751,-0.09685,0.84839,-0.06814,0.88916,-0.04931,0.92992,-0.03048,0.97069,-0.01165
2925,0.01939,-1.01326,0.05567,-0.96332,0.09195,-0.91339,0.12824,-0.86346,0.16619,-0.81038,0.20414,-0.75731,0.24209,-0.70423,0.28065,-0.65478,0.31920,-0.60533,0.35776,-0.55588,0.39865,-0.50629,0.43953,-0.45670,0.48042,-0.40711,0.52131,-0.36270,0.56219,-0.31829,0.60308,-0.27389,0.64396,-0.23606,0.68485,-0.19823,0.72574,-0.16040,0.76662,-0.13055,0.80750,-0.10070,0.84837,-0.07084,0.88915,-0.05127,0.92992,-0.03169,0.97069,-0.01211
2930,0.01930,-1.05212,0.05561,-1.00028,0.09191,-0.94844,0.12821,-0.89660,0.16613,-0.84152,0.20404,-0.78644,0.24195,-0.73136,0.28054,-0.68000,0.31912,-0.62864,0.35771,-0.57729,0.39860,-0.52579,0.43949,-0.47429,0.48038,-0.42279,0.52127,-0.37668,0.56216,-0.33056,0.60305,-0.28444,0.64394,-0.24516,0.68483,-0.20587,0.72572,-0.16658,0.76660,-0.13557,0.80748,-0.10456,0.84836,-0.07356,0.88914,-0.05323,0.92991,-0.03290,0.97069,-0.01257
2935,0.01922,-1.09112,0.05554,-1.03736,0.09187,-0.98361,0.12819,-0.92985,0.16606,-0.87276,0.20394,-0.81567,0.24181,-0.75858,0.28043,-0.70531,0.31904,-0.65204,0.35766,-0.59877,0.39855,-0.54535,0.43944,-0.49194,0.48033,-0.43853,0.52123,-0.39070,0.56212,-0.34287,0.60301,-0.29503,0.64391,-0.25428,0.68480,-0.21353,0.72569,-0.17278,0.76658,-0.14061,0.80746,-0.10844,0.84835,-0.07628,0.88913,-0.05520,0.92991,-0.03412,0.97069,-0.01304
2940,0.01913,-1.13025,0.05548,-1.07457,0.09182,-1.01889,0.12817,-0.96321,0.16600,-0.90410,0.20384,-0.84500,0.24167,-0.78589,0.28032,-0.73070,0.31896,-0.67550,0.35760,-0.62031,0.39850,-0.56498,0.43939,-0.50966,0.48029,-0.45433,0.52119,-0.40477,0.56208,-0.35522,0.60298,-0.30566,0.64388,-0.26344,0.68477,-0.22121,0.72567,-0.17899,0.76656,-0.14566,0.80745,-0.11234,0.84834,-0.07901,0.88912,-0.05717,0.92990,-0.03534,0.97068,-0.01350
2945,0.01905,-1.16949,0.05541,-1.11188,0.09178,-1.05428,0.12814,-0.99668,0.16594,-0.93554,0.20374,-0.87441,0.24154,-0.81328,0.28021,-0.75616,0.31888,-0.69904,0.35755,-0.64193,0.39845,-0.58467,0.43935,-0.52742,0.48025,-0.47017,0.52115,-0.41888,0.56205,-0.36760,0.60295,-0.31632,0.64385,-0.27262,0.68475,-0.22892,0.72565,-0.18523,0.76654,-0.15073,0.80743,-0.11624,0.84833,-0.08175,0.88911,-0.05915,0.92990,-0.03656,0.97068,-0.01397
2950,0.01896,-1.20884,0.05535,-1.14930,0.09173,-1.08977,0.12812,-1.03023,0.16588,-0.96707,0.20364,-0.90391,0.24140,-0.84074,0.28010,-0.78170,0.31879,-0.72265,0.35749,-0.66360,0.39840,-0.60441,0.43930,-0.54523,0.48020,-0.48605,0.52111,-0.43303,0.56201,-0.38002,0.60291,-0.32701,0.64382,-0.28183,0.68472,-0.23665,0.72563,-0.19148,0.76652,-0.15582,0.80742,-0.12016,0.84831,-0.08449,0.88910,-0.06114,0.92989,-0.03779,0.97068,-0.01444
2955,0.01888,-1.24829,0.05528,-1.18682,0.09169,-1.12534,0.12809,-1.06387,0.16582,-0.99867,0.20354,-0.93348,0.24126,-0.86828,0.27998,-0.80729,0.31871,-0.74631,0.35744,-0.68532,0.39835,-0.62421,0.43925,-0.56309,0.48016,-0.50197,0.52107,-0.44722,0.56197,-0.39247,0.60288,-0.33772,0.64379,-0.29106,0.68469,-0.24440,0.72560,-0.19775,0.76650,-0.16091,0.80740,-0.12408,0.84830,-0.08725,0.88909,-0.06313,0.92988,-0.03902,0.97068,-0.01490
2960,0.01879,-1.28783,0.05522,-1.22441,0.09164,-1.16100,0.12807,-1.09758,0.16575,-1.03035,0.20344,-0.96311,0.24112,-0.89587,0.27987,-0.83295,0.31863,-0.77002,0.35738,-0.70710,0.39829,-0.64404,0.43920,-0.58099,0.48012,-0.51793,0.52103,-0.46144,0.56194,-0.40495,0.60285,-0.34846,0.64376,-0.30031,0.68467,-0.25217,0.72558,-0.20403,0.76648,-0.16602,0.80739,-0.12801,0.84829,-0.09001,0.88908,-0.06513,0.92988,-0.04025,0.97067,-0.01537
2965,0.01871,-1.32744,0.05515,-1.26208,0.09160,-1.19672,0.12805,-1.13136,0.16569,-1.06208,0.20333,-0.99280,0.24098,-0.92353,0.27976,-0.85866,0.31855,-0.79379,0.35733,-0.72892,0.39824,-0.66392,0.43916,-0.59892,0.48007,-0.53392,0.52099,-0.47569,0.56190,-0.41745,0.60281,-0.35922,0.64373,-0.30958,0.68464,-0.25995,0.72556,-0.21032,0.76646,-0.17114,0.80737,-0.13196,0.84828,-0.09277,0.88907,-0.06713,0.92987,-0.04149,0.97067,-0.01585
2970,0.01862,-1.36713,0.05509,-1.29982,0.09155,-1.23251,0.12802,-1.16520,0.16563,-1.09388,0.20323,-1.02255,0.24084,-0.95122,0.27965,-0.88441,0.31846,-0.81759,0.35728,-0.75077,0.39819,-0.68383,0.43911,-0.61688,0.48003,-0.54994,0.52094,-0.48996,0.56186,-0.42998,0.60278,-0.36999,0.64370,-0.31887,0.68462,-0.26775,0.72553,-0.21663,0.76644,-0.17626,0.80735,-0.13590,0.84826,-0.09554,0.88907,-0.06913,0.92987,-0.04273,0.97067,-0.01632
2975,0.01854,-1.40687,0.05502,-1.33761,0.09151,-1.26835,0.12800,-1.19909,0.16556,-1.12572,0.20313,-1.05234,0.24070,-0.97896,0.27954,-0.91020,0.31838,-0.84143,0.35722,-0.77266,0.39814,-0.70377,0.43906,-0.63487,0.47998,-0.56598,0.52090,-0.50425,0.56182,-0.44252,0.60275,-0.38079,0.64367,-0.32817,0.68459,-0.27556,0.72551,-0.22294,0.76642,-0.18140,0.80734,-0.13986,0.84825,-0.09832,0.88906,-0.07114,0.92986,-0.04396,0.97067,-0.01679
2980,0.01845,-1.44667,0.05496,-1.37545,0.09147,-1.30424,0.12797,-1.23302,0.16550,-1.15760,0.20303,-1.08217,0.24056,-1.00674,0.27943,-0.93602,0.31830,-0.86530,0.35717,-0.79458,0.39809,-0.72373,0.43901,-0.65289,0.47994,-0.58204,0.52086,-0.51856,0.56179,-0.45508,0.60271,-0.39160,0.64364,-0.33748,0.68456,-0.28337,0.72549,-0.22926,0.76641,-0.18654,0.80732,-0.14382,0.84824,-0.10109,0.88905,-0.07315,0.92986,-0.04521,0.97066,-0.01726
2985,0.01836,-1.48650,0.05489,-1.41333,0.09142,-1.34016,0.12795,-1.26699,0.16544,-1.18951,0.20293,-1.11202,0.24042,-1.03454,0.27931,-0.96186,0.31821,-0.88919,0.35711,-0.81651,0.39804,-0.74371,0.43897,-0.67092,0.47989,-0.59812,0.52082,-0.53288,0.56175,-0.46765,0.60268,-0.40241,0.64361,-0.34681,0.68454,-0.29120,0.72546,-0.23559,0.76639,-0.19169,0.80731,-0.14778,0.84823,-0.10387,0.88904,-0.07516,0.92985,-0.04645,0.97066,-0.01774
2990,0.01828,-1.52636,0.05483,-1.45123,0.09138,-1.37611,0.12792,-1.30098,0.16537,-1.22144,0.20282,-1.14190,0.24027,-1.06236,0.27920,-0.98773,0.31813,-0.91310,0.35706,-0.83847,0.39799,-0.76371,0.43892,-0.68896,0.47985,-0.61421,0.52078,-0.54722,0.56171,-0.48023,0.60264,-0.41324,0.64358,-0.35613,0.68451,-0.29903,0.72544,-0.24192,0.76637,-0.19683,0.80729,-0.15175,0.84822,-0.10666,0.88903,-0.07717,0.92984,-0.04769,0.97066,-0.01821
2995,0.01819,-1.56624,0.05476,-1.48916,0.09133,-1.41207,0.12790,-1.33499,0.16531,-1.25339,0.20272,-1.17180,0.24013,-1.09020,0.27909,-1.01361,0.31805,-0.93702,0.35700,-0.86043,0.39794,-0.78372,0.43887,-0.70701,0.47981,-0.63031,0.52074,-0.56156,0.56168,-0.49282,0.60261,-0.42407,0.64355,-0.36547,0.68448,-0.30686,0.72542,-0.24826,0.76635,-0.20199,0.80727,-0.15571,0.84820,-0.10944,0.88902,-0.07919,0.92984,-0.04894,0.97066,-0.01868
3000,0.01811,-1.60613,0.05470,-1.52709,0.09129,-1.44805,0.12788,-1.36900,0.16525,-1.28535,0.20262,-1.20170,0.23999,-1.11804,0.27898,-1.03950,0.31796,-0.96095,0.35695,-0.88240,0.39788,-0.80374,0.43882,-0.72507,0.47976,-0.64641,0.52070,-0.57591,0.56164,-0.50541,0.60258,-0.43490,0.64352,-0.37480,0.68446,-0.31470,0.72540,-0.25460,0.76633,-0.20714,0.80726,-0.15968,0.84819,-0.11222,0.88901,-0.08120,0.92983,-0.05018,0.97065,-0.01916
3005,0.01802,-1.64603,0.05463,-1.56502,0.09124,-1.48402,0.12785,-1.40302,0.16518,-1.31731,0.20252,-1.23160,0.23985,-1.14589,0.27887,-1.06538,0.31788,-0.98487,0.35689,-0.90437,0.39783,-0.82375,0.43878,-0.74313,0.47972,-0.66251,0.52066,-0.59025,0.56160,-0.51800,0.60254,-0.44574,0.64349,-0.38414,0.68443,-0.32254,0.72537,-0.26094,0.76631,-0.21229,0.80724,-0.16365,0.84818,-0.11501,0.88900,-0.08322,0.92983,-0.05142,0.97065,-0.01963
3010,0.01793,-1.68591,0.05457,-1.60295,0.09120,-1.51999,0.12783,-1.43702,0.16512,-1.34926,0.20242,-1.26149,0.23971,-1.17372,0.27875,-1.09126,0.31779,-1.00880,0.35684,-0.92633,0.39778,-0.84376,0.43873,-0.76118,0.47967,-0.67861,0.52062,-0.60460,0.56156,-0.53058,0.60251,-0.45657,0.64346,-0.39347,0.68440,-0.33037,0.72535,-0.26727,0.76629,-0.21745,0.80723,-0.16762,0.84817,-0.11779,0.88899,-0.08523,0.92982,-0.05267,0.97065,-0.02011
3015,0.01785,-1.72577,0.05450,-1.64085,0.09115,-1.55593,0.12780,-1.47102,0.16506,-1.38119,0.20231,-1.29137,0.23957,-1.20155,0.27864,-1.11713,0.31771,-1.03271,0.35678,-0.94829,0.39773,-0.86376,0.43868,-0.77923,0.47963,-0.69470,0.52058,-0.61893,0.56153,-0.54316,0.60248,-0.46740,0.64343,-0.40280,0.68438,-0.33820,0.72533,-0.27361,0.76627,-0.22259,0.80721,-0.17158,0.84815,-0.12057,0.88898,-0.08724,0.92982,-0.05391,0.97065,-0.02058
3020,0.01776,-1.76560,0.05443,-1.67873,0.09111,-1.59185,0.12778,-1.50498,0.16500,-1.41310,0.20221,-1.32123,0.23943,-1.22935,0.27853,-1.14297,0.31763,-1.05660,0.35673,-0.97022,0.39768,-0.88374,0.43863,-0.79726,0.47958,-0.71078,0.52054,-0.63325,0.56149,-0.55573,0.60244,-0.47821,0.64340,-0.41212,0.68435,-0.34603,0.72530,-0.27993,0.76625,-0.22774,0.80720,-0.17555,0.84814,-0.12335,0.88898,-0.08925,0.92981,-0.05515,0.97064,-0.02105
3025,0.01768,-1.80540,0.05437,-1.71657,0.09106,-1.62774,0.12775,-1.53891,0.16493,-1.44498,0.20211,-1.35105,0.23929,-1.25712,0.27842,-1.16879,0.31754,-1.08047,0.35667,-0.99214,0.39763,-0.90370,0.43858,-0.81527,0.47954,-0.72684,0.52050,-0.64756,0.56145,-0.56829,0.60241,-0.48902,0.64337,-0.42143,0.68432,-0.35384,0.72528,-0.28626,0.76623,-0.23288,0.80718,-0.17951,0.84813,-0.12613,0.88897,-0.09126,0.92980,-0.05639,0.97064,-0.02153
3030,0.01759,-1.84514,0.05430,-1.75436,0.09102,-1.66358,0.12773,-1.57280,0.16487,-1.47682,0.20201,-1.38084,0.23915,-1.28486,0.27830,-1.19458,0.31746,-1.10431,0.35662,-1.01403,0.39758,-0.92364,0.43854,-0.83326,0.47950,-0.74288,0.52046,-0.66186,0.56142,-0.58084,0.60238,-0.49981,0.64334,-0.43073,0.68430,-0.36165,0.72526,-0.29257,0.76621,-0.23802,0.80716,-0.18346,0.84812,-0.12890,0.88896,-0.09327,0.92980,-0.05763,0.97064,-0.02200
3035,0.01751,-1.88483,0.05424,-1.79210,0.09097,-1.69937,0.12771,-1.60664,0.16481,-1.50862,0.20191,-1.41059,0.23901,-1.31256,0.27819,-1.22034,0.31738,-1.12811,0.35656,-1.03588,0.39753,-0.94355,0.43849,-0.85123,0.47945,-0.75890,0.52042,-0.67613,0.56138,-0.59336,0.60234,-0.51059,0.64331,-0.44002,0.68427,-0.36945,0.72523,-0.29888,0.76619,-0.24314,0.80715,-0.18741,0.84810,-0.13167,0.88895,-0.09527,0.92979,-0.05887,0.97064,-0.02247
3040,0.01742,-1.92444,0.05417,-1.82977,0.09093,-1.73510,0.12768,-1.64042,0.16474,-1.54035,0.20181,-1.44028,0.23887,-1.34021,0.27808,-1.24604,0.31729,-1.15187,0.35651,-1.05770,0.39747,-0.96343,0.43844,-0.86916,0.47941,-0.77489,0.52038,-0.69038,0.56134,-0.60586,0.60231,-0.52135,0.64328,-0.44929,0.68424,-0.37723,0.72521,-0.30517,0.76617,-0.24826,0.80713,-0.19135,0.84809,-0.13444,0.88894,-0.09727,0.92979,-0.06011,0.97063,-0.02294
3045,0.01733,-1.96398,0.05411,-1.86737,0.09088,-1.77075,0.12766,-1.67414,0.16468,-1.57203,0.20170,-1.46992,0.23873,-1.36781,0.27797,-1.27170,0.31721,-1.17559,0.35645,-1.07948,0.39742,-0.98327,0.43839,-0.88706,0.47936,-0.79085,0.52033,-0.70459,0.56131,-0.61834,0.60228,-0.53209,0.64325,-0.45854,0.68422,-0.38500,0.72519,-0.31145,0.76615,-0.25337,0.80712,-0.19528,0.84808,-0.13720,0.88893,-0.09927,0.92978,-0.06134,0.97063,-0.02341
3050,0.01725,-2.00343,0.05404,-1.90488,0.09084,-1.80633,0.12763,-1.70778,0.16462,-1.60363,0.20160,-1.49949,0.23859,-1.39534,0.27786,-1.29730,0.31713,-1.19925,0.35640,-1.10120,0.39737,-1.00306,0.43835,-0.90491,0.47932,-0.80677,0.52029,-0.71878,0.56127,-0.63079,0.60224,-0.54280,0.64322,-0.46778,0.68419,-0.39275,0.72517,-0.31772,0.76613,-0.25846,0.80710,-0.19921,0.84807,-0.13995,0.88892,-0.10126,0.92977,-0.06257,0.97063,-0.02388
3055,0.01716,-2.04278,0.05398,-1.94230,0.09079,-1.84181,0.12761,-1.74133,0.16456,-1.63516,0.20150,-1.52898,0.23845,-1.42281,0.27775,-1.32283,0.31705,-1.22285,0.35634,-1.12287,0.39732,-1.02280,0.43830,-0.92273,0.47928,-0.82265,0.52025,-0.73293,0.56123,-0.64321,0.60221,-0.55349,0.64319,-0.47698,0.68416,-0.40048,0.72514,-0.32397,0.76611,-0.26355,0.80708,-0.20312,0.84806,-0.14270,0.88891,-0.10325,0.92977,-0.06380,0.97063,-0.02435
3060,0.01708,-2.08203,0.05391,-1.97962,0.09075,-1.87720,0.12758,-1.77479,0.16449,-1.66660,0.20140,-1.55840,0.23831,-1.45020,0.27764,-1.34830,0.31696,-1.24639,0.35629,-1.14449,0.39727,-1.04249,0.43825,-0.94049,0.47923,-0.83849,0.52021,-0.74705,0.56119,-0.65560,0.60218,-0.56415,0.64316,-0.48617,0.68414,-0.40819,0.72512,-0.33021,0.76609,-0.26862,0.80707,-0.20703,0.84804,-0.14544,0.88890,-0.10523,0.92976,-0.06502,0.97062,-0.02481
3065,0.01699,-2.12115,0.05385,-2.01682,0.09071,-1.91249,0.12756,-1.80816,0.16443,-1.69794,0.20130,-1.58773,0.23817,-1.47751,0.27753,-1.37369,0.31688,-1.26986,0.35624,-1.16603,0.39722,-1.06212,0.43821,-0.95820,0.47919,-0.85429,0.52017,-0.76112,0.56116,-0.66795,0.60214,-0.57477,0.64313,-0.49532,0.68411,-0.41587,0.72510,-0.33642,0.76608,-0.27367,0.80705,-0.21092,0.84803,-0.14817,0.88889,-0.10721,0.92976,-0.06624,0.97062,-0.02528
3070,0.01691,-2.16015,0.05379,-2.05391,0.09066,-1.94766,0.12754,-1.84141,0.16437,-1.72919,0.20120,-1.61696,0.23804,-1.50473,0.27742,-1.39899,0.31680,-1.29325,0.35618,-1.18751,0.39717,-1.08168,0.43816,-0.97586,0.47915,-0.87003,0.52013,-0.77514,0.56112,-0.68025,0.60211,-0.58537,0.64310,-0.50445,0.68409,-0.42353,0.72507,-0.34262,0.76606,-0.27871,0.80704,-0.21480,0.84802,-0.15089,0.88889,-0.10918,0.92975,-0.06746,0.97062,-0.02574
3075,0.01683,-2.19902,0.05372,-2.09086,0.09062,-1.98271,0.12751,-1.87455,0.16431,-1.76032,0.20110,-1.64609,0.23790,-1.53186,0.27731,-1.42421,0.31672,-1.31656,0.35613,-1.20892,0.39712,-1.10118,0.43811,-0.99345,0.47910,-0.88571,0.52009,-0.78912,0.56109,-0.69252,0.60208,-0.59592,0.64307,-0.51354,0.68406,-0.43117,0.72505,-0.34879,0.76604,-0.28373,0.80702,-0.21867,0.84801,-0.15360,0.88888,-0.11114,0.92975,-0.06867,0.97062,-0.02621
3080,0.01674,-2.23773,0.05366,-2.12768,0.09057,-2.01762,0.12749,-1.90756,0.16425,-1.79134,0.20100,-1.67511,0.23776,-1.55888,0.27720,-1.44933,0.31664,-1.33979,0.35608,-1.23024,0.39707,-1.12061,0.43807,-1.01097,0.47906,-0.90134,0.52006,-0.80304,0.56105,-0.70474,0.60204,-0.60644,0.64304,-0.52261,0.68403,-0.43877,0.72503,-0.35494,0.76602,-0.28873,0.80701,-0.22252,0.84799,-0.15631,0.88887,-0.11309,0.92974,-0.06988,0.97061,-0.02667
3085,0.01666,-2.27629,0.05360,-2.16434,0.09053,-2.05239,0.12747,-1.94044,0.16419,-1.82223,0.20091,-1.70401,0.23762,-1.58579,0.27709,-1.47435,0.31656,-1.36291,0.35602,-1.25147,0.39702,-1.13995,0.43802,-1.02843,0.47902,-0.91691,0.52002,-0.81691,0.56101,-0.71691,0.60201,-0.61691,0.64301,-0.53163,0.68401,-0.44635,0.72501,-0.36107,0.76600,-0.29371,0.80699,-0.22635,0.84798,-0.15900,0.88886,-0.11504,0.92974,-0.07108,0.97061,-0.02712
3090,0.01658,-2.31469,0.05353,-2.20085,0.09049,-2.08702,0.12744,-1.97318,0.16412,-1.85299,0.20081,-1.73279,0.23749,-1.61259,0.27698,-1.49927,0.31648,-1.38594,0.35597,-1.27262,0.39697,-1.15921,0.43797,-1.04581,0.47897,-0.93240,0.51998,-0.83071,0.56098,-0.72902,0.60198,-0.62734,0.64298,-0.54061,0.68398,-0.45389,0.72499,-0.36717,0.76598,-0.29867,0.80698,-0.23017,0.84797,-0.16168,0.88885,-0.11698,0.92973,-0.07228,0.97061,-0.02758
3095,0.01649,-2.35291,0.05347,-2.23720,0.09044,-2.12149,0.12742,-2.00578,0.16406,-1.88361,0.20071,-1.76144,0.23735,-1.63927,0.27688,-1.52407,0.31640,-1.40887,0.35592,-1.29367,0.39692,-1.17839,0.43793,-1.06311,0.47893,-0.94783,0.51994,-0.84446,0.56094,-0.74109,0.60195,-0.63772,0.64295,-0.54956,0.68396,-0.46140,0.72496,-0.37324,0.76596,-0.30361,0.80696,-0.23398,0.84796,-0.16434,0.88884,-0.11891,0.92972,-0.07347,0.97061,-0.02803
3100,0.01641,-2.39095,0.05341,-2.27337,0.09040,-2.15579,0.12740,-2.03821,0.16400,-1.91408,0.20061,-1.78995,0.23722,-1.66582,0.27677,-1.54875,0.31632,-1.43168,0.35587,-1.31462,0.39687,-1.19747,0.43788,-1.08033,0.47889,-0.96318,0.51990,-0.85814,0.56091,-0.75309,0.60191,-0.64805,0.64292,-0.55846,0.68393,-0.46887,0.72494,-0.37929,0.76594,-0.30852,0.80695,-0.23776,0.84795,-0.16700,0.88883,-0.12083,0.92972,-0.07466,0.97060,-0.02849
3105,0.01633,-2.42879,0.05334,-2.30935,0.09036,-2.18991,0.12737,-2.07048,0.16394,-1.94440,0.20051,-1.81831,0.23709,-1.69223,0.27666,-1.57331,0.31624,-1.45438,0.35581,-1.33546,0.39683,-1.21646,0.43784,-1.09746,0.47885,-0.97846,0.51986,-0.87175,0.56087,-0.76503,0.60188,-0.65832,0.64290,-0.56731,0.68391,-0.47631,0.72492,-0.38530,0.76592,-0.31341,0.80693,-0.24153,0.84794,-0.16964,0.88882,-0.12274,0.92971,-0.07584,0.97060,-0.02894
3110,0.01625,-2.46643,0.05328,-2.34514,0.09032,-2.22386,0.12735,-2.10257,0.16388,-1.97455,0.20042,-1.84653,0.23695,-1.71850,0.27656,-1.59773,0.31616,-1.47696,0.35576,-1.35619,0.39678,-1.23534,0.43779,-1.11450,0.47881,-0.99365,0.51982,-0.88528,0.56084,-0.77691,0.60185,-0.66855,0.64287,-0.57612,0.68388,-0.48370,0.72490,-0.39128,0.76591,-0.31827,0.80691,-0.24527,0.84792,-0.17227,0.88882,-0.12464,0.92971,-0.07701,0.97060,-0.02938
3115,0.01617,-2.50386,0.05322,-2.38073,0.09027,-2.25761,0.12733,-2.13449,0.16382,-2.00453,0.20032,-1.87458,0.23682,-1.74463,0.27645,-1.62202,0.31608,-1.49941,0.35571,-1.37680,0.39673,-1.25412,0.43775,-1.13144,0.47876,-1.00876,0.51978,-0.89874,0.56080,-0.78873,0.60182,-0.67871,0.64284,-0.58488,0.68386,-0.49105,0.72488,-0.39722,0.76589,-0.32311,0.80690,-0.24899,0.84791,-0.17488,0.88881,-0.12653,0.92970,-0.07818,0.97060,-0.02983
3120,0.01609,-2.54106,0.05316,-2.41611,0.09023,-2.29116,0.12730,-2.16621,0.16377,-2.03434,0.20023,-1.90247,0.23669,-1.77060,0.27635,-1.64616,0.31600,-1.52173,0.35566,-1.39729,0.39668,-1.27279,0.43770,-1.14828,0.47872,-1.02377,0.51975,-0.91212,0.56077,-0.80047,0.60179,-0.68882,0.64281,-0.59359,0.68383,-0.49836,0.72485,-0.40314,0.76587,-0.32792,0.80689,-0.25270,0.84790,-0.17748,0.88880,-0.12841,0.92970,-0.07934,0.97060,-0.03027
3125,0.01601,-2.57804,0.05310,-2.45127,0.09019,-2.32451,0.12728,-2.19774,0.16371,-2.06396,0.20013,-1.93018,0.23656,-1.79640,0.27624,-1.67015,0.31592,-1.54390,0.35561,-1.41765,0.39663,-1.29134,0.43766,-1.16502,0.47868,-1.03870,0.51971,-0.92542,0.56073,-0.81214,0.60176,-0.69886,0.64278,-0.60224,0.68381,-0.50563,0.72483,-0.40901,0.76585,-0.33269,0.80687,-0.25637,0.84789,-0.18006,0.88879,-0.13028,0.92969,-0.08049,0.97059,-0.03071
3130,0.01593,-2.61477,0.05304,-2.48621,0.09015,-2.35764,0.12726,-2.22907,0.16365,-2.09339,0.20004,-1.95772,0.23643,-1.82204,0.27614,-1.69399,0.31585,-1.56594,0.35556,-1.43789,0.39659,-1.30977,0.43761,-1.18165,0.47864,-1.05353,0.51967,-0.93863,0.56070,-0.82373,0.60173,-0.70883,0.64275,-0.61084,0.68378,-0.51284,0.72481,-0.41485,0.76583,-0.33744,0.80686,-0.26003,0.84788,-0.18262,0.88878,-0.13213,0.92969,-0.08164,0.97059,-0.03115
3135,0.01585,-2.65126,0.05298,-2.52090,0.09011,-2.39054,0.12724,-2.26018,0.16359,-2.12262,0.19995,-1.98507,0.23630,-1.84751,0.27604,-1.71767,0.31577,-1.58782,0.35551,-1.45798,0.39654,-1.32807,0.43757,-1.19816,0.47860,-1.06825,0.51963,-0.95175,0.56066,-0.83525,0.60170,-0.71874,0.64273,-0.61938,0.68376,-0.52001,0.72479,-0.42064,0.76582,-0.34215,0.80684,-0.26366,0.84787,-0.18517,0.88877,-0.13397,0.92968,-0.08278,0.97059,-0.03158
3140,0.01577,-2.68749,0.05292,-2.55535,0.09007,-2.42321,0.12721,-2.29107,0.16353,-2.15165,0.19985,-2.01222,0.23617,-1.87280,0.27593,-1.74118,0.31570,-1.60955,0.35546,-1.47793,0.39649,-1.34625,0.43753,-1.21456,0.47856,-1.08288,0.51960,-0.96478,0.56063,-0.84668,0.60166,-0.72858,0.64270,-0.62785,0.68373,-0.52713,0.72477,-0.42640,0.76580,-0.34683,0.80683,-0.26726,0.84785,-0.18770,0.88877,-0.13580,0.92968,-0.08391,0.97059,-0.03201
3145,0.01570,-2.72345,0.05286,-2.58955,0.09003,-2.45564,0.12719,-2.32174,0.16348,-2.18046,0.19976,-2.03918,0.23604,-1.89790,0.27583,-1.76451,0.31562,-1.63112,0.35541,-1.49774,0.39645,-1.36429,0.43748,-1.23084,0.47852,-1.09739,0.51956,-0.97771,0.56060,-0.85803,0.60163,-0.73835,0.64267,-0.63627,0.68371,-0.53419,0.72475,-0.43211,0.76578,-0.35148,0.80681,-0.27084,0.84784,-0.19021,0.88876,-0.13762,0.92967,-0.08503,0.97058,-0.03244
3150,0.01562,-2.75914,0.05280,-2.62348,0.08999,-2.48782,0.12717,-2.35217,0.16342,-2.20905,0.19967,-2.06593,0.23592,-1.92281,0.27573,-1.78767,0.31555,-1.65253,0.35536,-1.51739,0.39640,-1.38219,0.43744,-1.24699,0.47848,-1.11180,0.51952,-0.99054,0.56056,-0.86929,0.60160,-0.74804,0.64265,-0.64462,0.68369,-0.54120,0.72473,-0.43778,0.76576,-0.35609,0.80680,-0.27439,0.84783,-0.19270,0.88875,-0.13942,0.92967,-0.08614,0.97058,-0.03286
3155,0.01554,-2.79454,0.05274,-2.65715,0.08995,-2.51975,0.12715,-2.38235,0.16336,-2.23741,0.19958,-2.09246,0.23579,-1.94752,0.27563,-1.81064,0.31547,-1.67376,0.35531,-1.53689,0.39635,-1.39995,0.43740,-1.26302,0.47844,-1.12609,0.51949,-1.00328,0.56053,-0.88047,0.60157,-0.75766,0.64262,-0.65291,0.68366,-0.54816,0.72471,-0.44341,0.76575,-0.36066,0.80678,-0.27791,0.84782,-0.19517,0.88874,-0.14121,0.92966,-0.08725,0.97058,-0.03328
3160,0.01547,-2.82965,0.05269,-2.69053,0.08991,-2.55141,0.12713,-2.41229,0.16331,-2.26553,0.19949,-2.11878,0.23567,-1.97202,0.27553,-1.83342,0.31540,-1.69482,0.35526,-1.55622,0.39631,-1.41757,0.43736,-1.27891,0.47840,-1.14026,0.51945,-1.01590,0.56050,-0.89155,0.60154,-0.76719,0.64259,-0.66112,0.68364,-0.55505,0.72469,-0.44898,0.76573,-0.36520,0.80677,-0.28141,0.84781,-0.19762,0.88873,-0.14298,0.92966,-0.08834,0.97058,-0.03370
3165,0.01539,-2.86446,0.05263,-2.72363,0.08987,-2.58280,0.12711,-2.44197,0.16325,-2.29342,0.19940,-2.14487,0.23555,-1.99631,0.27544,-1.85601,0.31532,-1.71570,0.35521,-1.57539,0.39626,-1.43503,0.43731,-1.29467,0.47836,-1.15431,0.51941,-1.02842,0.56046,-0.90253,0.60152,-0.77664,0.64257,-0.66927,0.68362,-0.56189,0.72467,-0.45451,0.76571,-0.36969,0.80676,-0.28487,0.84780,-0.20005,0.88872,-0.14474,0.92965,-0.08943,0.97057,-0.03412
3170,0.01532,-2.89895,0.05257,-2.75643,0.08983,-2.61391,0.12709,-2.47139,0.16320,-2.32105,0.19931,-2.17072,0.23542,-2.02039,0.27534,-1.87839,0.31525,-1.73639,0.35517,-1.59439,0.39622,-1.45234,0.43727,-1.31028,0.47833,-1.16823,0.51938,-1.04082,0.56043,-0.91342,0.60149,-0.78601,0.64254,-0.67734,0.68359,-0.56867,0.72465,-0.46000,0.76569,-0.37415,0.80674,-0.28830,0.84779,-0.20246,0.88872,-0.14648,0.92964,-0.09050,0.97057,-0.03453
3175,0.01524,-2.93313,0.05252,-2.78893,0.08979,-2.64473,0.12706,-2.50053,0.16314,-2.34843,0.19922,-2.19634,0.23530,-2.04425,0.27524,-1.90057,0.31518,-1.75689,0.35512,-1.61321,0.39618,-1.46948,0.43723,-1.32575,0.47829,-1.18202,0.51934,-1.05311,0.56040,-0.92420,0.60146,-0.79529,0.64251,-0.68534,0.68357,-0.57538,0.72463,-0.46543,0.76568,-0.37856,0.80673,-0.29170,0.84778,-0.20484,0.88871,-0.14820,0.92964,-0.09157,0.97057,-0.03493
3180,0.01517,-2.96698,0.05246,-2.82112,0.08975,-2.67526,0.12704,-2.52939,0.16309,-2.37555,0.19914,-2.22171,0.23518,-2.06787,0.27515,-1.92253,0.31511,-1.77720,0.35507,-1.63186,0.39613,-1.48647,0.43719,-1.34108,0.47825,-1.19569,0.51931,-1.06529,0.56037,-0.93489,0.60143,-0.80449,0.64249,-0.69326,0.68355,-0.58203,0.72461,-0.47080,0.76566,-0.38294,0.80671,-0.29507,0.84777,-0.20720,0.88870,-0.14991,0.92964,-0.09262,0.97057,-0.03533
3185,0.01510,-3.00050,0.05241,-2.85299,0.08971,-2.70548,0.12702,-2.55797,0.16304,-2.40240,0.19905,-2.24683,0.23507,-2.09127,0.27505,-1.94428,0.31504,-1.79730,0.35503,-1.65031,0.39609,-1.50328,0.43715,-1.35625,0.47821,-1.20922,0.51928,-1.07734,0.56034,-0.94547,0.60140,-0.81359,0.64246,-0.70110,0.68353,-0.58862,0.72459,-0.47613,0.76565,-0.38727,0.80670,-0.29840,0.84776,-0.20954,0.88869,-0.15161,0.92963,-0.09367,0.97057,-0.03573
3190,0.01503,-3.03367,0.05235,-2.88453,0.08968,-2.73539,0.12700,-2.58625,0.16299,-2.42898,0.19897,-2.27170,0.23495,-2.11442,0.27496,-1.96581,0.31497,-1.81719,0.35498,-1.66858,0.39605,-1.51992,0.43711,-1.37126,0.47818,-1.22260,0.51924,-1.08927,0.56031,-0.95593,0.60137,-0.82260,0.64244,-0.70886,0.68350,-0.59513,0.72457,-0.48140,0.76563,-0.39155,0.80669,-0.30170,0.84775,-0.21186,0.88869,-0.15328,0.92963,-0.09470,0.97056,-0.03613
3195,0.01495,-3.06649,0.05230,-2.91574,0.08964,-2.76499,0.12698,-2.61424,0.16293,-2.45527,0.19888,-2.29630,0.23483,-2.13732,0.27487,-1.98710,0.31490,-1.83688,0.35494,-1.68666,0.39600,-1.53639,0.43707,-1.38612,0.47814,-1.23585,0.51921,-1.10107,0.56028,-0.96629,0.60134,-0.83151,0.64241,-0.71654,0.68348,-0.60158,0.72455,-0.48661,0.76561,-0.39579,0.80668,-0.30497,0.84774,-0.21415,0.88868,-0.15494,0.92962,-0.09573,0.97056,-0.03652
3200,0.01488,-3.09894,0.05224,-2.94660,0.08960,-2.79426,0.12696,-2.64192,0.16288,-2.48127,0.19880,-2.32062,0.23472,-2.15998,0.27478,-2.00816,0.31483,-1.85635,0.35489,-1.70453,0.39596,-1.55267,0.43703,-1.40081,0.47810,-1.24895,0.51918,-1.11274,0.56025,-0.97653,0.60132,-0.84033,0.64239,-0.72414,0.68346,-0.60795,0.72453,-0.49177,0.76560,-0.39998,0.80666,-0.30820,0.84773,-0.21641,0.88867,-0.15658,0.92962,-0.09674,0.97056,-0.03690
3205,0.01482,-3.13103,0.05219,-2.97711,0.08957,-2.82320,0.12694,-2.66928,0.16283,-2.50698,0.19872,-2.34468,0.23460,-2.18238,0.27468,-2.02899,0.31477,-1.87560,0.35485,-1.72220,0.39592,-1.56877,0.43699,-1.41534,0.47807,-1.26190,0.51914,-1.12428,0.56022,-0.98666,0.60129,-0.84904,0.64236,-0.73165,0.68344,-0.61426,0.72451,-0.49687,0.76558,-0.40413,0.80665,-0.31139,0.84772,-0.21865,0.88866,-0.15820,0.92961,-0.09774,0.97056,-0.03728
3210,0.01475,-3.16275,0.05214,-3.00727,0.08953,-2.85180,0.12692,-2.69632,0.16278,-2.53238,0.19864,-2.36845,0.23449,-2.20451,0.27460,-2.04956,0.31470,-1.89462,0.35480,-1.73967,0.39588,-1.58468,0.43696,-1.42969,0.47803,-1.27470,0.51911,-1.13569,0.56019,-0.99667,0.60126,-0.85765,0.64234,-0.73907,0.68342,-0.62049,0.72450,-0.50191,0.76557,-0.40823,0.80664,-0.31455,0.84771,-0.22087,0.88866,-0.15980,0.92961,-0.09873,0.97056,-0.03766
3215,0.01468,-3.19408,0.05209,-3.03706,0.08950,-2.88005,0.12691,-2.72303,0.16273,-2.55748,0.19856,-2.39193,0.23438,-2.22638,0.27451,-2.06989,0.31463,-1.91341,0.35476,-1.75692,0.39584,-1.60040,0.43692,-1.44387,0.47800,-1.28735,0.51908,-1.14695,0.56016,-1.00656,0.60124,-0.86616,0.64232,-0.74640,0.68340,-0.62664,0.72448,-0.50688,0.76555,-0.41227,0.80662,-0.31766,0.84770,-0.22305,0.88865,-0.16138,0.92960,-0.09971,0.97055,-0.03803
3220,0.01461,-3.22501,0.05204,-3.06648,0.08946,-2.90795,0.12689,-2.74942,0.16268,-2.58227,0.19848,-2.41512,0.23427,-2.24797,0.27442,-2.08997,0.31457,-1.93197,0.35472,-1.77396,0.39580,-1.61592,0.43688,-1.45788,0.47796,-1.29984,0.51905,-1.15808,0.56013,-1.01632,0.60121,-0.87457,0.64229,-0.75364,0.68338,-0.63272,0.72446,-0.51180,0.76554,-0.41627,0.80661,-0.32074,0.84769,-0.22521,0.88864,-0.16294,0.92960,-0.10067,0.97055,-0.03840
3225,0.01455,-3.25555,0.05199,-3.09552,0.08943,-2.93549,0.12687,-2.77545,0.16263,-2.60673,0.19840,-2.43801,0.23416,-2.26929,0.27433,-2.10978,0.31450,-1.95028,0.35468,-1.79078,0.39576,-1.63124,0.43685,-1.47170,0.47793,-1.31216,0.51901,-1.16906,0.56010,-1.02596,0.60118,-0.88286,0.64227,-0.76079,0.68336,-0.63872,0.72444,-0.51665,0.76552,-0.42021,0.80660,-0.32378,0.84768,-0.22734,0.88864,-0.16448,0.92959,-0.10162,0.97055,-0.03876
3230,0.01448,-3.28568,0.05194,-3.12417,0.08939,-2.96266,0.12685,-2.80115,0.16259,-2.63087,0.19832,-2.46059,0.23406,-2.29032,0.27425,-2.12934,0.31444,-1.96836,0.35463,-1.80737,0.39572,-1.64636,0.43681,-1.48534,0.47790,-1.32433,0.51898,-1.17990,0.56007,-1.03547,0.60116,-0.89104,0.64225,-0.76784,0.68334,-0.64464,0.72442,-0.52144,0.76551,-0.42411,0.80659,-0.32678,0.84767,-0.22945,0.88863,-0.16601,0.92959,-0.10256,0.97055,-0.03912
3235,0.01442,-3.31540,0.05189,-3.15243,0.08936,-2.98946,0.12683,-2.82649,0.16254,-2.65468,0.19825,-2.48287,0.23395,-2.31106,0.27417,-2.14862,0.31438,-1.98618,0.35459,-1.82374,0.39568,-1.66127,0.43677,-1.49879,0.47786,-1.33632,0.51895,-1.19058,0.56004,-1.04485,0.60113,-0.89911,0.64223,-0.77479,0.68332,-0.65048,0.72441,-0.52616,0.76549,-0.42795,0.80658,-0.32973,0.84766,-0.23152,0.88862,-0.16751,0.92958,-0.10349,0.97055,-0.03948
3240,0.01435,-3.34470,0.05184,-3.18029,0.08933,-3.01588,0.12681,-2.85147,0.16249,-2.67815,0.19817,-2.50483,0.23385,-2.33151,0.27408,-2.16763,0.31432,-2.00375,0.35455,-1.83987,0.39565,-1.67596,0.43674,-1.51205,0.47783,-1.34814,0.51892,-1.20112,0.56002,-1.05409,0.60111,-0.90707,0.64220,-0.78165,0.68330,-0.65623,0.72439,-0.53081,0.76548,-0.43173,0.80656,-0.33265,0.84765,-0.23357,0.88862,-0.16899,0.92958,-0.10440,0.97055,-0.03982
3245,0.01429,-3.37356,0.05179,-3.20773,0.08929,-3.04191,0.12680,-2.87608,0.16245,-2.70127,0.19810,-2.52646,0.23375,-2.35165,0.27400,-2.18636,0.31426,-2.02107,0.35451,-1.85577,0.39561,-1.69045,0.43670,-1.52512,0.47780,-1.35980,0.51889,-1.21150,0.55999,-1.06320,0.60109,-0.91491,0.64218,-0.78841,0.68328,-0.66190,0.72437,-0.53540,0.76546,-0.43546,0.80655,-0.33552,0.84764,-0.23558,0.88861,-0.17044,0.92958,-0.10530,0.97054,-0.04017
3250,0.01423,-3.40199,0.05175,-3.23477,0.08926,-3.06755,0.12678,-2.90032,0.16240,-2.72405,0.19802,-2.54777,0.23365,-2.37150,0.27392,-2.20481,0.31420,-2.03812,0.35447,-1.87143,0.39557,-1.70471,0.43667,-1.53799,0.47777,-1.37127,0.51887,-1.22172,0.55996,-1.07218,0.60106,-0.92263,0.64216,-0.79506,0.68326,-0.66749,0.72436,-0.53992,0.76545,-0.43913,0.80654,-0.33835,0.84763,-0.23757,0.88860,-0.17188,0.92957,-0.10619,0.97054,-0.04050
3255,0.01417,-3.42998,0.05170,-3.26138,0.08923,-3.09278,0.12676,-2.92419,0.16236,-2.74647,0.19795,-2.56875,0.23355,-2.39103,0.27384,-2.22297,0.31414,-2.05491,0.35444,-1.88684,0.39554,-1.71875,0.43664,-1.55066,0.47774,-1.38257,0.51884,-1.23179,0.55994,-1.08101,0.60104,-0.93023,0.64214,-0.80161,0.68324,-0.67298,0.72434,-0.54436,0.76544,-0.44275,0.80653,-0.34113,0.84762,-0.23952,0.88860,-0.17329,0.92957,-0.10706,0.97054,-0.04084
3260,0.01411,-3.45752,0.05166,-3.28757,0.08920,-3.11762,0.12674,-2.94767,0.16231,-2.76853,0.19788,-2.58939,0.23345,-2.41025,0.27377,-2.24084,0.31408,-2.07142,0.35440,-1.90201,0.39550,-1.73257,0.43660,-1.56312,0.47771,-1.39368,0.51881,-1.24169,0.55991,-1.08970,0.60101,-0.93771,0.64212,-0.80805,0.68322,-0.67839,0.72432,-0.54874,0.76542,-0.44630,0.80652,-0.34387,0.84762,-0.24144,0.88859,-0.17468,0.92956,-0.10792,0.97054,-0.04116
3265,0.01405,-3.48460,0.05161,-3.31332,0.08917,-3.14204,0.12673,-2.97076,0.16227,-2.79022,0.19781,-2.60969,0.23335,-2.42915,0.27369,-2.25841,0.31402,-2.08767,0.35436,-1.91692,0.39547,-1.74615,0.43657,-1.57538,0.47768,-1.40461,0.51878,-1.25143,0.55989,-1.09825,0.60099,-0.94506,0.64210,-0.81439,0.68320,-0.68371,0.72431,-0.55304,0.76541,-0.44980,0.80651,-0.34657,0.84761,-0.24333,0.88858,-0.17605,0.92956,-0.10877,0.97054,-0.04149
3270,0.01400,-3.51121,0.05157,-3.33863,0.08914,-3.16604,0.12671,-2.99346,0.16223,-2.81155,0.19774,-2.62964,0.23326,-2.44773,0.27361,-2.27568,0.31397,-2.10363,0.35432,-1.93158,0.39543,-1.75951,0.43654,-1.58743,0.47765,-1.41536,0.51875,-1.26100,0.55986,-1.10665,0.60097,-0.95229,0.64208,-0.82062,0.68319,-0.68894,0.72429,-0.55727,0.76540,-0.45324,0.80650,-0.34922,0.84760,-0.24519,0.88858,-0.17739,0.92956,-0.10960,0.97053,-0.04180
3275,0.01394,-3.53736,0.05152,-3.36349,0.08911,-3.18962,0.12670,-3.01575,0.16219,-2.83249,0.19768,-2.64924,0.23317,-2.46598,0.27354,-2.29265,0.31391,-2.11931,0.35429,-1.94598,0.39540,-1.77262,0.43651,-1.59927,0.47762,-1.42591,0.51873,-1.27040,0.55984,-1.11490,0.60095,-0.95939,0.64206,-0.82674,0.68317,-0.69408,0.72428,-0.56142,0.76538,-0.45662,0.80649,-0.35182,0.84759,-0.24701,0.88857,-0.17871,0.92955,-0.11041,0.97053,-0.04211
3280,0.01388,-3.56303,0.05148,-3.38790,0.08908,-3.21277,0.12668,-3.03764,0.16215,-2.85306,0.19761,-2.66848,0.23308,-2.48390,0.27347,-2.30930,0.31386,-2.13471,0.35425,-1.96012,0.39536,-1.78550,0.43648,-1.61089,0.47759,-1.43627,0.51870,-1.27964,0.55981,-1.12300,0.60093,-0.96636,0.64204,-0.83274,0.68315,-0.69912,0.72426,-0.56550,0.76537,-0.45994,0.80648,-0.35437,0.84758,-0.24881,0.88857,-0.18001,0.92955,-0.11121,0.97053,-0.04242
3285,0.01383,-3.58822,0.05144,-3.41185,0.08905,-3.23548,0.12666,-3.05912,0.16211,-2.87324,0.19755,-2.68736,0.23299,-2.50148,0.27340,-2.32565,0.31381,-2.14982,0.35422,-1.97399,0.39533,-1.79814,0.43645,-1.62229,0.47756,-1.44644,0.51868,-1.28869,0.55979,-1.13095,0.60090,-0.97321,0.64202,-0.83864,0.68313,-0.70407,0.72425,-0.56950,0.76536,-0.46319,0.80647,-0.35688,0.84758,-0.25056,0.88856,-0.18128,0.92955,-0.11200,0.97053,-0.04272
3290,0.01378,-3.61292,0.05140,-3.43534,0.08903,-3.25776,0.12665,-3.08018,0.16207,-2.89302,0.19748,-2.70587,0.23290,-2.51872,0.27333,-2.34167,0.31376,-2.16463,0.35418,-1.98759,0.39530,-1.81053,0.43642,-1.63347,0.47753,-1.45641,0.51865,-1.29758,0.55977,-1.13874,0.60088,-0.97991,0.64200,-0.84442,0.68312,-0.70892,0.72423,-0.57343,0.76535,-0.46638,0.80646,-0.35933,0.84757,-0.25229,0.88855,-0.18253,0.92954,-0.11277,0.97053,-0.04301
3295,0.01372,-3.63712,0.05136,-3.45835,0.08900,-3.27958,0.12663,-3.10082,0.16203,-2.91241,0.19742,-2.72401,0.23282,-2.53561,0.27326,-2.35738,0.31371,-2.17915,0.35415,-2.00092,0.39527,-1.82267,0.43639,-1.64442,0.47751,-1.46618,0.51863,-1.30628,0.55974,-1.14638,0.60086,-0.98649,0.64198,-0.85008,0.68310,-0.71368,0.72422,-0.57727,0.76533,-0.46951,0.80645,-0.36174,0.84756,-0.25398,0.88855,-0.18375,0.92954,-0.11352,0.97053,-0.04330
3300,0.01367,-3.66082,0.05132,-3.48089,0.08897,-3.30096,0.12662,-3.12103,0.16199,-2.93140,0.19736,-2.74178,0.23273,-2.55215,0.27319,-2.37276,0.31366,-2.19337,0.35412,-2.01397,0.39524,-1.83456,0.43636,-1.65515,0.47748,-1.47574,0.51860,-1.31480,0.55972,-1.15386,0.60084,-0.99292,0.64196,-0.85563,0.68309,-0.71833,0.72421,-0.58104,0.76532,-0.47257,0.80644,-0.36410,0.84755,-0.25563,0.88854,-0.18495,0.92953,-0.11426,0.97053,-0.04358
3305,0.01362,-3.68402,0.05128,-3.50295,0.08894,-3.32188,0.12661,-3.14081,0.16195,-2.94998,0.19730,-2.75916,0.23265,-2.56834,0.27313,-2.38781,0.31361,-2.20728,0.35409,-2.02675,0.39521,-1.84620,0.43633,-1.66565,0.47745,-1.48510,0.51858,-1.32314,0.55970,-1.16118,0.60082,-0.99922,0.64195,-0.86106,0.68307,-0.72289,0.72419,-0.58472,0.76531,-0.47556,0.80643,-0.36641,0.84755,-0.25725,0.88854,-0.18612,0.92953,-0.11499,0.97052,-0.04386
3310,0.01357,-3.70670,0.05125,-3.52452,0.08892,-3.34233,0.12659,-3.16015,0.16192,-2.96816,0.19724,-2.77617,0.23257,-2.58417,0.27306,-2.40253,0.31356,-2.22089,0.35405,-2.03924,0.39518,-1.85758,0.43630,-1.67592,0.47743,-1.49426,0.51855,-1.33130,0.55968,-1.16834,0.60080,-1.00538,0.64193,-0.86636,0.68306,-0.72735,0.72418,-0.58833,0.76530,-0.47850,0.80642,-0.36866,0.84754,-0.25883,0.88853,-0.18726,0.92953,-0.11570,0.97052,-0.04413
3315,0.01353,-3.72886,0.05121,-3.54559,0.08889,-3.36232,0.12658,-3.17905,0.16188,-2.98591,0.19719,-2.79278,0.23249,-2.59964,0.27300,-2.41691,0.31351,-2.23418,0.35402,-2.05145,0.39515,-1.86870,0.43628,-1.68595,0.47740,-1.50321,0.51853,-1.33927,0.55966,-1.17534,0.60079,-1.01140,0.64191,-0.87155,0.68304,-0.73170,0.72417,-0.59185,0.76529,-0.48136,0.80641,-0.37087,0.84753,-0.26038,0.88853,-0.18838,0.92952,-0.11639,0.97052,-0.04439
3320,0.01348,-3.75050,0.05117,-3.56617,0.08887,-3.38183,0.12657,-3.19750,0.16185,-3.00325,0.19713,-2.80900,0.23241,-2.61475,0.27294,-2.43095,0.31347,-2.24716,0.35399,-2.06337,0.39512,-1.87956,0.43625,-1.69575,0.47738,-1.51194,0.51851,-1.34705,0.55964,-1.18217,0.60077,-1.01728,0.64190,-0.87662,0.68303,-0.73595,0.72416,-0.59529,0.76528,-0.48415,0.80640,-0.37302,0.84752,-0.26189,0.88852,-0.18948,0.92952,-0.11706,0.97052,-0.04465
3325,0.01343,-3.77162,0.05114,-3.58624,0.08885,-3.40087,0.12655,-3.21550,0.16182,-3.02016,0.19708,-2.82482,0.23234,-2.62948,0.27288,-2.44465,0.31342,-2.25982,0.35396,-2.07499,0.39510,-1.89015,0.43623,-1.70531,0.47736,-1.52046,0.51849,-1.35465,0.55962,-1.18883,0.60075,-1.02301,0.64188,-0.88156,0.68301,-0.74010,0.72414,-0.59864,0.76527,-0.48688,0.80639,-0.37512,0.84752,-0.26336,0.88852,-0.19054,0.92952,-0.11772,0.97052,-0.04490
3330,0.01339,-3.79219,0.05111,-3.60581,0.08882,-3.41943,0.12654,-3.23305,0.16178,-3.03665,0.19703,-2.84025,0.23227,-2.64385,0.27282,-2.45801,0.31338,-2.27217,0.35394,-2.08633,0.39507,-1.90047,0.43620,-1.71462,0.47733,-1.52877,0.51847,-1.36205,0.55960,-1.19532,0.60073,-1.02860,0.64186,-0.88637,0.68300,-0.74414,0.72413,-0.60191,0.76526,-0.48954,0.80639,-0.37717,0.84751,-0.26480,0.88851,-0.19158,0.92952,-0.11836,0.97052,-0.04514
3335,0.01335,-3.81223,0.05107,-3.62487,0.08880,-3.43750,0.12653,-3.25013,0.16175,-3.05270,0.19697,-2.85527,0.23220,-2.65783,0.27277,-2.47101,0.31334,-2.28418,0.35391,-2.09736,0.39504,-1.91053,0.43618,-1.72369,0.47731,-1.53686,0.51845,-1.36925,0.55958,-1.20165,0.60071,-1.03404,0.64185,-0.89106,0.68298,-0.74808,0.72412,-0.60509,0.76525,-0.49213,0.80638,-0.37916,0.84751,-0.26620,0.88851,-0.19259,0.92951,-0.11899,0.97052,-0.04538
3340,0.01330,-3.83172,0.05104,-3.64340,0.08878,-3.45508,0.12652,-3.26676,0.16172,-3.06832,0.19692,-2.86988,0.23213,-2.67144,0.27271,-2.48366,0.31330,-2.29588,0.35388,-2.10810,0.39502,-1.92031,0.43615,-1.73252,0.47729,-1.54472,0.51843,-1.37626,0.55956,-1.20780,0.60070,-1.03934,0.64184,-0.89562,0.68297,-0.75191,0.72411,-0.60819,0.76524,-0.49465,0.80637,-0.38110,0.84750,-0.26756,0.88850,-0.19358,0.92951,-0.11959,0.97051,-0.04561
3345,0.01326,-3.85067,0.05101,-3.66142,0.08876,-3.47216,0.12650,-3.28291,0.16169,-3.08349,0.19688,-2.88408,0.23206,-2.68466,0.27266,-2.49595,0.31326,-2.30724,0.35386,-2.11853,0.39499,-1.92981,0.43613,-1.74109,0.47727,-1.55237,0.51841,-1.38308,0.55954,-1.21378,0.60068,-1.04448,0.64182,-0.90006,0.68296,-0.75563,0.72410,-0.61120,0.76523,-0.49709,0.80636,-0.38299,0.84749,-0.26888,0.88850,-0.19453,0.92951,-0.12019,0.97051,-0.04584
3350,0.01322,-3.86906,0.05098,-3.67890,0.08874,-3.48875,0.12649,-3.29859,0.16166,-3.09823,0.19683,-2.89786,0.23200,-2.69750,0.27261,-2.50788,0.31322,-2.31827,0.35383,-2.12866,0.39497,-1.93904,0.43611,-1.74942,0.47725,-1.55979,0.51839,-1.38969,0.55953,-1.21958,0.60067,-1.04948,0.64181,-0.90436,0.68295,-0.75924,0.72409,-0.61412,0.76522,-0.49947,0.80635,-0.38482,0.84749,-0.27016,0.88850,-0.19546,0.92950,-0.12076,0.97051,-0.04606
3355,0.01318,-3.88689,0.05095,-3.69586,0.08872,-3.50483,0.12648,-3.31380,0.16163,-3.11251,0.19678,-2.91123,0.23193,-2.70994,0.27256,-2.51946,0.31318,-2.32897,0.35381,-2.13848,0.39495,-1.94798,0.43609,-1.75749,0.47723,-1.56699,0.51837,-1.39610,0.55951,-1.22521,0.60065,-1.05432,0.64179,-0.90853,0.68293,-0.76274,0.72408,-0.61695,0.76521,-0.50177,0.80635,-0.38659,0.84748,-0.27141,0.88849,-0.19636,0.92950,-0.12132,0.97051,-0.04627
3360,0.01315,-3.90416,0.05092,-3.71228,0.08870,-3.52040,0.12647,-3.32852,0.16161,-3.12635,0.19674,-2.92417,0.23187,-2.72200,0.27251,-2.53066,0.31315,-2.33933,0.35378,-2.14799,0.39492,-1.95665,0.43607,-1.76530,0.47721,-1.57396,0.51835,-1.40231,0.55949,-1.23066,0.60064,-1.05901,0.64178,-0.91257,0.68292,-0.76614,0.72407,-0.61970,0.76520,-0.50400,0.80634,-0.38831,0.84748,-0.27261,0.88849,-0.19723,0.92950,-0.12185,0.97051,-0.04647
3365,0.01311,-3.92086,0.05089,-3.72817,0.08868,-3.53547,0.12646,-3.34277,0.16158,-3.13973,0.19670,-2.93669,0.23181,-2.73366,0.27246,-2.54150,0.31311,-2.34934,0.35376,-2.15719,0.39490,-1.96503,0.43605,-1.77287,0.47719,-1.58070,0.51834,-1.40832,0.55948,-1.23593,0.60062,-1.06355,0.64177,-0.91648,0.68291,-0.76942,0.72406,-0.62235,0.76520,-0.50616,0.80633,-0.38997,0.84747,-0.27378,0.88848,-0.19808,0.92950,-0.12237,0.97051,-0.04667
3370,0.01308,-3.93700,0.05087,-3.74350,0.08866,-3.55001,0.12645,-3.35652,0.16155,-3.15265,0.19665,-2.94878,0.23176,-2.74491,0.27242,-2.55197,0.31308,-2.35902,0.35374,-2.16607,0.39488,-1.97312,0.43603,-1.78017,0.47717,-1.58722,0.51832,-1.41412,0.55946,-1.24102,0.60061,-1.06793,0.64176,-0.92026,0.68290,-0.77259,0.72405,-0.62492,0.76519,-0.50825,0.80633,-0.39158,0.84747,-0.27491,0.88848,-0.19889,0.92949,-0.12288,0.97051,-0.04686
3375,0.01304,-3.95255,0.05084,-3.75830,0.08864,-3.56404,0.12644,-3.36979,0.16153,-3.16512,0.19661,-2.96044,0.23170,-2.75577,0.27237,-2.56206,0.31304,-2.36835,0.35372,-2.17464,0.39486,-1.98093,0.43601,-1.78721,0.47716,-1.59349,0.51830,-1.41971,0.55945,-1.24593,0.60060,-1.07215,0.64174,-0.92390,0.68289,-0.77564,0.72404,-0.62739,0.76518,-0.51026,0.80632,-0.39312,0.84746,-0.27599,0.88848,-0.19968,0.92949,-0.12336,0.97051,-0.04705
3380,0.01301,-3.96753,0.05082,-3.77254,0.08863,-3.57755,0.12643,-3.38256,0.16150,-3.17711,0.19658,-2.97167,0.23165,-2.76623,0.27233,-2.57178,0.31301,-2.37734,0.35369,-2.18289,0.39484,-1.98844,0.43599,-1.79399,0.47714,-1.59954,0.51829,-1.42510,0.55944,-1.25066,0.60058,-1.07622,0.64173,-0.92740,0.68288,-0.77858,0.72403,-0.62977,0.76517,-0.51219,0.80631,-0.39461,0.84746,-0.27704,0.88847,-0.20043,0.92949,-0.12383,0.97051,-0.04723
3385,0.01298,-3.98193,0.05079,-3.78623,0.08861,-3.59053,0.12642,-3.39483,0.16148,-3.18865,0.19654,-2.98246,0.23160,-2.77627,0.27229,-2.58112,0.31298,-2.38597,0.35368,-2.19082,0.39482,-1.99566,0.43597,-1.80051,0.47712,-1.60535,0.51827,-1.43028,0.55942,-1.25520,0.60057,-1.08013,0.64172,-0.93077,0.68287,-0.78141,0.72402,-0.63205,0.76517,-0.51405,0.80631,-0.39605,0.84745,-0.27804,0.88847,-0.20116,0.92949,-0.12428,0.97051,-0.04740
3390,0.01295,-3.99573,0.05077,-3.79936,0.08859,-3.60298,0.12642,-3.40661,0.16146,-3.19971,0.19650,-2.99281,0.23155,-2.78591,0.27225,-2.59008,0.31295,-2.39425,0.35366,-2.19842,0.39481,-2.00259,0.43596,-1.80676,0.47711,-1.61092,0.51826,-1.43524,0.55941,-1.25956,0.60056,-1.08388,0.64171,-0.93400,0.68286,-0.78413,0.72401,-0.63425,0.76516,-0.51583,0.80630,-0.39742,0.84745,-0.27901,0.88847,-0.20186,0.92949,-0.12471,0.97050,-0.04756
3395,0.01292,-4.00895,0.05075,-3.81193,0.08858,-3.61490,0.12641,-3.41788,0.16144,-3.21030,0.19647,-3.00272,0.23150,-2.79514,0.27221,-2.59866,0.31293,-2.40218,0.35364,-2.20570,0.39479,-2.00922,0.43594,-1.81274,0.47709,-1.61626,0.51825,-1.44000,0.55940,-1.26373,0.60055,-1.08747,0.64170,-0.93710,0.68285,-0.78672,0.72401,-0.63635,0.76515,-0.51754,0.80630,-0.39873,0.84744,-0.27993,0.88846,-0.20253,0.92948,-0.12512,0.97050,-0.04772
3400,0.01289,-4.02158,0.05073,-3.82394,0.08856,-3.62629,0.12640,-3.42865,0.16142,-3.22041,0.19644,-3.01218,0.23146,-2.80395,0.27218,-2.60685,0.31290,-2.40975,0.35362,-2.21266,0.39477,-2.01556,0.43593,-1.81846,0.47708,-1.62136,0.51823,-1.44454,0.55939,-1.26772,0.60054,-1.09090,0.64169,-0.94005,0.68285,-0.78920,0.72400,-0.63835,0.76515,-0.51917,0.80629,-0.39999,0.84744,-0.28081,0.88846,-0.20316,0.92948,-0.12552,0.97050,-0.04787
3405,0.01287,-4.03361,0.05071,-3.83537,0.08855,-3.63714,0.12639,-3.43890,0.16140,-3.23005,0.19641,-3.02120,0.23141,-2.81235,0.27214,-2.61466,0.31287,-2.41697,0.35360,-2.21928,0.39476,-2.02159,0.43591,-1.82390,0.47707,-1.62621,0.51822,-1.44886,0.55937,-1.27152,0.60053,-1.09417,0.64168,-0.94287,0.68284,-0.79157,0.72399,-0.64026,0.76514,-0.52073,0.80629,-0.40119,0.84744,-0.28165,0.88846,-0.20377,0.92948,-0.12589,0.97050,-0.04801
3410,0.01284,-4.04504,0.05069,-3.84625,0.08854,-3.64745,0.12639,-3.44865,0.16138,-3.23921,0.19638,-3.02977,0.23137,-2.82033,0.27211,-2.62208,0.31285,-2.42383,0.35359,-2.22558,0.39474,-2.02733,0.43590,-1.82908,0.47705,-1.63083,0.51821,-1.45297,0.55936,-1.27512,0.60052,-1.09727,0.64167,-0.94554,0.68283,-0.79381,0.72399,-0.64208,0.76513,-0.52220,0.80628,-0.40233,0.84743,-0.28245,0.88846,-0.20435,0.92948,-0.12625,0.97050,-0.04815
3415,0.01282,-4.05587,0.05067,-3.85654,0.08853,-3.65721,0.12638,-3.45789,0.16136,-3.24789,0.19635,-3.03789,0.23134,-2.82789,0.27208,-2.62910,0.31283,-2.43032,0.35357,-2.23154,0.39473,-2.03276,0.43589,-1.83398,0.47704,-1.63520,0.51820,-1.45687,0.55935,-1.27854,0.60051,-1.10021,0.64167,-0.94808,0.68282,-0.79594,0.72398,-0.64380,0.76513,-0.52360,0.80628,-0.40340,0.84743,-0.28320,0.88845,-0.20489,0.92948,-0.12659,0.97050,-0.04828
3420,0.01280,-4.06610,0.05066,-3.86627,0.08851,-3.66644,0.12637,-3.46660,0.16135,-3.25608,0.19632,-3.04555,0.23130,-2.83502,0.27205,-2.63574,0.31281,-2.43646,0.35356,-2.23717,0.39472,-2.03789,0.43587,-1.83861,0.47703,-1.63932,0.51819,-1.46055,0.55934,-1.28177,0.60050,-1.10299,0.64166,-0.95047,0.68282,-0.79795,0.72397,-0.64543,0.76512,-0.52492,0.80628,-0.40442,0.84743,-0.28392,0.88845,-0.20541,0.92948,-0.12690,0.97050,-0.04840
3425,0.01278,-4.07572,0.05064,-3.87541,0.08850,-3.67511,0.12637,-3.47481,0.16133,-3.26378,0.19630,-3.05276,0.23127,-2.84174,0.27203,-2.64198,0.31279,-2.44223,0.35355,-2.24247,0.39470,-2.04272,0.43586,-1.84296,0.47702,-1.64321,0.51818,-1.46401,0.55933,-1.28480,0.60049,-1.10560,0.64165,-0.95272,0.68281,-0.79984,0.72397,-0.64695,0.76512,-0.52617,0.80627,-0.40538,0.84742,-0.28459,0.88845,-0.20590,0.92947,-0.12720,0.97050,-0.04851
3430,0.01276,-4.08472,0.05063,-3.88398,0.08849,-3.68323,0.12636,-3.48249,0.16132,-3.27100,0.19628,-3.05951,0.23123,-2.84803,0.27200,-2.64783,0.31277,-2.44763,0.35353,-2.24743,0.39469,-2.04724,0.43585,-1.84704,0.47701,-1.64684,0.51817,-1.46725,0.55933,-1.28765,0.60048,-1.10805,0.64164,-0.95483,0.68280,-0.80161,0.72396,-0.64839,0.76512,-0.52733,0.80627,-0.40627,0.84742,-0.28522,0.88845,-0.20635,0.92947,-0.12749,0.97050,-0.04862
3435,0.01274,-4.09312,0.05061,-3.89196,0.08848,-3.69081,0.12636,-3.48965,0.16131,-3.27773,0.19625,-3.06581,0.23120,-2.85389,0.27198,-2.65328,0.31275,-2.45267,0.35352,-2.25206,0.39468,-2.05145,0.43584,-1.85084,0.47700,-1.65023,0.51816,-1.47027,0.55932,-1.29030,0.60048,-1.11033,0.64164,-0.95679,0.68280,-0.80326,0.72396,-0.64972,0.76511,-0.52841,0.80626,-0.40711,0.84742,-0.28580,0.88845,-0.20678,0.92947,-0.12775,0.97050,-0.04872
3440,0.01272,-4.10091,0.05060,-3.89937,0.08848,-3.69783,0.12635,-3.49629,0.16129,-3.28396,0.19623,-3.07164,0.23118,-2.85932,0.27195,-2.65833,0.31273,-2.45734,0.35351,-2.25634,0.39467,-2.05535,0.43583,-1.85436,0.47699,-1.65337,0.51815,-1.47306,0.55931,-1.29275,0.60047,-1.11244,0.64163,-0.95862,0.68279,-0.80479,0.72395,-0.65096,0.76511,-0.52942,0.80626,-0.40788,0.84742,-0.28635,0.88844,-0.20717,0.92947,-0.12799,0.97050,-0.04881
3445,0.01271,-4.10807,0.05059,-3.90618,0.08847,-3.70429,0.12635,-3.50240,0.16128,-3.28971,0.19622,-3.07701,0.23115,-2.86432,0.27193,-2.66298,0.31272,-2.46163,0.35350,-2.26029,0.39466,-2.05895,0.43582,-1.85761,0.47698,-1.65627,0.51814,-1.47564,0.55930,-1.29502,0.60046,-1.11439,0.64163,-0.96029,0.68279,-0.80619,0.72395,-0.65210,0.76510,-0.53035,0.80626,-0.40860,0.84741,-0.28685,0.88844,-0.20753,0.92947,-0.12821,0.97050,-0.04890
3450,0.01269,-4.11463,0.05058,-3.91241,0.08846,-3.71020,0.12634,-3.50799,0.16127,-3.29496,0.19620,-3.08193,0.23113,-2.86890,0.27192,-2.66723,0.31270,-2.46556,0.35349,-2.26390,0.39465,-2.06224,0.43581,-1.86057,0.47698,-1.65891,0.51814,-1.47800,0.55930,-1.29708,0.60046,-1.11617,0.64162,-0.96183,0.68278,-0.80748,0.72394,-0.65314,0.76510,-0.53119,0.80626,-0.40925,0.84741,-0.28730,0.88844,-0.20786,0.92947,-0.12842,0.97050,-0.04898
3455,0.01268,-4.12056,0.05057,-3.91805,0.08845,-3.71555,0.12634,-3.51304,0.16126,-3.29971,0.19618,-3.08637,0.23111,-2.87304,0.27190,-2.67108,0.31269,-2.46912,0.35348,-2.26717,0.39465,-2.06521,0.43581,-1.86326,0.47697,-1.66131,0.51813,-1.48013,0.55929,-1.29896,0.60045,-1.11778,0.64162,-0.96321,0.68278,-0.80865,0.72394,-0.65408,0.76510,-0.53196,0.80625,-0.40984,0.84741,-0.28772,0.88844,-0.20816,0.92947,-0.12860,0.97050,-0.04905
3460,0.01267,-4.12587,0.05056,-3.92310,0.08845,-3.72034,0.12634,-3.51757,0.16125,-3.30396,0.19617,-3.09035,0.23109,-2.87674,0.27188,-2.67453,0.31268,-2.47231,0.35348,-2.27009,0.39464,-2.06788,0.43580,-1.86566,0.47696,-1.66345,0.51813,-1.48204,0.55929,-1.30063,0.60045,-1.11922,0.64161,-0.96446,0.68278,-0.80969,0.72394,-0.65492,0.76509,-0.53264,0.80625,-0.41037,0.84741,-0.28809,0.88844,-0.20843,0.92947,-0.12877,0.97050,-0.04911
3465,0.01266,-4.13056,0.05055,-3.92756,0.08844,-3.72457,0.12633,-3.52157,0.16125,-3.30772,0.19616,-3.09387,0.23107,-2.88002,0.27187,-2.67757,0.31267,-2.47512,0.35347,-2.27267,0.39463,-2.07023,0.43580,-1.86779,0.47696,-1.66534,0.51812,-1.48373,0.55928,-1.30211,0.60045,-1.12050,0.64161,-0.96555,0.68277,-0.81061,0.72394,-0.65567,0.76509,-0.53325,0.80625,-0.41083,0.84741,-0.28842,0.88844,-0.20867,0.92947,-0.12892,0.97050,-0.04916
3470,0.01265,-4.13463,0.05054,-3.93143,0.08844,-3.72824,0.12633,-3.52504,0.16124,-3.31098,0.19615,-3.09692,0.23106,-2.88286,0.27186,-2.68021,0.31266,-2.47756,0.35346,-2.27491,0.39463,-2.07227,0.43579,-1.86963,0.47695,-1.66699,0.51812,-1.48519,0.55928,-1.30340,0.60044,-1.12160,0.64161,-0.96651,0.68277,-0.81141,0.72393,-0.65631,0.76509,-0.53378,0.80625,-0.41124,0.84741,-0.28870,0.88844,-0.20887,0.92947,-0.12904,0.97050,-0.04921
3475,0.01264,-4.13807,0.05054,-3.93471,0.08843,-3.73134,0.12633,-3.52798,0.16123,-3.31374,0.19614,-3.09950,0.23105,-2.88526,0.27185,-2.68244,0.31266,-2.47963,0.35346,-2.27681,0.39462,-2.07400,0.43579,-1.87119,0.47695,-1.66838,0.51811,-1.48643,0.55928,-1.30448,0.60044,-1.12254,0.64160,-0.96731,0.68277,-0.81209,0.72393,-0.65686,0.76509,-0.53422,0.80625,-0.41158,0.84740,-0.28894,0.88843,-0.20904,0.92947,-0.12915,0.97050,-0.04925
3480,0.01264,-4.14089,0.05053,-3.93739,0.08843,-3.73388,0.12633,-3.53038,0.16123,-3.31600,0.19613,-3.10161,0.23104,-2.88723,0.27184,-2.68427,0.31265,-2.48132,0.35346,-2.27836,0.39462,-2.07541,0.43578,-1.87246,0.47695,-1.66951,0.51811,-1.48744,0.55927,-1.30537,0.60044,-1.12330,0.64160,-0.96797,0.68277,-0.81264,0.72393,-0.65731,0.76509,-0.53459,0.80625,-0.41186,0.84740,-0.28914,0.88843,-0.20919,0.92946,-0.12924,0.97050,-0.04929
3485,0.01263,-4.14308,0.05053,-3.93947,0.08843,-3.73586,0.12633,-3.53225,0.16123,-3.31775,0.19613,-3.10326,0.23103,-2.88876,0.27184,-2.68570,0.31264,-2.48263,0.35345,-2.27957,0.39462,-2.07651,0.43578,-1.87346,0.47694,-1.67040,0.51811,-1.48823,0.55927,-1.30607,0.60044,-1.12390,0.64160,-0.96849,0.68276,-0.81307,0.72393,-0.65766,0.76509,-0.53487,0.80624,-0.41208,0.84740,-0.28929,0.88843,-0.20930,0.92946,-0.12931,0.97050,-0.04931
3490,0.01263,-4.14465,0.05053,-3.94096,0.08843,-3.73727,0.12633,-3.53359,0.16122,-3.31901,0.19612,-3.10443,0.23102,-2.88985,0.27183,-2.68671,0.31264,-2.48357,0.35345,-2.28043,0.39462,-2.07730,0.43578,-1.87417,0.47694,-1.67103,0.51811,-1.48880,0.55927,-1.30656,0.60043,-1.12432,0.64160,-0.96885,0.68276,-0.81338,0.72393,-0.65791,0.76509,-0.53507,0.80624,-0.41224,0.84740,-0.28940,0.88843,-0.20938,0.92946,-0.12935,0.97050,-0.04933
3495,0.01263,-4.14559,0.05053,-3.94186,0.08843,-3.73812,0.12632,-3.53439,0.16122,-3.31976,0.19612,-3.10514,0.23102,-2.89051,0.27183,-2.68732,0.31264,-2.48414,0.35345,-2.28095,0.39461,-2.07777,0.43578,-1.87459,0.47694,-1.67141,0.51811,-1.48913,0.55927,-1.30686,0.60043,-1.12458,0.64160,-0.96907,0.68276,-0.81356,0.72393,-0.65806,0.76509,-0.53519,0.80624,-0.41233,0.84740,-0.28947,0.88843,-0.20942,0.92946,-0.12938,0.97050,-0.04934
3500,0.01263,-4.14591,0.05053,-3.94216,0.08842,-3.73841,0.12632,-3.53466,0.16122,-3.32001,0.19612,-3.10537,0.23102,-2.89073,0.27183,-2.68753,0.31264,-2.48433,0.35345,-2.28113,0.39461,-2.07793,0.43578,-1.87473,0.47694,-1.67154,0.51811,-1.48925,0.55927,-1.30696,0.60043,-1.12467,0.64160,-0.96915,0.68276,-0.81363,0.72393,-0.65811,0.76509,-0.53523,0.80624,-0.41236,0.84740,-0.28949,0.88843,-0.20944,0.92946,-0.12939,0.97050,-0.04935
3505,0.01263,-4.14559,0.05053,-3.94186,0.08843,-3.73813,0.12632,-3.53439,0.16122,-3.31976,0.19612,-3.10514,0.23102,-2.89051,0.27183,-2.68733,0.31264,-2.48414,0.35345,-2.28095,0.39461,-2.07777,0.43578,-1.87459,0.47694,-1.67141,0.51811,-1.48914,0.55927,-1.30686,0.60043,-1.12458,0.64160,-0.96907,0.68276,-0.81356,0.72393,-0.65806,0.76509,-0.53519,0.80624,-0.41233,0.84740,-0.28947,0.88843,-0.20942,0.92946,-0.12938,0.97050,-0.04934
3510,0.01263,-4.14466,0.05053,-3.94097,0.08843,-3.73728,0.12633,-3.53359,0.16122,-3.31901,0.19612,-3.10443,0.23102,-2.88986,0.27183,-2.68672,0.31264,-2.48358,0.35345,-2.28044,0.39462,-2.07730,0.43578,-1.87417,0.47694,-1.67103,0.51811,-1.48880,0.55927,-1.30656,0.60043,-1.12433,0.64160,-0.96885,0.68276,-0.81338,0.72393,-0.65791,0.76509,-0.53507,0.80624,-0.41224,0.84740,-0.28940,0.88843,-0.20938,0.92946,-0.12935,0.97050,-0.04933
3515,0.01263,-4.14309,0.05053,-3.93948,0.08843,-3.73587,0.12633,-3.53226,0.16123,-3.31776,0.19613,-3.10326,0.23103,-2.88876,0.27184,-2.68570,0.31264,-2.48264,0.35345,-2.27958,0.39462,-2.07652,0.43578,-1.87346,0.47694,-1.67040,0.51811,-1.48824,0.55927,-1.30607,0.60044,-1.12390,0.64160,-0.96849,0.68276,-0.81307,0.72393,-0.65766,0.76509,-0.53487,0.80624,-0.41208,0.84740,-0.28929,0.88843,-0.20930,0.92946,-0.12931,0.97050,-0.04931
3520,0.01264,-4.14090,0.05053,-3.93740,0.08843,-3.73389,0.12633,-3.53039,0.16123,-3.31600,0.19613,-3.10162,0.23104,-2.88723,0.27184,-2.68428,0.31265,-2.48132,0.35346,-2.27837,0.39462,-2.07542,0.43578,-1.87247,0.47695,-1.66952,0.51811,-1.48745,0.55927,-1.30538,0.60044,-1.12331,0.64160,-0.96797,0.68277,-0.81264,0.72393,-0.65731,0.76509,-0.53459,0.80625,-0.41186,0.84740,-0.28914,0.88843,-0.20919,0.92946,-0.12924,0.97050,-0.04929
3525,0.01264,-4.13808,0.05054,-3.93472,0.08843,-3.73135,0.12633,-3.52799,0.16123,-3.31375,0.19614,-3.09951,0.23105,-2.88527,0.27185,-2.68245,0.31266,-2.47963,0.35346,-2.27682,0.39462,-2.07401,0.43579,-1.87119,0.47695,-1.66838,0.51811,-1.48643,0.55928,-1.30449,0.60044,-1.12254,0.64160,-0.96732,0.68277,-0.81209,0.72393,-0.65686,0.76509,-0.53422,0.80625,-0.41158,0.84740,-0.28894,0.88843,-0.20905,0.92947,-0.12915,0.97050,-0.04925
3530,0.01265,-4.13464,0.05054,-3.93145,0.08844,-3.72825,0.12633,-3.52505,0.16124,-3.31099,0.19615,-3.09693,0.23106,-2.88287,0.27186,-2.68022,0.31266,-2.47757,0.35346,-2.27492,0.39463,-2.07228,0.43579,-1.86964,0.47695,-1.66699,0.51812,-1.48520,0.55928,-1.30340,0.60044,-1.12161,0.64161,-0.96651,0.68277,-0.81141,0.72393,-0.65632,0.76509,-0.53378,0.80625,-0.41124,0.84741,-0.28870,0.88844,-0.20887,0.92947,-0.12904,0.97050,-0.04921
3535,0.01266,-4.13058,0.05055,-3.92758,0.08844,-3.72458,0.12633,-3.52159,0.16125,-3.30773,0.19616,-3.09388,0.23107,-2.88003,0.27187,-2.67758,0.31267,-2.47513,0.35347,-2.27268,0.39463,-2.07024,0.43580,-1.86780,0.47696,-1.66535,0.51812,-1.48374,0.55928,-1.30212,0.60045,-1.12050,0.64161,-0.96556,0.68277,-0.81062,0.72394,-0.65567,0.76509,-0.53325,0.80625,-0.41084,0.84741,-0.28842,0.88844,-0.20867,0.92947,-0.12892,0.97050,-0.04916
3540,0.01267,-4.12589,0.05056,-3.92312,0.08845,-3.72036,0.12634,-3.51759,0.16125,-3.30398,0.19617,-3.09037,0.23109,-2.87676,0.27188,-2.67454,0.31268,-2.47232,0.35348,-2.27010,0.39464,-2.06789,0.43580,-1.86567,0.47696,-1.66346,0.51813,-1.48205,0.55929,-1.30064,0.60045,-1.11923,0.64161,-0.96446,0.68278,-0.80969,0.72394,-0.65493,0.76509,-0.53265,0.80625,-0.41037,0.84741,-0.28809,0.88844,-0.20843,0.92947,-0.12877,0.97050,-0.04911
3545,0.01268,-4.12058,0.05057,-3.91807,0.08845,-3.71557,0.12634,-3.51306,0.16126,-3.29973,0.19618,-3.08639,0.23111,-2.87305,0.27190,-2.67109,0.31269,-2.46914,0.35348,-2.26718,0.39465,-2.06522,0.43581,-1.86327,0.47697,-1.66132,0.51813,-1.48014,0.55929,-1.29896,0.60045,-1.11779,0.64162,-0.96322,0.68278,-0.80865,0.72394,-0.65408,0.76510,-0.53196,0.80625,-0.40984,0.84741,-0.28772,0.88844,-0.20816,0.92947,-0.12860,0.97050,-0.04905
3550,0.01269,-4.11465,0.05058,-3.91244,0.08846,-3.71022,0.12634,-3.50801,0.16127,-3.29498,0.19620,-3.08194,0.23113,-2.86891,0.27192,-2.66725,0.31270,-2.46558,0.35349,-2.26391,0.39465,-2.06225,0.43581,-1.86059,0.47698,-1.65892,0.51814,-1.47801,0.55930,-1.29709,0.60046,-1.11618,0.64162,-0.96183,0.68278,-0.80749,0.72394,-0.65314,0.76510,-0.53120,0.80626,-0.40925,0.84741,-0.28731,0.88844,-0.20786,0.92947,-0.12842,0.97050,-0.04898
3555,0.01271,-4.10810,0.05059,-3.90621,0.08847,-3.70432,0.12635,-3.50242,0.16128,-3.28973,0.19622,-3.07704,0.23115,-2.86434,0.27193,-2.66300,0.31272,-2.46165,0.35350,-2.26031,0.39466,-2.05896,0.43582,-1.85762,0.47698,-1.65628,0.51814,-1.47565,0.55930,-1.29503,0.60046,-1.11440,0.64163,-0.96030,0.68279,-0.80620,0.72395,-0.65210,0.76510,-0.53035,0.80626,-0.40860,0.84741,-0.28685,0.88844,-0.20753,0.92947,-0.12821,0.97050,-0.04890
3560,0.01272,-4.10094,0.05060,-3.89939,0.08848,-3.69785,0.12635,-3.49631,0.16129,-3.28399,0.19623,-3.07166,0.23118,-2.85934,0.27195,-2.65835,0.31273,-2.45735,0.35351,-2.25636,0.39467,-2.05537,0.43583,-1.85438,0.47699,-1.65339,0.51815,-1.47308,0.55931,-1.29276,0.60047,-1.11245,0.64163,-0.95862,0.68279,-0.80479,0.72395,-0.65096,0.76511,-0.52942,0.80626,-0.40789,0.84742,-0.28635,0.88844,-0.20717,0.92947,-0.12799,0.97050,-0.04881
3565,0.01274,-4.09315,0.05061,-3.89200,0.08848,-3.69084,0.12636,-3.48968,0.16131,-3.27775,0.19625,-3.06583,0.23120,-2.85391,0.27198,-2.65330,0.31275,-2.45269,0.35352,-2.25208,0.39468,-2.05147,0.43584,-1.85086,0.47700,-1.65025,0.51816,-1.47028,0.55932,-1.29031,0.60048,-1.11034,0.64164,-0.95680,0.68280,-0.80326,0.72396,-0.64973,0.76511,-0.52842,0.80626,-0.40711,0.84742,-0.28581,0.88845,-0.20678,0.92947,-0.12775,0.97050,-0.04872
3570,0.01276,-4.08476,0.05063,-3.88401,0.08849,-3.68327,0.12636,-3.48252,0.16132,-3.27103,0.19628,-3.05954,0.23123,-2.84805,0.27200,-2.64785,0.31277,-2.44765,0.35353,-2.24745,0.39469,-2.04725,0.43585,-1.84706,0.47701,-1.64686,0.51817,-1.46726,0.55933,-1.28766,0.60048,-1.10806,0.64164,-0.95484,0.68280,-0.80161,0.72396,-0.64839,0.76512,-0.52733,0.80627,-0.40628,0.84742,-0.28522,0.88845,-0.20635,0.92947,-0.12749,0.97050,-0.04862
3575,0.01278,-4.07575,0.05064,-3.87545,0.08850,-3.67514,0.12637,-3.47484,0.16133,-3.26381,0.19630,-3.05279,0.23127,-2.84176,0.27203,-2.64201,0.31279,-2.44225,0.35355,-2.24249,0.39470,-2.04274,0.43586,-1.84298,0.47702,-1.64322,0.51818,-1.46402,0.55933,-1.28482,0.60049,-1.10561,0.64165,-0.95273,0.68281,-0.79985,0.72397,-0.64696,0.76512,-0.52617,0.80627,-0.40538,0.84742,-0.28459,0.88845,-0.20590,0.92947,-0.12721,0.97050,-0.04851
3580,0.01280,-4.06614,0.05066,-3.86630,0.08851,-3.66647,0.12637,-3.46664,0.16135,-3.25611,0.19632,-3.04558,0.23130,-2.83505,0.27205,-2.63577,0.31281,-2.43648,0.35356,-2.23720,0.39472,-2.03791,0.43587,-1.83863,0.47703,-1.63934,0.51819,-1.46056,0.55934,-1.28178,0.60050,-1.10300,0.64166,-0.95048,0.68282,-0.79796,0.72397,-0.64543,0.76512,-0.52493,0.80628,-0.40442,0.84743,-0.28392,0.88845,-0.20541,0.92948,-0.12691,0.97050,-0.04840
3585,0.01282,-4.05591,0.05067,-3.85658,0.08853,-3.65725,0.12638,-3.45792,0.16136,-3.24792,0.19635,-3.03792,0.23134,-2.82792,0.27208,-2.62913,0.31283,-2.43035,0.35357,-2.23157,0.39473,-2.03278,0.43589,-1.83400,0.47704,-1.63522,0.51820,-1.45689,0.55935,-1.27856,0.60051,-1.10023,0.64167,-0.94809,0.68282,-0.79595,0.72398,-0.64381,0.76513,-0.52361,0.80628,-0.40341,0.84743,-0.28321,0.88845,-0.20490,0.92948,-0.12659,0.97050,-0.04828
3590,0.01284,-4.04509,0.05069,-3.84629,0.08854,-3.64749,0.12639,-3.44869,0.16138,-3.23925,0.19638,-3.02980,0.23137,-2.82036,0.27211,-2.62211,0.31285,-2.42386,0.35359,-2.22560,0.39474,-2.02735,0.43590,-1.82910,0.47705,-1.63085,0.51821,-1.45299,0.55936,-1.27514,0.60052,-1.09729,0.64167,-0.94555,0.68283,-0.79382,0.72399,-0.64209,0.76513,-0.52221,0.80628,-0.40233,0.84743,-0.28245,0.88846,-0.20435,0.92948,-0.12625,0.97050,-0.04815
3595,0.01287,-4.03366,0.05071,-3.83542,0.08855,-3.63718,0.12639,-3.43894,0.16140,-3.23009,0.19641,-3.02124,0.23141,-2.81238,0.27214,-2.61469,0.31287,-2.41700,0.35360,-2.21931,0.39476,-2.02162,0.43591,-1.82392,0.47707,-1.62623,0.51822,-1.44888,0.55937,-1.27153,0.60053,-1.09418,0.64168,-0.94288,0.68284,-0.79158,0.72399,-0.64027,0.76514,-0.52073,0.80629,-0.40119,0.84744,-0.28165,0.88846,-0.20377,0.92948,-0.12589,0.97050,-0.04801
3600,0.01289,-4.02163,0.05073,-3.82398,0.08856,-3.62633,0.12640,-3.42869,0.16142,-3.22045,0.19644,-3.01222,0.23146,-2.80399,0.27218,-2.60689,0.31290,-2.40979,0.35362,-2.21268,0.39477,-2.01558,0.43593,-1.81848,0.47708,-1.62138,0.51823,-1.44456,0.55939,-1.26774,0.60054,-1.09092,0.64169,-0.94006,0.68285,-0.78921,0.72400,-0.63836,0.76515,-0.51918,0.80629,-0.40000,0.84744,-0.28081,0.88846,-0.20317,0.92948,-0.12552,0.97050,-0.04787
3605,0.01292,-4.00901,0.05075,-3.81198,0.08858,-3.61495,0.12641,-3.41792,0.16144,-3.21034,0.19647,-3.00276,0.23150,-2.79518,0.27221,-2.59869,0.31293,-2.40221,0.35364,-2.20573,0.39479,-2.00925,0.43594,-1.81277,0.47709,-1.61628,0.51825,-1.44002,0.55940,-1.26375,0.60055,-1.08749,0.64170,-0.93711,0.68285,-0.78673,0.72401,-0.63636,0.76515,-0.51755,0.80630,-0.39874,0.84744,-0.27993,0.88846,-0.20253,0.92948,-0.12512,0.97050,-0.04772
3610,0.01295,-3.99579,0.05077,-3.79941,0.08859,-3.60303,0.12642,-3.40665,0.16146,-3.19975,0.19650,-2.99285,0.23155,-2.78595,0.27225,-2.59012,0.31295,-2.39429,0.35366,-2.19845,0.39481,-2.00262,0.43596,-1.80678,0.47711,-1.61095,0.51826,-1.43526,0.55941,-1.25958,0.60056,-1.08390,0.64171,-0.93402,0.68286,-0.78414,0.72401,-0.63426,0.76516,-0.51584,0.80630,-0.39743,0.84745,-0.27901,0.88847,-0.20186,0.92949,-0.12471,0.97050,-0.04756
3615,0.01298,-3.98198,0.05079,-3.78628,0.08861,-3.59058,0.12642,-3.39488,0.16148,-3.18869,0.19654,-2.98250,0.23160,-2.77631,0.27229,-2.58116,0.31298,-2.38600,0.35368,-2.19085,0.39482,-1.99569,0.43597,-1.80053,0.47712,-1.60537,0.51827,-1.43030,0.55942,-1.25522,0.60057,-1.08015,0.64172,-0.93079,0.68287,-0.78142,0.72402,-0.63206,0.76517,-0.51406,0.80631,-0.39605,0.84745,-0.27805,0.88847,-0.20116,0.92949,-0.12428,0.97051,-0.04740
3620,0.01301,-3.96759,0.05082,-3.77260,0.08863,-3.57760,0.12643,-3.38261,0.16150,-3.17716,0.19658,-2.97172,0.23165,-2.76627,0.27233,-2.57182,0.31301,-2.37737,0.35369,-2.18292,0.39484,-1.98847,0.43599,-1.79402,0.47714,-1.59957,0.51829,-1.42512,0.55944,-1.25068,0.60058,-1.07624,0.64173,-0.92742,0.68288,-0.77860,0.72403,-0.62978,0.76517,-0.51220,0.80631,-0.39462,0.84746,-0.27704,0.88847,-0.20044,0.92949,-0.12383,0.97051,-0.04723
3625,0.01304,-3.95261,0.05084,-3.75836,0.08864,-3.56410,0.12644,-3.36984,0.16153,-3.16516,0.19661,-2.96049,0.23170,-2.75582,0.27237,-2.56210,0.31304,-2.36839,0.35372,-2.17468,0.39486,-1.98096,0.43601,-1.78724,0.47716,-1.59352,0.51830,-1.41974,0.55945,-1.24595,0.60060,-1.07217,0.64174,-0.92391,0.68289,-0.77566,0.72404,-0.62740,0.76518,-0.51026,0.80632,-0.39313,0.84746,-0.27600,0.88848,-0.19968,0.92949,-0.12337,0.97051,-0.04705
3630,0.01308,-3.93706,0.05087,-3.74357,0.08866,-3.55007,0.12645,-3.35658,0.16155,-3.15270,0.19665,-2.94883,0.23176,-2.74496,0.27242,-2.55201,0.31308,-2.35906,0.35374,-2.16611,0.39488,-1.97315,0.43603,-1.78020,0.47717,-1.58724,0.51832,-1.41414,0.55946,-1.24105,0.60061,-1.06795,0.64176,-0.92027,0.68290,-0.77260,0.72405,-0.62493,0.76519,-0.50825,0.80633,-0.39158,0.84747,-0.27491,0.88848,-0.19890,0.92949,-0.12288,0.97051,-0.04686
3635,0.01311,-3.92093,0.05089,-3.72823,0.08868,-3.53553,0.12646,-3.34282,0.16158,-3.13978,0.19670,-2.93674,0.23181,-2.73370,0.27246,-2.54154,0.31311,-2.34939,0.35376,-2.15723,0.39490,-1.96506,0.43605,-1.77290,0.47719,-1.58073,0.51834,-1.40834,0.55948,-1.23596,0.60062,-1.06357,0.64177,-0.91650,0.68291,-0.76943,0.72406,-0.62236,0.76520,-0.50617,0.80633,-0.38998,0.84747,-0.27379,0.88848,-0.19808,0.92950,-0.12238,0.97051,-0.04667
3640,0.01315,-3.90423,0.05092,-3.71235,0.08870,-3.52046,0.12647,-3.32858,0.16161,-3.12640,0.19674,-2.92422,0.23187,-2.72205,0.27251,-2.53071,0.31315,-2.33937,0.35378,-2.14803,0.39492,-1.95668,0.43607,-1.76534,0.47721,-1.57399,0.51835,-1.40234,0.55949,-1.23069,0.60064,-1.05903,0.64178,-0.91259,0.68292,-0.76615,0.72407,-0.61971,0.76520,-0.50401,0.80634,-0.38832,0.84748,-0.27262,0.88849,-0.19724,0.92950,-0.12186,0.97051,-0.04647
3645,0.01318,-3.88696,0.05095,-3.69593,0.08872,-3.50489,0.12648,-3.31386,0.16163,-3.11257,0.19678,-2.91128,0.23193,-2.70999,0.27256,-2.51950,0.31318,-2.32901,0.35381,-2.13852,0.39495,-1.94802,0.43609,-1.75752,0.47723,-1.56702,0.51837,-1.39613,0.55951,-1.22524,0.60065,-1.05434,0.64179,-0.90855,0.68293,-0.76276,0.72408,-0.61697,0.76521,-0.50178,0.80635,-0.38660,0.84748,-0.27141,0.88849,-0.19637,0.92950,-0.12132,0.97051,-0.04627
3650,0.01322,-3.86913,0.05098,-3.67897,0.08874,-3.48881,0.12649,-3.29865,0.16166,-3.09829,0.19683,-2.89792,0.23200,-2.69755,0.27261,-2.50793,0.31322,-2.31832,0.35383,-2.12870,0.39497,-1.93908,0.43611,-1.74945,0.47725,-1.55983,0.51839,-1.38972,0.55953,-1.21961,0.60067,-1.04950,0.64181,-0.90438,0.68295,-0.75926,0.72409,-0.61413,0.76522,-0.49948,0.80635,-0.38483,0.84749,-0.27017,0.88850,-0.19547,0.92950,-0.12076,0.97051,-0.04606
3655,0.01326,-3.85074,0.05101,-3.66149,0.08876,-3.47223,0.12650,-3.28297,0.16169,-3.08355,0.19688,-2.88413,0.23206,-2.68471,0.27266,-2.49600,0.31326,-2.30729,0.35386,-2.11857,0.39499,-1.92985,0.43613,-1.74113,0.47727,-1.55240,0.51841,-1.38310,0.55954,-1.21380,0.60068,-1.04451,0.64182,-0.90007,0.68296,-0.75564,0.72410,-0.61121,0.76523,-0.49710,0.80636,-0.38300,0.84749,-0.26889,0.88850,-0.19454,0.92951,-0.12019,0.97051,-0.04584
3660,0.01330,-3.83180,0.05104,-3.64348,0.08878,-3.45515,0.12652,-3.26682,0.16172,-3.06838,0.19692,-2.86994,0.23213,-2.67149,0.27271,-2.48371,0.31330,-2.29593,0.35388,-2.10814,0.39502,-1.92035,0.43615,-1.73255,0.47729,-1.54476,0.51843,-1.37629,0.55956,-1.20783,0.60070,-1.03936,0.64184,-0.89564,0.68297,-0.75192,0.72411,-0.60820,0.76524,-0.49466,0.80637,-0.38111,0.84750,-0.26756,0.88850,-0.19358,0.92951,-0.11960,0.97051,-0.04561
3665,0.01335,-3.81231,0.05107,-3.62494,0.08880,-3.43757,0.12653,-3.25020,0.16175,-3.05276,0.19697,-2.85533,0.23220,-2.65789,0.27277,-2.47106,0.31334,-2.28423,0.35391,-2.09741,0.39504,-1.91057,0.43618,-1.72373,0.47731,-1.53689,0.51845,-1.36928,0.55958,-1.20168,0.60071,-1.03407,0.64185,-0.89108,0.68298,-0.74809,0.72412,-0.60511,0.76525,-0.49214,0.80638,-0.37917,0.84751,-0.26620,0.88851,-0.19260,0.92951,-0.11899,0.97052,-0.04538
3670,0.01339,-3.79227,0.05111,-3.60589,0.08882,-3.41950,0.12654,-3.23312,0.16178,-3.03671,0.19703,-2.84031,0.23227,-2.64390,0.27282,-2.45806,0.31338,-2.27222,0.35394,-2.08637,0.39507,-1.90052,0.43620,-1.71466,0.47733,-1.52880,0.51847,-1.36208,0.55960,-1.19535,0.60073,-1.02863,0.64186,-0.88639,0.68300,-0.74416,0.72413,-0.60192,0.76526,-0.48955,0.80639,-0.37718,0.84751,-0.26481,0.88851,-0.19159,0.92952,-0.11836,0.97052,-0.04514
3675,0.01343,-3.77170,0.05114,-3.58632,0.08885,-3.40095,0.12655,-3.21557,0.16182,-3.02023,0.19708,-2.82489,0.23234,-2.62954,0.27288,-2.44471,0.31342,-2.25988,0.35396,-2.07504,0.39510,-1.89019,0.43623,-1.70535,0.47736,-1.52050,0.51849,-1.35468,0.55962,-1.18886,0.60075,-1.02304,0.64188,-0.88158,0.68301,-0.74012,0.72414,-0.59866,0.76527,-0.48689,0.80639,-0.37513,0.84752,-0.26337,0.88852,-0.19055,0.92952,-0.11772,0.97052,-0.04490
3680,0.01348,-3.75059,0.05117,-3.56625,0.08887,-3.38191,0.12657,-3.19757,0.16185,-3.00332,0.19713,-2.80906,0.23241,-2.61481,0.27294,-2.43101,0.31347,-2.24721,0.35399,-2.06342,0.39512,-1.87960,0.43625,-1.69579,0.47738,-1.51198,0.51851,-1.34709,0.55964,-1.18220,0.60077,-1.01731,0.64190,-0.87664,0.68303,-0.73597,0.72416,-0.59530,0.76528,-0.48417,0.80640,-0.37303,0.84752,-0.26190,0.88852,-0.18948,0.92952,-0.11706,0.97052,-0.04465
3685,0.01353,-3.72895,0.05121,-3.54567,0.08889,-3.36240,0.12658,-3.17912,0.16188,-2.98598,0.19719,-2.79285,0.23249,-2.59971,0.27300,-2.41697,0.31351,-2.23423,0.35402,-2.05150,0.39515,-1.86875,0.43628,-1.68600,0.47740,-1.50324,0.51853,-1.33931,0.55966,-1.17537,0.60079,-1.01143,0.64191,-0.87157,0.68304,-0.73172,0.72417,-0.59186,0.76529,-0.48137,0.80641,-0.37088,0.84753,-0.26039,0.88853,-0.18839,0.92952,-0.11639,0.97052,-0.04439
3690,0.01357,-3.70679,0.05125,-3.52460,0.08892,-3.34241,0.12659,-3.16022,0.16192,-2.96823,0.19724,-2.77623,0.23257,-2.58424,0.27306,-2.40259,0.31356,-2.22094,0.35405,-2.03929,0.39518,-1.85763,0.43630,-1.67596,0.47743,-1.49430,0.51855,-1.33134,0.55968,-1.16837,0.60080,-1.00541,0.64193,-0.86639,0.68306,-0.72737,0.72418,-0.58834,0.76530,-0.47851,0.80642,-0.36867,0.84754,-0.25884,0.88853,-0.18727,0.92953,-0.11570,0.97052,-0.04413
3695,0.01362,-3.68411,0.05128,-3.50303,0.08895,-3.32196,0.12661,-3.14088,0.16195,-2.95006,0.19730,-2.75923,0.23265,-2.56841,0.27313,-2.38787,0.31361,-2.20734,0.35409,-2.02680,0.39521,-1.84625,0.43633,-1.66570,0.47745,-1.48514,0.51858,-1.32318,0.55970,-1.16122,0.60082,-0.99925,0.64195,-0.86108,0.68307,-0.72291,0.72419,-0.58474,0.76531,-0.47558,0.80643,-0.36642,0.84755,-0.25726,0.88854,-0.18612,0.92953,-0.11499,0.97052,-0.04386
3700,0.01367,-3.66091,0.05132,-3.48098,0.08897,-3.30104,0.12662,-3.12111,0.16199,-2.93148,0.19736,-2.74185,0.23273,-2.55222,0.27319,-2.37282,0.31366,-2.19343,0.35412,-2.01403,0.39524,-1.83461,0.43636,-1.65520,0.47748,-1.47578,0.51860,-1.31484,0.55972,-1.15390,0.60084,-0.99295,0.64196,-0.85565,0.68309,-0.71835,0.72421,-0.58105,0.76532,-0.47258,0.80644,-0.36411,0.84755,-0.25564,0.88854,-0.18495,0.92953,-0.11427,0.97053,-0.04358
3705,0.01372,-3.63721,0.05136,-3.45844,0.08900,-3.27967,0.12664,-3.10090,0.16203,-2.91249,0.19742,-2.72409,0.23282,-2.53568,0.27326,-2.35744,0.31371,-2.17921,0.35415,-2.00098,0.39527,-1.82272,0.43639,-1.64447,0.47751,-1.46622,0.51863,-1.30632,0.55974,-1.14642,0.60086,-0.98652,0.64198,-0.85011,0.68310,-0.71370,0.72422,-0.57729,0.76533,-0.46952,0.80645,-0.36175,0.84756,-0.25398,0.88855,-0.18376,0.92954,-0.11353,0.97053,-0.04330
3710,0.01378,-3.61301,0.05140,-3.43543,0.08903,-3.25785,0.12665,-3.08026,0.16207,-2.89310,0.19748,-2.70595,0.23290,-2.51879,0.27333,-2.34174,0.31376,-2.16469,0.35418,-1.98765,0.39530,-1.81058,0.43642,-1.63352,0.47753,-1.45645,0.51865,-1.29761,0.55977,-1.13878,0.60088,-0.97994,0.64200,-0.84444,0.68312,-0.70894,0.72423,-0.57344,0.76535,-0.46639,0.80646,-0.35934,0.84757,-0.25229,0.88855,-0.18253,0.92954,-0.11277,0.97053,-0.04301
3715,0.01383,-3.58832,0.05144,-3.41195,0.08905,-3.23557,0.12666,-3.05920,0.16211,-2.87332,0.19755,-2.68743,0.23299,-2.50155,0.27340,-2.32572,0.31381,-2.14988,0.35422,-1.97405,0.39533,-1.79819,0.43645,-1.62234,0.47756,-1.44648,0.51868,-1.28873,0.55979,-1.13098,0.60090,-0.97324,0.64202,-0.83866,0.68313,-0.70409,0.72425,-0.56952,0.76536,-0.46320,0.80647,-0.35689,0.84758,-0.25057,0.88856,-0.18129,0.92955,-0.11200,0.97053,-0.04272
3720,0.01388,-3.56313,0.05148,-3.38800,0.08908,-3.21286,0.12668,-3.03773,0.16215,-2.85314,0.19761,-2.66856,0.23308,-2.48397,0.27347,-2.30937,0.31386,-2.13477,0.35425,-1.96018,0.39536,-1.78556,0.43648,-1.61094,0.47759,-1.43631,0.51870,-1.27967,0.55981,-1.12304,0.60093,-0.96640,0.64204,-0.83277,0.68315,-0.69914,0.72426,-0.56552,0.76537,-0.45995,0.80648,-0.35438,0.84758,-0.24881,0.88857,-0.18002,0.92955,-0.11122,0.97053,-0.04242
3725,0.01394,-3.53746,0.05152,-3.36359,0.08911,-3.18971,0.12670,-3.01584,0.16219,-2.83258,0.19768,-2.64932,0.23317,-2.46605,0.27354,-2.29272,0.31391,-2.11938,0.35429,-1.94604,0.39540,-1.77268,0.43651,-1.59932,0.47762,-1.42595,0.51873,-1.27044,0.55984,-1.11493,0.60095,-0.95942,0.64206,-0.82676,0.68317,-0.69410,0.72428,-0.56144,0.76538,-0.45663,0.80649,-0.35183,0.84759,-0.24702,0.88857,-0.17872,0.92955,-0.11042,0.97053,-0.04211
3730,0.01400,-3.51132,0.05157,-3.33873,0.08914,-3.16614,0.12671,-2.99355,0.16223,-2.81163,0.19774,-2.62972,0.23326,-2.44781,0.27361,-2.27575,0.31397,-2.10370,0.35432,-1.93164,0.39543,-1.75956,0.43654,-1.58748,0.47765,-1.41540,0.51875,-1.26104,0.55986,-1.10668,0.60097,-0.95232,0.64208,-0.82064,0.68319,-0.68897,0.72429,-0.55729,0.76540,-0.45326,0.80650,-0.34923,0.84760,-0.24520,0.88858,-0.17740,0.92956,-0.10960,0.97053,-0.04180
3735,0.01405,-3.48470,0.05161,-3.31342,0.08917,-3.14214,0.12673,-2.97085,0.16227,-2.79031,0.19781,-2.60977,0.23335,-2.42923,0.27369,-2.25848,0.31402,-2.08773,0.35436,-1.91698,0.39547,-1.74621,0.43657,-1.57543,0.47768,-1.40466,0.51878,-1.25147,0.55989,-1.09828,0.60099,-0.94510,0.64210,-0.81442,0.68320,-0.68374,0.72431,-0.55306,0.76541,-0.44982,0.80651,-0.34658,0.84761,-0.24334,0.88858,-0.17606,0.92956,-0.10877,0.97054,-0.04149
3740,0.01411,-3.45762,0.05166,-3.28767,0.08920,-3.11772,0.12674,-2.94776,0.16231,-2.76862,0.19788,-2.58947,0.23345,-2.41033,0.27377,-2.24091,0.31408,-2.07149,0.35440,-1.90207,0.39550,-1.73262,0.43660,-1.56318,0.47771,-1.39373,0.51881,-1.24173,0.55991,-1.08974,0.60101,-0.93774,0.64212,-0.80808,0.68322,-0.67842,0.72432,-0.54876,0.76542,-0.44632,0.80652,-0.34389,0.84762,-0.24145,0.88859,-0.17469,0.92956,-0.10793,0.97054,-0.04117
3745,0.01417,-3.43009,0.05170,-3.26149,0.08923,-3.09289,0.12676,-2.92428,0.16236,-2.74656,0.19795,-2.56884,0.23355,-2.39111,0.27384,-2.22304,0.31414,-2.05497,0.35444,-1.88691,0.39554,-1.71881,0.43664,-1.55071,0.47774,-1.38262,0.51884,-1.23183,0.55994,-1.08105,0.60104,-0.93026,0.64214,-0.80164,0.68324,-0.67301,0.72434,-0.54438,0.76544,-0.44276,0.80653,-0.34115,0.84762,-0.23953,0.88860,-0.17330,0.92957,-0.10707,0.97054,-0.04084
3750,0.01423,-3.40210,0.05175,-3.23488,0.08926,-3.06765,0.12678,-2.90042,0.16240,-2.72414,0.19802,-2.54786,0.23365,-2.37158,0.27392,-2.20488,0.31420,-2.03819,0.35447,-1.87149,0.39557,-1.70477,0.43667,-1.53804,0.47777,-1.37132,0.51887,-1.22177,0.55996,-1.07222,0.60106,-0.92266,0.64216,-0.79509,0.68326,-0.66751,0.72436,-0.53994,0.76545,-0.43915,0.80654,-0.33836,0.84763,-0.23757,0.88860,-0.17188,0.92957,-0.10620,0.97054,-0.04051
3755,0.01429,-3.37368,0.05179,-3.20784,0.08929,-3.04201,0.12680,-2.87618,0.16245,-2.70137,0.19810,-2.52655,0.23375,-2.35174,0.27400,-2.18644,0.31426,-2.02114,0.35451,-1.85584,0.39561,-1.69051,0.43670,-1.52518,0.47780,-1.35985,0.51889,-1.21154,0.55999,-1.06324,0.60109,-0.91494,0.64218,-0.78843,0.68328,-0.66193,0.72437,-0.53542,0.76546,-0.43548,0.80655,-0.33553,0.84764,-0.23559,0.88861,-0.17045,0.92958,-0.10531,0.97054,-0.04017
3760,0.01435,-3.34481,0.05184,-3.18040,0.08933,-3.01598,0.12681,-2.85157,0.16249,-2.67824,0.19817,-2.50492,0.23385,-2.33159,0.27408,-2.16771,0.31432,-2.00382,0.35455,-1.83994,0.39565,-1.67603,0.43674,-1.51211,0.47783,-1.34819,0.51892,-1.20116,0.56002,-1.05413,0.60111,-0.90710,0.64220,-0.78168,0.68330,-0.65626,0.72439,-0.53083,0.76548,-0.43175,0.80656,-0.33266,0.84765,-0.23358,0.88862,-0.16899,0.92958,-0.10441,0.97055,-0.03983
3765,0.01442,-3.31552,0.05189,-3.15254,0.08936,-2.98957,0.12683,-2.82659,0.16254,-2.65477,0.19825,-2.48296,0.23395,-2.31114,0.27417,-2.14870,0.31438,-1.98625,0.35459,-1.82381,0.39568,-1.66133,0.43677,-1.49885,0.47786,-1.33637,0.51895,-1.19063,0.56004,-1.04489,0.60113,-0.89915,0.64223,-0.77482,0.68332,-0.65050,0.72441,-0.52618,0.76549,-0.42796,0.80658,-0.32975,0.84766,-0.23153,0.88862,-0.16751,0.92958,-0.10349,0.97055,-0.03948
3770,0.01448,-3.28580,0.05194,-3.12429,0.08939,-2.96277,0.12685,-2.80125,0.16259,-2.63097,0.19832,-2.46069,0.23406,-2.29040,0.27425,-2.12942,0.31444,-1.96843,0.35463,-1.80744,0.39572,-1.64642,0.43681,-1.48540,0.47790,-1.32438,0.51898,-1.17994,0.56007,-1.03551,0.60116,-0.89108,0.64225,-0.76787,0.68334,-0.64466,0.72442,-0.52146,0.76551,-0.42412,0.80659,-0.32679,0.84767,-0.22946,0.88863,-0.16601,0.92959,-0.10257,0.97055,-0.03912
3775,0.01455,-3.25567,0.05199,-3.09563,0.08943,-2.93560,0.12687,-2.77556,0.16263,-2.60683,0.19840,-2.43810,0.23416,-2.26937,0.27433,-2.10987,0.31450,-1.95036,0.35468,-1.79085,0.39576,-1.63131,0.43685,-1.47176,0.47793,-1.31222,0.51901,-1.16911,0.56010,-1.02600,0.60118,-0.88289,0.64227,-0.76082,0.68336,-0.63875,0.72444,-0.51667,0.76552,-0.42023,0.80660,-0.32379,0.84768,-0.22735,0.88864,-0.16449,0.92959,-0.10163,0.97055,-0.03877
3780,0.01461,-3.22514,0.05204,-3.06660,0.08946,-2.90806,0.12689,-2.74952,0.16268,-2.58237,0.19848,-2.41521,0.23427,-2.24806,0.27442,-2.09005,0.31457,-1.93204,0.35472,-1.77403,0.39580,-1.61599,0.43688,-1.45794,0.47796,-1.29989,0.51905,-1.15813,0.56013,-1.01636,0.60121,-0.87460,0.64229,-0.75367,0.68338,-0.63275,0.72446,-0.51182,0.76554,-0.41629,0.80661,-0.32076,0.84769,-0.22522,0.88864,-0.16295,0.92960,-0.10068,0.97055,-0.03840
3785,0.01468,-3.19420,0.05209,-3.03718,0.08950,-2.88016,0.12691,-2.72314,0.16273,-2.55758,0.19856,-2.39203,0.23438,-2.22647,0.27451,-2.06998,0.31463,-1.91349,0.35476,-1.75700,0.39584,-1.60047,0.43692,-1.44393,0.47800,-1.28740,0.51908,-1.14700,0.56016,-1.00660,0.60124,-0.86620,0.64232,-0.74644,0.68340,-0.62667,0.72448,-0.50691,0.76555,-0.41229,0.80662,-0.31768,0.84770,-0.22306,0.88865,-0.16139,0.92960,-0.09971,0.97055,-0.03803
3790,0.01475,-3.16287,0.05214,-3.00739,0.08953,-2.85191,0.12692,-2.69643,0.16278,-2.53249,0.19864,-2.36854,0.23449,-2.20460,0.27460,-2.04965,0.31470,-1.89470,0.35480,-1.73974,0.39588,-1.58475,0.43696,-1.42975,0.47803,-1.27476,0.51911,-1.13574,0.56019,-0.99671,0.60126,-0.85769,0.64234,-0.73910,0.68342,-0.62052,0.72450,-0.50193,0.76557,-0.40824,0.80664,-0.31456,0.84771,-0.22088,0.88866,-0.15981,0.92961,-0.09873,0.97056,-0.03766
3795,0.01482,-3.13116,0.05219,-2.97724,0.08957,-2.82331,0.12694,-2.66939,0.16283,-2.50708,0.19872,-2.34477,0.23460,-2.18247,0.27468,-2.02907,0.31477,-1.87567,0.35485,-1.72228,0.39592,-1.56884,0.43699,-1.41540,0.47807,-1.26196,0.51914,-1.12433,0.56022,-0.98671,0.60129,-0.84908,0.64236,-0.73168,0.68344,-0.61429,0.72451,-0.49689,0.76558,-0.40415,0.80665,-0.31141,0.84772,-0.21866,0.88866,-0.15820,0.92961,-0.09774,0.97056,-0.03729
3800,0.01488,-3.09907,0.05224,-2.94672,0.08960,-2.79438,0.12696,-2.64203,0.16288,-2.48137,0.19880,-2.32072,0.23472,-2.16007,0.27478,-2.00825,0.31483,-1.85643,0.35489,-1.70461,0.39596,-1.55274,0.43703,-1.40087,0.47810,-1.24901,0.51918,-1.11279,0.56025,-0.97658,0.60132,-0.84036,0.64239,-0.72417,0.68346,-0.60798,0.72453,-0.49179,0.76560,-0.40000,0.80666,-0.30821,0.84773,-0.21642,0.88867,-0.15658,0.92962,-0.09674,0.97056,-0.03690
3805,0.01495,-3.06662,0.05230,-2.91586,0.08964,-2.76511,0.12698,-2.61435,0.16293,-2.45537,0.19888,-2.29640,0.23483,-2.13742,0.27487,-1.98719,0.31490,-1.83696,0.35494,-1.68673,0.39600,-1.53646,0.43707,-1.38618,0.47814,-1.23591,0.51921,-1.10112,0.56028,-0.96634,0.60134,-0.83155,0.64241,-0.71658,0.68348,-0.60161,0.72455,-0.48664,0.76561,-0.39581,0.80668,-0.30498,0.84774,-0.21416,0.88868,-0.15495,0.92962,-0.09573,0.97056,-0.03652
3810,0.01503,-3.03380,0.05235,-2.88466,0.08968,-2.73551,0.12700,-2.58637,0.16299,-2.42908,0.19897,-2.27180,0.23495,-2.11451,0.27496,-1.96589,0.31497,-1.81728,0.35498,-1.66866,0.39605,-1.51999,0.43711,-1.37133,0.47818,-1.22266,0.51924,-1.08932,0.56031,-0.95598,0.60137,-0.82264,0.64244,-0.70890,0.68350,-0.59516,0.72457,-0.48142,0.76563,-0.39157,0.80669,-0.30172,0.84775,-0.21187,0.88869,-0.15329,0.92963,-0.09471,0.97056,-0.03613
3815,0.01510,-3.00063,0.05241,-2.85311,0.08972,-2.70560,0.12702,-2.55809,0.16304,-2.40251,0.19905,-2.24694,0.23507,-2.09136,0.27505,-1.94437,0.31504,-1.79738,0.35503,-1.65039,0.39609,-1.50335,0.43715,-1.35631,0.47821,-1.20927,0.51928,-1.07739,0.56034,-0.94551,0.60140,-0.81363,0.64246,-0.70114,0.68353,-0.58864,0.72459,-0.47615,0.76565,-0.38729,0.80670,-0.29842,0.84776,-0.20955,0.88869,-0.15161,0.92963,-0.09367,0.97057,-0.03573
3820,0.01517,-2.96712,0.05246,-2.82125,0.08975,-2.67538,0.12704,-2.52951,0.16309,-2.37566,0.19914,-2.22182,0.23518,-2.06797,0.27515,-1.92263,0.31511,-1.77728,0.35507,-1.63193,0.39613,-1.48654,0.43719,-1.34114,0.47825,-1.19575,0.51931,-1.06534,0.56037,-0.93493,0.60143,-0.80453,0.64249,-0.69329,0.68355,-0.58206,0.72461,-0.47083,0.76566,-0.38296,0.80671,-0.29509,0.84777,-0.20721,0.88870,-0.14992,0.92964,-0.09263,0.97057,-0.03534
3825,0.01524,-2.93327,0.05252,-2.78906,0.08979,-2.64485,0.12707,-2.50065,0.16314,-2.34855,0.19922,-2.19645,0.23530,-2.04434,0.27524,-1.90066,0.31518,-1.75698,0.35512,-1.61329,0.39618,-1.46956,0.43723,-1.32582,0.47829,-1.18208,0.51934,-1.05317,0.56040,-0.92425,0.60146,-0.79534,0.64251,-0.68537,0.68357,-0.57541,0.72463,-0.46545,0.76568,-0.37858,0.80673,-0.29172,0.84778,-0.20485,0.88871,-0.14821,0.92964,-0.09157,0.97057,-0.03493
3830,0.01532,-2.89909,0.05257,-2.75656,0.08983,-2.61403,0.12709,-2.47150,0.16320,-2.32117,0.19931,-2.17083,0.23542,-2.02049,0.27534,-1.87848,0.31525,-1.73648,0.35517,-1.59447,0.39622,-1.45241,0.43727,-1.31035,0.47833,-1.16829,0.51938,-1.04088,0.56043,-0.91347,0.60149,-0.78605,0.64254,-0.67738,0.68359,-0.56870,0.72465,-0.46002,0.76569,-0.37417,0.80674,-0.28832,0.84779,-0.20247,0.88872,-0.14649,0.92964,-0.09051,0.97057,-0.03453
3835,0.01539,-2.86460,0.05263,-2.72376,0.08987,-2.58292,0.12711,-2.44209,0.16325,-2.29353,0.19940,-2.14497,0.23555,-1.99641,0.27544,-1.85610,0.31532,-1.71579,0.35521,-1.57547,0.39626,-1.43510,0.43731,-1.29474,0.47836,-1.15437,0.51941,-1.02847,0.56046,-0.90258,0.60152,-0.77669,0.64257,-0.66930,0.68362,-0.56192,0.72467,-0.45454,0.76571,-0.36971,0.80676,-0.28489,0.84780,-0.20006,0.88872,-0.14475,0.92965,-0.08943,0.97057,-0.03412
3840,0.01547,-2.82979,0.05269,-2.69066,0.08991,-2.55154,0.12713,-2.41241,0.16331,-2.26565,0.19949,-2.11888,0.23567,-1.97212,0.27553,-1.83352,0.31540,-1.69491,0.35526,-1.55631,0.39631,-1.41764,0.43736,-1.27898,0.47840,-1.14032,0.51945,-1.01596,0.56050,-0.89159,0.60154,-0.76723,0.64259,-0.66116,0.68364,-0.55508,0.72469,-0.44901,0.76573,-0.36522,0.80677,-0.28142,0.84781,-0.19763,0.88873,-0.14299,0.92966,-0.08835,0.97058,-0.03370
3845,0.01554,-2.79468,0.05274,-2.65728,0.08995,-2.51988,0.12715,-2.38247,0.16336,-2.23752,0.19958,-2.09257,0.23579,-1.94762,0.27563,-1.81073,0.31547,-1.67385,0.35531,-1.53697,0.39635,-1.40003,0.43740,-1.26309,0.47844,-1.12615,0.51949,-1.00333,0.56053,-0.88051,0.60157,-0.75770,0.64262,-0.65294,0.68366,-0.54819,0.72471,-0.44343,0.76575,-0.36068,0.80678,-0.27793,0.84782,-0.19518,0.88874,-0.14122,0.92966,-0.08725,0.97058,-0.03329
3850,0.01562,-2.75928,0.05280,-2.62362,0.08999,-2.48795,0.12717,-2.35229,0.16342,-2.20916,0.19967,-2.06603,0.23592,-1.92291,0.27573,-1.78776,0.31555,-1.65262,0.35536,-1.51747,0.39640,-1.38227,0.43744,-1.24706,0.47848,-1.11186,0.51952,-0.99060,0.56056,-0.86934,0.60160,-0.74808,0.64265,-0.64466,0.68369,-0.54123,0.72473,-0.43781,0.76576,-0.35611,0.80680,-0.27441,0.84783,-0.19271,0.88875,-0.13943,0.92967,-0.08615,0.97058,-0.03287
3855,0.01570,-2.72360,0.05286,-2.58968,0.09003,-2.45577,0.12719,-2.32186,0.16348,-2.18057,0.19976,-2.03929,0.23604,-1.89800,0.27583,-1.76461,0.31562,-1.63121,0.35541,-1.49782,0.39645,-1.36437,0.43748,-1.23091,0.47852,-1.09745,0.51956,-0.97777,0.56060,-0.85808,0.60163,-0.73839,0.64267,-0.63631,0.68371,-0.53422,0.72475,-0.43214,0.76578,-0.35150,0.80681,-0.27086,0.84784,-0.19022,0.88876,-0.13763,0.92967,-0.08503,0.97058,-0.03244
3860,0.01577,-2.68763,0.05292,-2.55549,0.09007,-2.42334,0.12722,-2.29120,0.16353,-2.15176,0.19985,-2.01233,0.23617,-1.87290,0.27593,-1.74127,0.31570,-1.60964,0.35546,-1.47802,0.39649,-1.34632,0.43753,-1.21463,0.47856,-1.08294,0.51960,-0.96483,0.56063,-0.84673,0.60166,-0.72863,0.64270,-0.62789,0.68373,-0.52716,0.72477,-0.42642,0.76580,-0.34685,0.80683,-0.26728,0.84785,-0.18771,0.88877,-0.13581,0.92968,-0.08391,0.97059,-0.03201
3865,0.01585,-2.65141,0.05298,-2.52104,0.09011,-2.39067,0.12724,-2.26030,0.16359,-2.12274,0.19995,-1.98518,0.23630,-1.84761,0.27604,-1.71776,0.31577,-1.58791,0.35551,-1.45806,0.39654,-1.32815,0.43757,-1.19823,0.47860,-1.06832,0.51963,-0.95181,0.56066,-0.83530,0.60170,-0.71879,0.64273,-0.61941,0.68376,-0.52004,0.72479,-0.42067,0.76582,-0.34217,0.80684,-0.26368,0.84787,-0.18518,0.88877,-0.13398,0.92968,-0.08278,0.97059,-0.03158
3870,0.01593,-2.61492,0.05304,-2.48634,0.09015,-2.35777,0.12726,-2.22919,0.16365,-2.09351,0.20004,-1.95783,0.23643,-1.82215,0.27614,-1.69409,0.31585,-1.56603,0.35556,-1.43797,0.39659,-1.30984,0.43761,-1.18172,0.47864,-1.05359,0.51967,-0.93869,0.56070,-0.82378,0.60173,-0.70888,0.64275,-0.61088,0.68378,-0.51287,0.72481,-0.41487,0.76583,-0.33746,0.80686,-0.26005,0.84788,-0.18263,0.88878,-0.13214,0.92969,-0.08164,0.97059,-0.03115
3875,0.01601,-2.57819,0.05310,-2.45141,0.09019,-2.32464,0.12728,-2.19787,0.16371,-2.06408,0.20013,-1.93030,0.23656,-1.79651,0.27624,-1.67025,0.31592,-1.54400,0.35561,-1.41774,0.39663,-1.29141,0.43766,-1.16509,0.47868,-1.03876,0.51971,-0.92548,0.56073,-0.81219,0.60176,-0.69890,0.64278,-0.60228,0.68381,-0.50566,0.72483,-0.40904,0.76585,-0.33271,0.80687,-0.25639,0.84789,-0.18007,0.88879,-0.13028,0.92969,-0.08050,0.97059,-0.03071
3880,0.01609,-2.54121,0.05316,-2.41625,0.09023,-2.29130,0.12730,-2.16634,0.16377,-2.03446,0.20023,-1.90258,0.23669,-1.77070,0.27635,-1.64626,0.31600,-1.52182,0.35566,-1.39738,0.39668,-1.27286,0.43770,-1.14835,0.47872,-1.02384,0.51975,-0.91218,0.56077,-0.80052,0.60179,-0.68886,0.64281,-0.59363,0.68383,-0.49839,0.72485,-0.40316,0.76587,-0.32794,0.80689,-0.25271,0.84790,-0.17749,0.88880,-0.12842,0.92970,-0.07934,0.97060,-0.03027
3885,0.01617,-2.50401,0.05322,-2.38088,0.09027,-2.25775,0.12733,-2.13462,0.16382,-2.00466,0.20032,-1.87469,0.23682,-1.74473,0.27645,-1.62212,0.31608,-1.49950,0.35571,-1.37689,0.39673,-1.25420,0.43775,-1.13151,0.47876,-1.00882,0.51978,-0.89880,0.56080,-0.78878,0.60182,-0.67876,0.64284,-0.58492,0.68386,-0.49109,0.72488,-0.39725,0.76589,-0.32313,0.80690,-0.24901,0.84791,-0.17489,0.88881,-0.12654,0.92970,-0.07818,0.97060,-0.02983
3890,0.01625,-2.46658,0.05328,-2.34529,0.09032,-2.22399,0.12735,-2.10270,0.16388,-1.97467,0.20042,-1.84664,0.23695,-1.71861,0.27656,-1.59783,0.31616,-1.47705,0.35576,-1.35627,0.39678,-1.23542,0.43779,-1.11457,0.47881,-0.99371,0.51982,-0.88534,0.56084,-0.77697,0.60185,-0.66859,0.64287,-0.57616,0.68388,-0.48373,0.72490,-0.39130,0.76591,-0.31830,0.80691,-0.24529,0.84792,-0.17228,0.88882,-0.12465,0.92971,-0.07702,0.97060,-0.02939
3895,0.01633,-2.42894,0.05335,-2.30950,0.09036,-2.19005,0.12737,-2.07061,0.16394,-1.94452,0.20051,-1.81843,0.23709,-1.69234,0.27666,-1.57341,0.31624,-1.45448,0.35581,-1.33555,0.39683,-1.21654,0.43784,-1.09753,0.47885,-0.97852,0.51986,-0.87180,0.56087,-0.76509,0.60188,-0.65837,0.64290,-0.56735,0.68391,-0.47634,0.72492,-0.38532,0.76592,-0.31343,0.80693,-0.24154,0.84794,-0.16965,0.88882,-0.12275,0.92971,-0.07584,0.97060,-0.02894
3900,0.01641,-2.39110,0.05341,-2.27351,0.09040,-2.15593,0.12740,-2.03834,0.16400,-1.91420,0.20061,-1.79006,0.23722,-1.66593,0.27677,-1.54885,0.31632,-1.43178,0.35587,-1.31471,0.39687,-1.19755,0.43788,-1.08040,0.47889,-0.96325,0.51990,-0.85820,0.56091,-0.75314,0.60191,-0.64809,0.64292,-0.55850,0.68393,-0.46891,0.72494,-0.37931,0.76594,-0.30855,0.80695,-0.23778,0.84795,-0.16701,0.88883,-0.12084,0.92972,-0.07466,0.97060,-0.02849
3905,0.01649,-2.35306,0.05347,-2.23734,0.09044,-2.12163,0.12742,-2.00591,0.16406,-1.88373,0.20071,-1.76156,0.23735,-1.63938,0.27688,-1.52417,0.31640,-1.40896,0.35592,-1.29376,0.39692,-1.17847,0.43793,-1.06318,0.47893,-0.94790,0.51994,-0.84452,0.56094,-0.74114,0.60195,-0.63776,0.64295,-0.54960,0.68396,-0.46143,0.72496,-0.37327,0.76596,-0.30363,0.80696,-0.23399,0.84796,-0.16436,0.88884,-0.11892,0.92972,-0.07348,0.97061,-0.02804
3910,0.01658,-2.31484,0.05353,-2.20100,0.09049,-2.08716,0.12744,-1.97332,0.16412,-1.85311,0.20081,-1.73291,0.23749,-1.61270,0.27698,-1.49937,0.31648,-1.38604,0.35597,-1.27271,0.39697,-1.15930,0.43797,-1.04588,0.47897,-0.93247,0.51998,-0.83077,0.56098,-0.72908,0.60198,-0.62738,0.64298,-0.54065,0.68398,-0.45393,0.72499,-0.36720,0.76598,-0.29869,0.80698,-0.23019,0.84797,-0.16169,0.88885,-0.11699,0.92973,-0.07228,0.97061,-0.02758
3915,0.01666,-2.27645,0.05360,-2.16449,0.09053,-2.05253,0.12747,-1.94058,0.16419,-1.82235,0.20090,-1.70413,0.23762,-1.58590,0.27709,-1.47446,0.31656,-1.36301,0.35602,-1.25156,0.39702,-1.14003,0.43802,-1.02850,0.47902,-0.91697,0.52002,-0.81697,0.56101,-0.71696,0.60201,-0.61695,0.64301,-0.53167,0.68401,-0.44638,0.72501,-0.36110,0.76600,-0.29373,0.80699,-0.22637,0.84798,-0.15901,0.88886,-0.11505,0.92974,-0.07109,0.97061,-0.02713
3920,0.01674,-2.23789,0.05366,-2.12782,0.09057,-2.01776,0.12749,-1.90770,0.16425,-1.79146,0.20100,-1.67523,0.23776,-1.55899,0.27720,-1.44944,0.31664,-1.33988,0.35608,-1.23033,0.39707,-1.12069,0.43807,-1.01105,0.47906,-0.90141,0.52006,-0.80310,0.56105,-0.70479,0.60204,-0.60648,0.64304,-0.52264,0.68403,-0.43881,0.72503,-0.35497,0.76602,-0.28875,0.80701,-0.22254,0.84799,-0.15632,0.88887,-0.11310,0.92974,-0.06988,0.97061,-0.02667
3925,0.01683,-2.19917,0.05372,-2.09101,0.09062,-1.98285,0.12751,-1.87468,0.16431,-1.76045,0.20110,-1.64621,0.23790,-1.53197,0.27731,-1.42431,0.31672,-1.31666,0.35613,-1.20901,0.39712,-1.10126,0.43811,-0.99352,0.47910,-0.88578,0.52009,-0.78918,0.56109,-0.69257,0.60208,-0.59597,0.64307,-0.51358,0.68406,-0.43120,0.72505,-0.34882,0.76604,-0.28375,0.80702,-0.21868,0.84801,-0.15362,0.88888,-0.11115,0.92975,-0.06868,0.97062,-0.02621
3930,0.01691,-2.16031,0.05379,-2.05405,0.09066,-1.94780,0.12754,-1.84155,0.16437,-1.72931,0.20120,-1.61708,0.23803,-1.50484,0.27742,-1.39910,0.31680,-1.29335,0.35618,-1.18760,0.39717,-1.08177,0.43816,-0.97593,0.47915,-0.87009,0.52013,-0.77520,0.56112,-0.68031,0.60211,-0.58541,0.64310,-0.50449,0.68409,-0.42357,0.72507,-0.34265,0.76606,-0.27873,0.80704,-0.21482,0.84802,-0.15090,0.88889,-0.10918,0.92975,-0.06746,0.97062,-0.02575
3935,0.01699,-2.12131,0.05385,-2.01697,0.09071,-1.91263,0.12756,-1.80829,0.16443,-1.69807,0.20130,-1.58785,0.23817,-1.47762,0.27753,-1.37379,0.31688,-1.26996,0.35624,-1.16612,0.39722,-1.06220,0.43821,-0.95828,0.47919,-0.85435,0.52017,-0.76118,0.56116,-0.66800,0.60214,-0.57482,0.64313,-0.49536,0.68411,-0.41591,0.72510,-0.33645,0.76608,-0.27369,0.80705,-0.21094,0.84803,-0.14818,0.88889,-0.10722,0.92976,-0.06625,0.97062,-0.02528
3940,0.01708,-2.08218,0.05391,-1.97977,0.09075,-1.87735,0.12758,-1.77493,0.16449,-1.66672,0.20140,-1.55852,0.23831,-1.45031,0.27764,-1.34840,0.31696,-1.24649,0.35629,-1.14458,0.39727,-1.04257,0.43825,-0.94057,0.47923,-0.83856,0.52021,-0.74711,0.56119,-0.65565,0.60218,-0.56420,0.64316,-0.48621,0.68414,-0.40822,0.72512,-0.33023,0.76609,-0.26864,0.80707,-0.20705,0.84804,-0.14545,0.88890,-0.10524,0.92976,-0.06503,0.97062,-0.02482
3945,0.01716,-2.04294,0.05398,-1.94245,0.09079,-1.84196,0.12761,-1.74147,0.16456,-1.63529,0.20150,-1.52910,0.23845,-1.42292,0.27775,-1.32294,0.31705,-1.22295,0.35634,-1.12296,0.39732,-1.02288,0.43830,-0.92280,0.47928,-0.82272,0.52025,-0.73299,0.56123,-0.64327,0.60221,-0.55354,0.64319,-0.47702,0.68416,-0.40051,0.72514,-0.32400,0.76611,-0.26357,0.80708,-0.20314,0.84806,-0.14271,0.88891,-0.10326,0.92977,-0.06380,0.97063,-0.02435
3950,0.01725,-2.00359,0.05404,-1.90503,0.09084,-1.80647,0.12763,-1.70791,0.16462,-1.60376,0.20160,-1.49961,0.23859,-1.39546,0.27786,-1.29740,0.31713,-1.19935,0.35640,-1.10129,0.39737,-1.00314,0.43835,-0.90499,0.47932,-0.80684,0.52029,-0.71884,0.56127,-0.63085,0.60224,-0.54285,0.64322,-0.46782,0.68419,-0.39278,0.72517,-0.31775,0.76613,-0.25849,0.80710,-0.19923,0.84807,-0.13997,0.88892,-0.10127,0.92977,-0.06258,0.97063,-0.02388
3955,0.01733,-1.96414,0.05411,-1.86752,0.09088,-1.77089,0.12766,-1.67427,0.16468,-1.57216,0.20170,-1.47004,0.23873,-1.36792,0.27797,-1.27180,0.31721,-1.17569,0.35645,-1.07957,0.39742,-0.98335,0.43839,-0.88713,0.47936,-0.79091,0.52033,-0.70466,0.56131,-0.61840,0.60228,-0.53214,0.64325,-0.45858,0.68422,-0.38503,0.72519,-0.31148,0.76615,-0.25339,0.80712,-0.19530,0.84808,-0.13721,0.88893,-0.09928,0.92978,-0.06135,0.97063,-0.02341
3960,0.01742,-1.92460,0.05417,-1.82992,0.09093,-1.73524,0.12768,-1.64056,0.16474,-1.54048,0.20181,-1.44040,0.23887,-1.34033,0.27808,-1.24615,0.31729,-1.15197,0.35651,-1.05779,0.39747,-0.96351,0.43844,-0.86923,0.47941,-0.77496,0.52038,-0.69044,0.56134,-0.60592,0.60231,-0.52140,0.64328,-0.44933,0.68424,-0.37726,0.72521,-0.30520,0.76617,-0.24828,0.80713,-0.19137,0.84809,-0.13445,0.88894,-0.09728,0.92979,-0.06011,0.97063,-0.02294
3965,0.01751,-1.88498,0.05424,-1.79225,0.09097,-1.69951,0.12771,-1.60678,0.16481,-1.50874,0.20191,-1.41071,0.23901,-1.31268,0.27819,-1.22044,0.31738,-1.12821,0.35656,-1.03597,0.39753,-0.94364,0.43849,-0.85130,0.47945,-0.75897,0.52042,-0.67619,0.56138,-0.59341,0.60234,-0.51064,0.64331,-0.44006,0.68427,-0.36948,0.72523,-0.29890,0.76619,-0.24317,0.80715,-0.18743,0.84810,-0.13169,0.88895,-0.09528,0.92979,-0.05888,0.97064,-0.02247
3970,0.01759,-1.84530,0.05430,-1.75451,0.09102,-1.66373,0.12773,-1.57294,0.16487,-1.47695,0.20201,-1.38096,0.23915,-1.28498,0.27830,-1.19469,0.31746,-1.10440,0.35662,-1.01412,0.39758,-0.92373,0.43854,-0.83334,0.47950,-0.74295,0.52046,-0.66192,0.56142,-0.58089,0.60238,-0.49986,0.64334,-0.43077,0.68430,-0.36169,0.72526,-0.29260,0.76621,-0.23804,0.80716,-0.18348,0.84812,-0.12892,0.88896,-0.09328,0.92980,-0.05764,0.97064,-0.02200
3975,0.01768,-1.80556,0.05437,-1.71672,0.09106,-1.62788,0.12775,-1.53905,0.16493,-1.44511,0.20211,-1.35117,0.23929,-1.25724,0.27842,-1.16890,0.31754,-1.08057,0.35667,-0.99223,0.39763,-0.90379,0.43858,-0.81535,0.47954,-0.72691,0.52050,-0.64763,0.56145,-0.56835,0.60241,-0.48907,0.64337,-0.42147,0.68432,-0.35388,0.72528,-0.28628,0.76623,-0.23290,0.80718,-0.17952,0.84813,-0.12614,0.88897,-0.09127,0.92980,-0.05640,0.97064,-0.02153
3980,0.01776,-1.76576,0.05443,-1.67888,0.09111,-1.59200,0.12778,-1.50512,0.16500,-1.41323,0.20221,-1.32135,0.23943,-1.22946,0.27853,-1.14308,0.31763,-1.05670,0.35673,-0.97031,0.39768,-0.88382,0.43863,-0.79733,0.47958,-0.71084,0.52054,-0.63332,0.56149,-0.55579,0.60244,-0.47826,0.64340,-0.41216,0.68435,-0.34606,0.72530,-0.27996,0.76625,-0.22776,0.80720,-0.17556,0.84814,-0.12337,0.88898,-0.08926,0.92981,-0.05516,0.97064,-0.02106
3985,0.01785,-1.72593,0.05450,-1.64100,0.09115,-1.55608,0.12780,-1.47115,0.16506,-1.38132,0.20231,-1.29149,0.23957,-1.20166,0.27864,-1.11723,0.31771,-1.03281,0.35678,-0.94838,0.39773,-0.86384,0.43868,-0.77930,0.47963,-0.69477,0.52058,-0.61899,0.56153,-0.54322,0.60248,-0.46744,0.64343,-0.40284,0.68438,-0.33824,0.72533,-0.27363,0.76627,-0.22262,0.80721,-0.17160,0.84815,-0.12059,0.88898,-0.08725,0.92982,-0.05392,0.97065,-0.02058
3990,0.01793,-1.68607,0.05457,-1.60310,0.09120,-1.52013,0.12783,-1.43716,0.16512,-1.34939,0.20242,-1.26161,0.23971,-1.17384,0.27875,-1.09137,0.31779,-1.00890,0.35684,-0.92642,0.39778,-0.84384,0.43873,-0.76126,0.47967,-0.67868,0.52062,-0.60466,0.56156,-0.53064,0.60251,-0.45662,0.64346,-0.39351,0.68440,-0.33041,0.72535,-0.26730,0.76629,-0.21747,0.80723,-0.16764,0.84817,-0.11780,0.88899,-0.08524,0.92982,-0.05267,0.97065,-0.02011
3995,0.01802,-1.64619,0.05463,-1.56518,0.09124,-1.48417,0.12785,-1.40316,0.16518,-1.31744,0.20252,-1.23172,0.23985,-1.14600,0.27886,-1.06549,0.31788,-0.98497,0.35689,-0.90446,0.39783,-0.82383,0.43878,-0.74321,0.47972,-0.66258,0.52066,-0.59031,0.56160,-0.51805,0.60254,-0.44579,0.64349,-0.38418,0.68443,-0.32257,0.72537,-0.26096,0.76631,-0.21232,0.80724,-0.16367,0.84818,-0.11502,0.88900,-0.08323,0.92983,-0.05143,0.97065,-0.01963
